filename,split
United_States_002833.xml,train
United_States_004449.xml,train
United_States_003687.xml,train
United_States_003533.xml,train
United_States_001910.xml,train
United_States_001893.xml,train
United_States_003378.xml,train
United_States_000533.xml,train
United_States_002667.xml,train
United_States_003992.xml,train
United_States_001249.xml,train
United_States_003775.xml,train
United_States_003506.xml,train
United_States_004220.xml,train
United_States_002640.xml,train
United_States_003833.xml,train
United_States_000191.xml,train
United_States_000998.xml,train
United_States_002690.xml,train
United_States_000355.xml,train
United_States_004587.xml,train
United_States_003866.xml,train
United_States_003551.xml,train
United_States_003703.xml,train
United_States_000749.xml,train
United_States_001253.xml,train
United_States_004125.xml,train
United_States_000334.xml,train
United_States_001022.xml,train
United_States_003002.xml,train
United_States_001988.xml,train
United_States_000969.xml,train
United_States_001315.xml,train
United_States_002960.xml,train
United_States_001103.xml,train
United_States_001267.xml,train
United_States_004092.xml,train
United_States_000671.xml,train
United_States_001728.xml,train
United_States_001675.xml,train
United_States_001088.xml,train
United_States_003586.xml,train
United_States_004776.xml,train
United_States_001822.xml,train
United_States_000025.xml,train
United_States_000418.xml,train
United_States_002895.xml,train
United_States_002096.xml,train
United_States_001916.xml,train
United_States_002253.xml,train
United_States_003219.xml,train
United_States_000378.xml,train
United_States_000706.xml,train
United_States_001478.xml,train
United_States_004613.xml,train
United_States_000020.xml,train
United_States_002794.xml,train
United_States_002479.xml,train
United_States_000997.xml,train
United_States_002676.xml,train
United_States_000138.xml,train
United_States_000850.xml,train
United_States_002292.xml,train
United_States_001846.xml,train
United_States_001146.xml,train
United_States_004492.xml,train
United_States_003153.xml,train
United_States_001341.xml,train
United_States_003135.xml,train
United_States_001594.xml,train
United_States_003129.xml,train
United_States_004674.xml,train
United_States_002369.xml,train
United_States_004456.xml,train
United_States_003273.xml,train
United_States_001656.xml,train
United_States_003657.xml,train
United_States_004235.xml,train
United_States_003980.xml,train
United_States_002703.xml,train
United_States_001426.xml,train
United_States_003220.xml,train
United_States_001325.xml,train
United_States_004489.xml,train
United_States_002922.xml,train
United_States_001392.xml,train
United_States_003229.xml,train
United_States_001966.xml,train
United_States_000203.xml,train
United_States_002299.xml,train
United_States_002685.xml,train
United_States_000037.xml,train
United_States_002957.xml,train
United_States_002864.xml,train
United_States_004241.xml,train
United_States_003638.xml,train
United_States_004771.xml,train
United_States_001026.xml,train
United_States_003777.xml,train
United_States_004781.xml,train
United_States_002082.xml,train
United_States_003751.xml,train
United_States_003652.xml,train
United_States_002013.xml,train
United_States_002389.xml,train
United_States_004013.xml,train
United_States_000846.xml,train
United_States_001218.xml,train
United_States_002221.xml,train
United_States_004089.xml,train
United_States_003242.xml,train
United_States_004549.xml,train
United_States_002584.xml,train
United_States_004172.xml,train
United_States_002283.xml,train
United_States_002770.xml,train
United_States_000631.xml,train
United_States_003778.xml,train
United_States_000387.xml,train
United_States_003253.xml,train
United_States_000056.xml,train
United_States_002258.xml,train
United_States_002500.xml,train
United_States_002046.xml,train
United_States_004522.xml,train
United_States_002301.xml,train
United_States_001529.xml,train
United_States_000700.xml,train
United_States_003275.xml,train
United_States_002914.xml,train
United_States_001615.xml,train
United_States_000904.xml,train
United_States_001855.xml,train
United_States_003032.xml,train
United_States_002273.xml,train
United_States_001025.xml,train
United_States_004715.xml,train
United_States_003815.xml,train
United_States_000376.xml,train
United_States_003809.xml,train
United_States_000616.xml,train
United_States_001465.xml,train
United_States_002152.xml,train
United_States_003393.xml,train
United_States_001690.xml,train
United_States_003236.xml,train
United_States_001824.xml,train
United_States_004762.xml,train
United_States_001611.xml,train
United_States_001384.xml,train
United_States_002303.xml,train
United_States_004724.xml,train
United_States_001132.xml,train
United_States_001445.xml,train
United_States_003274.xml,train
United_States_003618.xml,train
United_States_000169.xml,train
United_States_004045.xml,train
United_States_004250.xml,train
United_States_000895.xml,train
United_States_003727.xml,train
United_States_003394.xml,train
United_States_004201.xml,train
United_States_001524.xml,train
United_States_004468.xml,train
United_States_003685.xml,train
United_States_002764.xml,train
United_States_004271.xml,train
United_States_002199.xml,train
United_States_000357.xml,train
United_States_000492.xml,train
United_States_002372.xml,train
United_States_002610.xml,train
United_States_004636.xml,train
United_States_003540.xml,train
United_States_002858.xml,train
United_States_002166.xml,train
United_States_000550.xml,train
United_States_000878.xml,train
United_States_000432.xml,train
United_States_001687.xml,train
United_States_004334.xml,train
United_States_001977.xml,train
United_States_000022.xml,train
United_States_004034.xml,train
United_States_001046.xml,train
United_States_000769.xml,train
United_States_000905.xml,train
United_States_000526.xml,train
United_States_001456.xml,train
United_States_002161.xml,train
United_States_003507.xml,train
United_States_003160.xml,train
United_States_004663.xml,train
United_States_001761.xml,train
United_States_002089.xml,train
United_States_002160.xml,train
United_States_003636.xml,train
United_States_004285.xml,train
United_States_003469.xml,train
United_States_000490.xml,train
United_States_000611.xml,train
United_States_001436.xml,train
United_States_003418.xml,train
United_States_001854.xml,train
United_States_002951.xml,train
United_States_001790.xml,train
United_States_003147.xml,train
United_States_002346.xml,train
United_States_002549.xml,train
United_States_004159.xml,train
United_States_001657.xml,train
United_States_000288.xml,train
United_States_003816.xml,train
United_States_000294.xml,train
United_States_002655.xml,train
United_States_001907.xml,train
United_States_002683.xml,train
United_States_003266.xml,train
United_States_003037.xml,train
United_States_002376.xml,train
United_States_003351.xml,train
United_States_003669.xml,train
United_States_002921.xml,train
United_States_003700.xml,train
United_States_004406.xml,train
United_States_001558.xml,train
United_States_004115.xml,train
United_States_000866.xml,train
United_States_002666.xml,train
United_States_000451.xml,train
United_States_003987.xml,train
United_States_003190.xml,train
United_States_003310.xml,train
United_States_001306.xml,train
United_States_002721.xml,train
United_States_003445.xml,train
United_States_001740.xml,train
United_States_002300.xml,train
United_States_004076.xml,train
United_States_004597.xml,train
United_States_002224.xml,train
United_States_000414.xml,train
United_States_000285.xml,train
United_States_003461.xml,train
United_States_001503.xml,train
United_States_003159.xml,train
United_States_001838.xml,train
United_States_000210.xml,train
United_States_000289.xml,train
United_States_003852.xml,train
United_States_000950.xml,train
United_States_001584.xml,train
United_States_001667.xml,train
United_States_001717.xml,train
United_States_000137.xml,train
United_States_000348.xml,train
United_States_000353.xml,train
United_States_004189.xml,train
United_States_000947.xml,train
United_States_000047.xml,train
United_States_003976.xml,train
United_States_004068.xml,train
United_States_002780.xml,train
United_States_000679.xml,train
United_States_002308.xml,train
United_States_003532.xml,train
United_States_001859.xml,train
United_States_003851.xml,train
United_States_000372.xml,train
United_States_002596.xml,train
United_States_002969.xml,train
United_States_000391.xml,train
United_States_002812.xml,train
United_States_002736.xml,train
United_States_001080.xml,train
United_States_002157.xml,train
United_States_000772.xml,train
United_States_000716.xml,train
United_States_000959.xml,train
United_States_001165.xml,train
United_States_003332.xml,train
United_States_003982.xml,train
United_States_000934.xml,train
United_States_003634.xml,train
United_States_000330.xml,train
United_States_001751.xml,train
United_States_003243.xml,train
United_States_002181.xml,train
United_States_000935.xml,train
United_States_002003.xml,train
United_States_002504.xml,train
United_States_002938.xml,train
United_States_003538.xml,train
United_States_000525.xml,train
United_States_000261.xml,train
United_States_001934.xml,train
United_States_002583.xml,train
United_States_004209.xml,train
United_States_001476.xml,train
United_States_004458.xml,train
United_States_003859.xml,train
United_States_000439.xml,train
United_States_003046.xml,train
United_States_003009.xml,train
United_States_004629.xml,train
United_States_003578.xml,train
United_States_000656.xml,train
United_States_002849.xml,train
United_States_001300.xml,train
United_States_000032.xml,train
United_States_003008.xml,train
United_States_001508.xml,train
United_States_001305.xml,train
United_States_000889.xml,train
United_States_002023.xml,train
United_States_004447.xml,train
United_States_002757.xml,train
United_States_001592.xml,train
United_States_002375.xml,train
United_States_000594.xml,train
United_States_002815.xml,train
United_States_000817.xml,train
United_States_002514.xml,train
United_States_001265.xml,train
United_States_003499.xml,train
United_States_001677.xml,train
United_States_001785.xml,train
United_States_004309.xml,train
United_States_003293.xml,train
United_States_004518.xml,train
United_States_002184.xml,train
United_States_004227.xml,train
United_States_001416.xml,train
United_States_003644.xml,train
United_States_002342.xml,train
United_States_001050.xml,train
United_States_002100.xml,train
United_States_000229.xml,train
United_States_000400.xml,train
United_States_002803.xml,train
United_States_004537.xml,train
United_States_002765.xml,train
United_States_001989.xml,train
United_States_000630.xml,train
United_States_000339.xml,train
United_States_004389.xml,train
United_States_002383.xml,train
United_States_004367.xml,train
United_States_001512.xml,train
United_States_004230.xml,train
United_States_001107.xml,train
United_States_004152.xml,train
United_States_000146.xml,train
United_States_001447.xml,train
United_States_003907.xml,train
United_States_002745.xml,train
United_States_002937.xml,train
United_States_000162.xml,train
United_States_002229.xml,train
United_States_002446.xml,train
United_States_001943.xml,train
United_States_000804.xml,train
United_States_001254.xml,train
United_States_002270.xml,train
United_States_001247.xml,train
United_States_002088.xml,train
United_States_001231.xml,train
United_States_001431.xml,train
United_States_001326.xml,train
United_States_004418.xml,train
United_States_004278.xml,train
United_States_002892.xml,train
United_States_001829.xml,train
United_States_003818.xml,train
United_States_002124.xml,train
United_States_001321.xml,train
United_States_001563.xml,train
United_States_000473.xml,train
United_States_001164.xml,train
United_States_001148.xml,train
United_States_004249.xml,train
United_States_003097.xml,train
United_States_002875.xml,train
United_States_003970.xml,train
United_States_002080.xml,train
United_States_000413.xml,train
United_States_004335.xml,train
United_States_003935.xml,train
United_States_001649.xml,train
United_States_001205.xml,train
United_States_001659.xml,train
United_States_002398.xml,train
United_States_002949.xml,train
United_States_002856.xml,train
United_States_000568.xml,train
United_States_000669.xml,train
United_States_004679.xml,train
United_States_000842.xml,train
United_States_004104.xml,train
United_States_003773.xml,train
United_States_004532.xml,train
United_States_001461.xml,train
United_States_002869.xml,train
United_States_000421.xml,train
United_States_001186.xml,train
United_States_002464.xml,train
United_States_001797.xml,train
United_States_001160.xml,train
United_States_004382.xml,train
United_States_003251.xml,train
United_States_002991.xml,train
United_States_001081.xml,train
United_States_002265.xml,train
United_States_003550.xml,train
United_States_001655.xml,train
United_States_003641.xml,train
United_States_003721.xml,train
United_States_003860.xml,train
United_States_004521.xml,train
United_States_004162.xml,train
United_States_001537.xml,train
United_States_002971.xml,train
United_States_000282.xml,train
United_States_003407.xml,train
United_States_001691.xml,train
United_States_001643.xml,train
United_States_002723.xml,train
United_States_000768.xml,train
United_States_004064.xml,train
United_States_001680.xml,train
United_States_003168.xml,train
United_States_002035.xml,train
United_States_003256.xml,train
United_States_002382.xml,train
United_States_002974.xml,train
United_States_001389.xml,train
United_States_000891.xml,train
United_States_003375.xml,train
United_States_004219.xml,train
United_States_003425.xml,train
United_States_003133.xml,train
United_States_003528.xml,train
United_States_000972.xml,train
United_States_001045.xml,train
United_States_000448.xml,train
United_States_001685.xml,train
United_States_004186.xml,train
United_States_004351.xml,train
United_States_002653.xml,train
United_States_004758.xml,train
United_States_002581.xml,train
United_States_000836.xml,train
United_States_001044.xml,train
United_States_000797.xml,train
United_States_002399.xml,train
United_States_001479.xml,train
United_States_000096.xml,train
United_States_000368.xml,train
United_States_003122.xml,train
United_States_002551.xml,train
United_States_003101.xml,train
United_States_003739.xml,train
United_States_000622.xml,train
United_States_003207.xml,train
United_States_002210.xml,train
United_States_001008.xml,train
United_States_004328.xml,train
United_States_000702.xml,train
United_States_000732.xml,train
United_States_002327.xml,train
United_States_003716.xml,train
United_States_003003.xml,train
United_States_001554.xml,train
United_States_002067.xml,train
United_States_000857.xml,train
United_States_004516.xml,train
United_States_003284.xml,train
United_States_001597.xml,train
United_States_001234.xml,train
United_States_001714.xml,train
United_States_004264.xml,train
United_States_004148.xml,train
United_States_004671.xml,train
United_States_003771.xml,train
United_States_003925.xml,train
United_States_001083.xml,train
United_States_001986.xml,train
United_States_002807.xml,train
United_States_002848.xml,train
United_States_001096.xml,train
United_States_002138.xml,train
United_States_004436.xml,train
United_States_001226.xml,train
United_States_001401.xml,train
United_States_002853.xml,train
United_States_002513.xml,train
United_States_000491.xml,train
United_States_003466.xml,train
United_States_002619.xml,train
United_States_004803.xml,train
United_States_001169.xml,train
United_States_001741.xml,train
United_States_001614.xml,train
United_States_003749.xml,train
United_States_002450.xml,train
United_States_002116.xml,train
United_States_001438.xml,train
United_States_000853.xml,train
United_States_003287.xml,train
United_States_001396.xml,train
United_States_002761.xml,train
United_States_003805.xml,train
United_States_002782.xml,train
United_States_003589.xml,train
United_States_001220.xml,train
United_States_002145.xml,train
United_States_001245.xml,train
United_States_000540.xml,train
United_States_003132.xml,train
United_States_003554.xml,train
United_States_003198.xml,train
United_States_004251.xml,train
United_States_000098.xml,train
United_States_003244.xml,train
United_States_004681.xml,train
United_States_003822.xml,train
United_States_002644.xml,train
United_States_003800.xml,train
United_States_001147.xml,train
United_States_002197.xml,train
United_States_004690.xml,train
United_States_000967.xml,train
United_States_004079.xml,train
United_States_000949.xml,train
United_States_000157.xml,train
United_States_004594.xml,train
United_States_001316.xml,train
United_States_000938.xml,train
United_States_003854.xml,train
United_States_000386.xml,train
United_States_003464.xml,train
United_States_000403.xml,train
United_States_000739.xml,train
United_States_000911.xml,train
United_States_003341.xml,train
United_States_001879.xml,train
United_States_000460.xml,train
United_States_002755.xml,train
United_States_004272.xml,train
United_States_003844.xml,train
United_States_003552.xml,train
United_States_001799.xml,train
United_States_002927.xml,train
United_States_003025.xml,train
United_States_003235.xml,train
United_States_002636.xml,train
United_States_001926.xml,train
United_States_000814.xml,train
United_States_002638.xml,train
United_States_002136.xml,train
United_States_002827.xml,train
United_States_001915.xml,train
United_States_004394.xml,train
United_States_002126.xml,train
United_States_001474.xml,train
United_States_002062.xml,train
United_States_003041.xml,train
United_States_002352.xml,train
United_States_004578.xml,train
United_States_000342.xml,train
United_States_004692.xml,train
United_States_000087.xml,train
United_States_000290.xml,train
United_States_002942.xml,train
United_States_001095.xml,train
United_States_004356.xml,train
United_States_002326.xml,train
United_States_004195.xml,train
United_States_000946.xml,train
United_States_001450.xml,train
United_States_001182.xml,train
United_States_000703.xml,train
United_States_001993.xml,train
United_States_003872.xml,train
United_States_000175.xml,train
United_States_004257.xml,train
United_States_002336.xml,train
United_States_004500.xml,train
United_States_002552.xml,train
United_States_004482.xml,train
United_States_004057.xml,train
United_States_001390.xml,train
United_States_003095.xml,train
United_States_004530.xml,train
United_States_003753.xml,train
United_States_004453.xml,train
United_States_004563.xml,train
United_States_004130.xml,train
United_States_002691.xml,train
United_States_004353.xml,train
United_States_000487.xml,train
United_States_002483.xml,train
United_States_004479.xml,train
United_States_003444.xml,train
United_States_002553.xml,train
United_States_002216.xml,train
United_States_001240.xml,train
United_States_001572.xml,train
United_States_003912.xml,train
United_States_002001.xml,train
United_States_001808.xml,train
United_States_002443.xml,train
United_States_003151.xml,train
United_States_002845.xml,train
United_States_000983.xml,train
United_States_001648.xml,train
United_States_003054.xml,train
United_States_000591.xml,train
United_States_004214.xml,train
United_States_002760.xml,train
United_States_002177.xml,train
United_States_003482.xml,train
United_States_003193.xml,train
United_States_003530.xml,train
United_States_002668.xml,train
United_States_001432.xml,train
United_States_000265.xml,train
United_States_001178.xml,train
United_States_003999.xml,train
United_States_003624.xml,train
United_States_002347.xml,train
United_States_002214.xml,train
United_States_000864.xml,train
United_States_003337.xml,train
United_States_002241.xml,train
United_States_000425.xml,train
United_States_003517.xml,train
United_States_000735.xml,train
United_States_003737.xml,train
United_States_000361.xml,train
United_States_000186.xml,train
United_States_003056.xml,train
United_States_002251.xml,train
United_States_000963.xml,train
United_States_002213.xml,train
United_States_002952.xml,train
United_States_001531.xml,train
United_States_000771.xml,train
United_States_000824.xml,train
United_States_000966.xml,train
United_States_002094.xml,train
United_States_000499.xml,train
United_States_004455.xml,train
United_States_003595.xml,train
United_States_002493.xml,train
United_States_000513.xml,train
United_States_001411.xml,train
United_States_001376.xml,train
United_States_002906.xml,train
United_States_004198.xml,train
United_States_001746.xml,train
United_States_002588.xml,train
United_States_002837.xml,train
United_States_002823.xml,train
United_States_000936.xml,train
United_States_004111.xml,train
United_States_000197.xml,train
United_States_000799.xml,train
United_States_000236.xml,train
United_States_003676.xml,train
United_States_003784.xml,train
United_States_004761.xml,train
United_States_004242.xml,train
United_States_002621.xml,train
United_States_001616.xml,train
United_States_004298.xml,train
United_States_001262.xml,train
United_States_002239.xml,train
United_States_000658.xml,train
United_States_001138.xml,train
United_States_002578.xml,train
United_States_000258.xml,train
United_States_004462.xml,train
United_States_004244.xml,train
United_States_001446.xml,train
United_States_002811.xml,train
United_States_002361.xml,train
United_States_001116.xml,train
United_States_002601.xml,train
United_States_000367.xml,train
United_States_003756.xml,train
United_States_002134.xml,train
United_States_001983.xml,train
United_States_003371.xml,train
United_States_004678.xml,train
United_States_001428.xml,train
United_States_004019.xml,train
United_States_001145.xml,train
United_States_000879.xml,train
United_States_001143.xml,train
United_States_002980.xml,train
United_States_000208.xml,train
United_States_001343.xml,train
United_States_000933.xml,train
United_States_002063.xml,train
United_States_004570.xml,train
United_States_001514.xml,train
United_States_000831.xml,train
United_States_002763.xml,train
United_States_001304.xml,train
United_States_003338.xml,train
United_States_001313.xml,train
United_States_002835.xml,train
United_States_004784.xml,train
United_States_003202.xml,train
United_States_000521.xml,train
United_States_003901.xml,train
United_States_000900.xml,train
United_States_001363.xml,train
United_States_003746.xml,train
United_States_001452.xml,train
United_States_000313.xml,train
United_States_002263.xml,train
United_States_000653.xml,train
United_States_004491.xml,train
United_States_001423.xml,train
United_States_001652.xml,train
United_States_002680.xml,train
United_States_003007.xml,train
United_States_004098.xml,train
United_States_003289.xml,train
United_States_003577.xml,train
United_States_003508.xml,train
United_States_001264.xml,train
United_States_004261.xml,train
United_States_001653.xml,train
United_States_003505.xml,train
United_States_000167.xml,train
United_States_000508.xml,train
United_States_002355.xml,train
United_States_001105.xml,train
United_States_000309.xml,train
United_States_003543.xml,train
United_States_003764.xml,train
United_States_004639.xml,train
United_States_002174.xml,train
United_States_003246.xml,train
United_States_004460.xml,train
United_States_001457.xml,train
United_States_001251.xml,train
United_States_003083.xml,train
United_States_003812.xml,train
United_States_003798.xml,train
United_States_001405.xml,train
United_States_004330.xml,train
United_States_002617.xml,train
United_States_004598.xml,train
United_States_003023.xml,train
United_States_003210.xml,train
United_States_000306.xml,train
United_States_003412.xml,train
United_States_000267.xml,train
United_States_004524.xml,train
United_States_002123.xml,train
United_States_004441.xml,train
United_States_000896.xml,train
United_States_002313.xml,train
United_States_002371.xml,train
United_States_001427.xml,train
United_States_001464.xml,train
United_States_003366.xml,train
United_States_000612.xml,train
United_States_003228.xml,train
United_States_002170.xml,train
United_States_004062.xml,train
United_States_000114.xml,train
United_States_001277.xml,train
United_States_000061.xml,train
United_States_002140.xml,train
United_States_003082.xml,train
United_States_004766.xml,train
United_States_003567.xml,train
United_States_001720.xml,train
United_States_002767.xml,train
United_States_003240.xml,train
United_States_004632.xml,train
United_States_000390.xml,train
United_States_002034.xml,train
United_States_003321.xml,train
United_States_001518.xml,train
United_States_000475.xml,train
United_States_003355.xml,train
United_States_002933.xml,train
United_States_002235.xml,train
United_States_000092.xml,train
United_States_003451.xml,train
United_States_004410.xml,train
United_States_000183.xml,train
United_States_004222.xml,train
United_States_000068.xml,train
United_States_004296.xml,train
United_States_000024.xml,train
United_States_004338.xml,train
United_States_002121.xml,train
United_States_000606.xml,train
United_States_002118.xml,train
United_States_002830.xml,train
United_States_000668.xml,train
United_States_001273.xml,train
United_States_001128.xml,train
United_States_003754.xml,train
United_States_003585.xml,train
United_States_000007.xml,train
United_States_000676.xml,train
United_States_003726.xml,train
United_States_002488.xml,train
United_States_002598.xml,train
United_States_001715.xml,train
United_States_002944.xml,train
United_States_002097.xml,train
United_States_002672.xml,train
United_States_000470.xml,train
United_States_004638.xml,train
United_States_004557.xml,train
United_States_003807.xml,train
United_States_001301.xml,train
United_States_002983.xml,train
United_States_004477.xml,train
United_States_002556.xml,train
United_States_003819.xml,train
United_States_002988.xml,train
United_States_002451.xml,train
United_States_001210.xml,train
United_States_001987.xml,train
United_States_000585.xml,train
United_States_004755.xml,train
United_States_000257.xml,train
United_States_001497.xml,train
United_States_004245.xml,train
United_States_000686.xml,train
United_States_002117.xml,train
United_States_000981.xml,train
United_States_004205.xml,train
United_States_002995.xml,train
United_States_003261.xml,train
United_States_003849.xml,train
United_States_004536.xml,train
United_States_001742.xml,train
United_States_003374.xml,train
United_States_001985.xml,train
United_States_002175.xml,train
United_States_000859.xml,train
United_States_000441.xml,train
United_States_003428.xml,train
United_States_004490.xml,train
United_States_002146.xml,train
United_States_004289.xml,train
United_States_004270.xml,train
United_States_000626.xml,train
United_States_002966.xml,train
United_States_004306.xml,train
United_States_001361.xml,train
United_States_002485.xml,train
United_States_004168.xml,train
United_States_003104.xml,train
United_States_000867.xml,train
United_States_001801.xml,train
United_States_003599.xml,train
United_States_000928.xml,train
United_States_003447.xml,train
United_States_001498.xml,train
United_States_000373.xml,train
United_States_004037.xml,train
United_States_001896.xml,train
United_States_000532.xml,train
United_States_001642.xml,train
United_States_003410.xml,train
United_States_001298.xml,train
United_States_000415.xml,train
United_States_001513.xml,train
United_States_004591.xml,train
United_States_004383.xml,train
United_States_002387.xml,train
United_States_002461.xml,train
United_States_003485.xml,train
United_States_002719.xml,train
United_States_000121.xml,train
United_States_002689.xml,train
United_States_000603.xml,train
United_States_004676.xml,train
United_States_000649.xml,train
United_States_004414.xml,train
United_States_002348.xml,train
United_States_001480.xml,train
United_States_000945.xml,train
United_States_004465.xml,train
United_States_000238.xml,train
United_States_002987.xml,train
United_States_000148.xml,train
United_States_001090.xml,train
United_States_001349.xml,train
United_States_001288.xml,train
United_States_000545.xml,train
United_States_000392.xml,train
United_States_002715.xml,train
United_States_003390.xml,train
United_States_002058.xml,train
United_States_002605.xml,train
United_States_003728.xml,train
United_States_001813.xml,train
United_States_002246.xml,train
United_States_004425.xml,train
United_States_004175.xml,train
United_States_000466.xml,train
United_States_003662.xml,train
United_States_002474.xml,train
United_States_002444.xml,train
United_States_004730.xml,train
United_States_000986.xml,train
United_States_004428.xml,train
United_States_000129.xml,train
United_States_003832.xml,train
United_States_002208.xml,train
United_States_002677.xml,train
United_States_002266.xml,train
United_States_000369.xml,train
United_States_003038.xml,train
United_States_004405.xml,train
United_States_003285.xml,train
United_States_004343.xml,train
United_States_002898.xml,train
United_States_000220.xml,train
United_States_003564.xml,train
United_States_000097.xml,train
United_States_001725.xml,train
United_States_002548.xml,train
United_States_001753.xml,train
United_States_002866.xml,train
United_States_001268.xml,train
United_States_000551.xml,train
United_States_001207.xml,train
United_States_000527.xml,train
United_States_004141.xml,train
United_States_004167.xml,train
United_States_002077.xml,train
United_States_003594.xml,train
United_States_003937.xml,train
United_States_000509.xml,train
United_States_002441.xml,train
United_States_002409.xml,train
United_States_001276.xml,train
United_States_003298.xml,train
United_States_001011.xml,train
United_States_002518.xml,train
United_States_004375.xml,train
United_States_004754.xml,train
United_States_002108.xml,train
United_States_001455.xml,train
United_States_000381.xml,train
United_States_002732.xml,train
United_States_001453.xml,train
United_States_004753.xml,train
United_States_002751.xml,train
United_States_003515.xml,train
United_States_000067.xml,train
United_States_001496.xml,train
United_States_000362.xml,train
United_States_004752.xml,train
United_States_001196.xml,train
United_States_000574.xml,train
United_States_001104.xml,train
United_States_003955.xml,train
United_States_002032.xml,train
United_States_000839.xml,train
United_States_000307.xml,train
United_States_001601.xml,train
United_States_001807.xml,train
United_States_004014.xml,train
United_States_001911.xml,train
United_States_000038.xml,train
United_States_003699.xml,train
United_States_002410.xml,train
United_States_000566.xml,train
United_States_000617.xml,train
United_States_000629.xml,train
United_States_001836.xml,train
United_States_003173.xml,train
United_States_001979.xml,train
United_States_003040.xml,train
United_States_001840.xml,train
United_States_004437.xml,train
United_States_002648.xml,train
United_States_003322.xml,train
United_States_002039.xml,train
United_States_000134.xml,train
United_States_004056.xml,train
United_States_000122.xml,train
United_States_004096.xml,train
United_States_003797.xml,train
United_States_001955.xml,train
United_States_001352.xml,train
United_States_003047.xml,train
United_States_000652.xml,train
United_States_004083.xml,train
United_States_000648.xml,train
United_States_000125.xml,train
United_States_003584.xml,train
United_States_003989.xml,train
United_States_004243.xml,train
United_States_001272.xml,train
United_States_001695.xml,train
United_States_001193.xml,train
United_States_004426.xml,train
United_States_000893.xml,train
United_States_001317.xml,train
United_States_002297.xml,train
United_States_002520.xml,train
United_States_002533.xml,train
United_States_002773.xml,train
United_States_000249.xml,train
United_States_004525.xml,train
United_States_002561.xml,train
United_States_000128.xml,train
United_States_004473.xml,train
United_States_003688.xml,train
United_States_003695.xml,train
United_States_004795.xml,train
United_States_001860.xml,train
United_States_004357.xml,train
United_States_003309.xml,train
United_States_002411.xml,train
United_States_003350.xml,train
United_States_004329.xml,train
United_States_002861.xml,train
United_States_000556.xml,train
United_States_003162.xml,train
United_States_003910.xml,train
United_States_002801.xml,train
United_States_003544.xml,train
United_States_000605.xml,train
United_States_000976.xml,train
United_States_001012.xml,train
United_States_000505.xml,train
United_States_002428.xml,train
United_States_004299.xml,train
United_States_001098.xml,train
United_States_003950.xml,train
United_States_003988.xml,train
United_States_002330.xml,train
United_States_003806.xml,train
United_States_002688.xml,train
United_States_001636.xml,train
United_States_002626.xml,train
United_States_001089.xml,train
United_States_003208.xml,train
United_States_001856.xml,train
United_States_002651.xml,train
United_States_001144.xml,train
United_States_001425.xml,train
United_States_003917.xml,train
United_States_001841.xml,train
United_States_002420.xml,train
United_States_004033.xml,train
United_States_004223.xml,train
United_States_003354.xml,train
United_States_004417.xml,train
United_States_001040.xml,train
United_States_003458.xml,train
United_States_000435.xml,train
United_States_000813.xml,train
United_States_002695.xml,train
United_States_002762.xml,train
United_States_003250.xml,train
United_States_000243.xml,train
United_States_000806.xml,train
United_States_002793.xml,train
United_States_003582.xml,train
United_States_000178.xml,train
United_States_000274.xml,train
United_States_004568.xml,train
United_States_002791.xml,train
United_States_002311.xml,train
United_States_000662.xml,train
United_States_000615.xml,train
United_States_002349.xml,train
United_States_002607.xml,train
United_States_002252.xml,train
United_States_002162.xml,train
United_States_000592.xml,train
United_States_003556.xml,train
United_States_003200.xml,train
United_States_002168.xml,train
United_States_001624.xml,train
United_States_003114.xml,train
United_States_003622.xml,train
United_States_002713.xml,train
United_States_002538.xml,train
United_States_001039.xml,train
United_States_003433.xml,train
United_States_004501.xml,train
United_States_003183.xml,train
United_States_003541.xml,train
United_States_000228.xml,train
United_States_000781.xml,train
United_States_004143.xml,train
United_States_002569.xml,train
United_States_003702.xml,train
United_States_001123.xml,train
United_States_000773.xml,train
United_States_003729.xml,train
United_States_004236.xml,train
United_States_002362.xml,train
United_States_004350.xml,train
United_States_003867.xml,train
United_States_000723.xml,train
United_States_003748.xml,train
United_States_004579.xml,train
United_States_002953.xml,train
United_States_004105.xml,train
United_States_003827.xml,train
United_States_000065.xml,train
United_States_002309.xml,train
United_States_001900.xml,train
United_States_003421.xml,train
United_States_002040.xml,train
United_States_002935.xml,train
United_States_001674.xml,train
United_States_002615.xml,train
United_States_000994.xml,train
United_States_002255.xml,train
United_States_001548.xml,train
United_States_003081.xml,train
United_States_001263.xml,train
United_States_004748.xml,train
United_States_003429.xml,train
United_States_003787.xml,train
United_States_000055.xml,train
United_States_000471.xml,train
United_States_001939.xml,train
United_States_000980.xml,train
United_States_003642.xml,train
United_States_001353.xml,train
United_States_003821.xml,train
United_States_001468.xml,train
United_States_000440.xml,train
United_States_004174.xml,train
United_States_003396.xml,train
United_States_002700.xml,train
United_States_000239.xml,train
United_States_003545.xml,train
United_States_002307.xml,train
United_States_003119.xml,train
United_States_004571.xml,train
United_States_002425.xml,train
United_States_003902.xml,train
United_States_001364.xml,train
United_States_001975.xml,train
United_States_004654.xml,train
United_States_001449.xml,train
United_States_003648.xml,train
United_States_001865.xml,train
United_States_003201.xml,train
United_States_001085.xml,train
United_States_000995.xml,train
United_States_002924.xml,train
United_States_000263.xml,train
United_States_002002.xml,train
United_States_004641.xml,train
United_States_000538.xml,train
United_States_002092.xml,train
United_States_002494.xml,train
United_States_004566.xml,train
United_States_000503.xml,train
United_States_002321.xml,train
United_States_002559.xml,train
United_States_001626.xml,train
United_States_002946.xml,train
United_States_003876.xml,train
United_States_001709.xml,train
United_States_000522.xml,train
United_States_000110.xml,train
United_States_003258.xml,train
United_States_001605.xml,train
United_States_001559.xml,train
United_States_001348.xml,train
United_States_003612.xml,train
United_States_000192.xml,train
United_States_000317.xml,train
United_States_002130.xml,train
United_States_002436.xml,train
United_States_001280.xml,train
United_States_002071.xml,train
United_States_000160.xml,train
United_States_003468.xml,train
United_States_004069.xml,train
United_States_002603.xml,train
United_States_000004.xml,train
United_States_002183.xml,train
United_States_000917.xml,train
United_States_004656.xml,train
United_States_001394.xml,train
United_States_002219.xml,train
United_States_003405.xml,train
United_States_000598.xml,train
United_States_002961.xml,train
United_States_001721.xml,train
United_States_004523.xml,train
United_States_002329.xml,train
United_States_004027.xml,train
United_States_002776.xml,train
United_States_000266.xml,train
United_States_003943.xml,train
United_States_003209.xml,train
United_States_000907.xml,train
United_States_002056.xml,train
United_States_000559.xml,train
United_States_004252.xml,train
United_States_000642.xml,train
United_States_000719.xml,train
United_States_000326.xml,train
United_States_004396.xml,train
United_States_004318.xml,train
United_States_002148.xml,train
United_States_000530.xml,train
United_States_001580.xml,train
United_States_000311.xml,train
United_States_000780.xml,train
United_States_001843.xml,train
United_States_002353.xml,train
United_States_001292.xml,train
United_States_001640.xml,train
United_States_002634.xml,train
United_States_001153.xml,train
United_States_001275.xml,train
United_States_000634.xml,train
United_States_001800.xml,train
United_States_000396.xml,train
United_States_002840.xml,train
United_States_000302.xml,train
United_States_002212.xml,train
United_States_000868.xml,train
United_States_001798.xml,train
United_States_002014.xml,train
United_States_002171.xml,train
United_States_002400.xml,train
United_States_002453.xml,train
United_States_003672.xml,train
United_States_004384.xml,train
United_States_000829.xml,train
United_States_000344.xml,train
United_States_003906.xml,train
United_States_003152.xml,train
United_States_003942.xml,train
United_States_004149.xml,train
United_States_003432.xml,train
United_States_003900.xml,train
United_States_004040.xml,train
United_States_004187.xml,train
United_States_002747.xml,train
United_States_001713.xml,train
United_States_001114.xml,train
United_States_000713.xml,train
United_States_000449.xml,train
United_States_002064.xml,train
United_States_001816.xml,train
United_States_004026.xml,train
United_States_004726.xml,train
United_States_004612.xml,train
United_States_004727.xml,train
United_States_003084.xml,train
United_States_002047.xml,train
United_States_002413.xml,train
United_States_001948.xml,train
United_States_000593.xml,train
United_States_002528.xml,train
United_States_000014.xml,train
United_States_004290.xml,train
United_States_003640.xml,train
United_States_001895.xml,train
United_States_001005.xml,train
United_States_001021.xml,train
United_States_003452.xml,train
United_States_002985.xml,train
United_States_003916.xml,train
United_States_003211.xml,train
United_States_003010.xml,train
United_States_001684.xml,train
United_States_003064.xml,train
United_States_000053.xml,train
United_States_004592.xml,train
United_States_000107.xml,train
United_States_004649.xml,train
United_States_003379.xml,train
United_States_004305.xml,train
United_States_004303.xml,train
United_States_002459.xml,train
United_States_004484.xml,train
United_States_004547.xml,train
United_States_002738.xml,train
United_States_000064.xml,train
United_States_001444.xml,train
United_States_000763.xml,train
United_States_001567.xml,train
United_States_001121.xml,train
United_States_002998.xml,train
United_States_000219.xml,train
United_States_004622.xml,train
United_States_001334.xml,train
United_States_002502.xml,train
United_States_000602.xml,train
United_States_004276.xml,train
United_States_001094.xml,train
United_States_004086.xml,train
United_States_000481.xml,train
United_States_003102.xml,train
United_States_001973.xml,train
United_States_003034.xml,train
United_States_003029.xml,train
United_States_003535.xml,train
United_States_001397.xml,train
United_States_000005.xml,train
United_States_001914.xml,train
United_States_004147.xml,train
United_States_001286.xml,train
United_States_001976.xml,train
United_States_001351.xml,train
United_States_003692.xml,train
United_States_002510.xml,train
United_States_001603.xml,train
United_States_003747.xml,train
United_States_001604.xml,train
United_States_000431.xml,train
United_States_001036.xml,train
United_States_004703.xml,train
United_States_004373.xml,train
United_States_002532.xml,train
United_States_003161.xml,train
United_States_002682.xml,train
United_States_002579.xml,train
United_States_004002.xml,train
United_States_003510.xml,train
United_States_003154.xml,train
United_States_000927.xml,train
United_States_001016.xml,train
United_States_002614.xml,train
United_States_004107.xml,train
United_States_001878.xml,train
United_States_002412.xml,train
United_States_000156.xml,train
United_States_001058.xml,train
United_States_004134.xml,train
United_States_003653.xml,train
United_States_002087.xml,train
United_States_000389.xml,train
United_States_002909.xml,train
United_States_001619.xml,train
United_States_004420.xml,train
United_States_000810.xml,train
United_States_002963.xml,train
United_States_003473.xml,train
United_States_002073.xml,train
United_States_004084.xml,train
United_States_002478.xml,train
United_States_004354.xml,train
United_States_003376.xml,train
United_States_002580.xml,train
United_States_004434.xml,train
United_States_003848.xml,train
United_States_002901.xml,train
United_States_003811.xml,train
United_States_002891.xml,train
United_States_000324.xml,train
United_States_002574.xml,train
United_States_004467.xml,train
United_States_002546.xml,train
United_States_001540.xml,train
United_States_004327.xml,train
United_States_000434.xml,train
United_States_002718.xml,train
United_States_003395.xml,train
United_States_001778.xml,train
United_States_003070.xml,train
United_States_000223.xml,train
United_States_003690.xml,train
United_States_001996.xml,train
United_States_004779.xml,train
United_States_001065.xml,train
United_States_001834.xml,train
United_States_000044.xml,train
United_States_001918.xml,train
United_States_003882.xml,train
United_States_002967.xml,train
United_States_002627.xml,train
United_States_000557.xml,train
United_States_001424.xml,train
United_States_001331.xml,train
United_States_000086.xml,train
United_States_002511.xml,train
United_States_003459.xml,train
United_States_000365.xml,train
United_States_001692.xml,train
United_States_000398.xml,train
United_States_004047.xml,train
United_States_003677.xml,train
United_States_003888.xml,train
United_States_003709.xml,train
United_States_000488.xml,train
United_States_002674.xml,train
United_States_002722.xml,train
United_States_003632.xml,train
United_States_004749.xml,train
United_States_000922.xml,train
United_States_001246.xml,train
United_States_002457.xml,train
United_States_003148.xml,train
United_States_003606.xml,train
United_States_001366.xml,train
United_States_004385.xml,train
United_States_000104.xml,train
United_States_003179.xml,train
United_States_001783.xml,train
United_States_000996.xml,train
United_States_000253.xml,train
United_States_003598.xml,train
United_States_004664.xml,train
United_States_000942.xml,train
United_States_002686.xml,train
United_States_002031.xml,train
United_States_002421.xml,train
United_States_001629.xml,train
United_States_003780.xml,train
United_States_003171.xml,train
United_States_000834.xml,train
United_States_001127.xml,train
United_States_000811.xml,train
United_States_004248.xml,train
United_States_003655.xml,train
United_States_004074.xml,train
United_States_001981.xml,train
United_States_003604.xml,train
United_States_000518.xml,train
United_States_001633.xml,train
United_States_000753.xml,train
United_States_004435.xml,train
United_States_003694.xml,train
United_States_003086.xml,train
United_States_001393.xml,train
United_States_002370.xml,train
United_States_002595.xml,train
United_States_000701.xml,train
United_States_001374.xml,train
United_States_004778.xml,train
United_States_003265.xml,train
United_States_000366.xml,train
United_States_002065.xml,train
United_States_003786.xml,train
United_States_004390.xml,train
United_States_001355.xml,train
United_States_000835.xml,train
United_States_000315.xml,train
United_States_003377.xml,train
United_States_000010.xml,train
United_States_002486.xml,train
United_States_001644.xml,train
United_States_000095.xml,train
United_States_004234.xml,train
United_States_002934.xml,train
United_States_002882.xml,train
United_States_004653.xml,train
United_States_000948.xml,train
United_States_004697.xml,train
United_States_004053.xml,train
United_States_004093.xml,train
United_States_002893.xml,train
United_States_000910.xml,train
United_States_003093.xml,train
United_States_001413.xml,train
United_States_001130.xml,train
United_States_001669.xml,train
United_States_000886.xml,train
United_States_002572.xml,train
United_States_002575.xml,train
United_States_004427.xml,train
United_States_004721.xml,train
United_States_003962.xml,train
United_States_000562.xml,train
United_States_002673.xml,train
United_States_002407.xml,train
United_States_001551.xml,train
United_States_000990.xml,train
United_States_000380.xml,train
United_States_000211.xml,train
United_States_003440.xml,train
United_States_001333.xml,train
United_States_001269.xml,train
United_States_000279.xml,train
United_States_003144.xml,train
United_States_001004.xml,train
United_States_000931.xml,train
United_States_003769.xml,train
United_States_001266.xml,train
United_States_000057.xml,train
United_States_000822.xml,train
United_States_004231.xml,train
United_States_001851.xml,train
United_States_004326.xml,train
United_States_003490.xml,train
United_States_001539.xml,train
United_States_003512.xml,train
United_States_003422.xml,train
United_States_002670.xml,train
United_States_004036.xml,train
United_States_001057.xml,train
United_States_000840.xml,train
United_States_004255.xml,train
United_States_001232.xml,train
United_States_001678.xml,train
United_States_004366.xml,train
United_States_000428.xml,train
United_States_002802.xml,train
United_States_000077.xml,train
United_States_000123.xml,train
United_States_000071.xml,train
United_States_002423.xml,train
United_States_001519.xml,train
United_States_001279.xml,train
United_States_000275.xml,train
United_States_003967.xml,train
United_States_000913.xml,train
United_States_001307.xml,train
United_States_001521.xml,train
United_States_001201.xml,train
United_States_003601.xml,train
United_States_000349.xml,train
United_States_001152.xml,train
United_States_003125.xml,train
United_States_003178.xml,train
United_States_000102.xml,train
United_States_002917.xml,train
United_States_001949.xml,train
United_States_003013.xml,train
United_States_000351.xml,train
United_States_001161.xml,train
United_States_003521.xml,train
United_States_002675.xml,train
United_States_002788.xml,train
United_States_003621.xml,train
United_States_002778.xml,train
United_States_000133.xml,train
United_States_004197.xml,train
United_States_003869.xml,train
United_States_001368.xml,train
United_States_002936.xml,train
United_States_003673.xml,train
United_States_003111.xml,train
United_States_000757.xml,train
United_States_004515.xml,train
United_States_003985.xml,train
United_States_002434.xml,train
United_States_000251.xml,train
United_States_003930.xml,train
United_States_001429.xml,train
United_States_001739.xml,train
United_States_003249.xml,train
United_States_004081.xml,train
United_States_003479.xml,train
United_States_002496.xml,train
United_States_000429.xml,train
United_States_003427.xml,train
United_States_002218.xml,train
United_States_001870.xml,train
United_States_004199.xml,train
United_States_004361.xml,train
United_States_000849.xml,train
United_States_000847.xml,train
United_States_001515.xml,train
United_States_001941.xml,train
United_States_000718.xml,train
United_States_001041.xml,train
United_States_004767.xml,train
United_States_004021.xml,train
United_States_002429.xml,train
United_States_004444.xml,train
United_States_003272.xml,train
United_States_002245.xml,train
United_States_000346.xml,train
United_States_000751.xml,train
United_States_003929.xml,train
United_States_002539.xml,train
United_States_002217.xml,train
United_States_004052.xml,train
United_States_004095.xml,train
United_States_002114.xml,train
United_States_003871.xml,train
United_States_003312.xml,train
United_States_001309.xml,train
United_States_001038.xml,train
United_States_003497.xml,train
United_States_000091.xml,train
United_States_004514.xml,train
United_States_003817.xml,train
United_States_000941.xml,train
United_States_004120.xml,train
United_States_001609.xml,train
United_States_000198.xml,train
United_States_004404.xml,train
United_States_000054.xml,train
United_States_000308.xml,train
United_States_002973.xml,train
United_States_002625.xml,train
United_States_000575.xml,train
United_States_001919.xml,train
United_States_000770.xml,train
United_States_003216.xml,train
United_States_000988.xml,train
United_States_004742.xml,train
United_States_002544.xml,train
United_States_001817.xml,train
United_States_002874.xml,train
United_States_002445.xml,train
United_States_002337.xml,train
United_States_000897.xml,train
United_States_001590.xml,train
United_States_001141.xml,train
United_States_001068.xml,train
United_States_003012.xml,train
United_States_000242.xml,train
United_States_001543.xml,train
United_States_000187.xml,train
United_States_003886.xml,train
United_States_001137.xml,train
United_States_001511.xml,train
United_States_000664.xml,train
United_States_003442.xml,train
United_States_000794.xml,train
United_States_000034.xml,train
United_States_001577.xml,train
United_States_002081.xml,train
United_States_001252.xml,train
United_States_001113.xml,train
United_States_003609.xml,train
United_States_001516.xml,train
United_States_003923.xml,train
United_States_002941.xml,train
United_States_001557.xml,train
United_States_004090.xml,train
United_States_003271.xml,train
United_States_000430.xml,train
United_States_002029.xml,train
United_States_001620.xml,train
United_States_003964.xml,train
United_States_000720.xml,train
United_States_001873.xml,train
United_States_000206.xml,train
United_States_002469.xml,train
United_States_000399.xml,train
United_States_004239.xml,train
United_States_001336.xml,train
United_States_003576.xml,train
United_States_000445.xml,train
United_States_001574.xml,train
United_States_001868.xml,train
United_States_003367.xml,train
United_States_003953.xml,train
United_States_000861.xml,train
United_States_000174.xml,train
United_States_004071.xml,train
United_States_004344.xml,train
United_States_000920.xml,train
United_States_002455.xml,train
United_States_003100.xml,train
United_States_001587.xml,train
United_States_001033.xml,train
United_States_003635.xml,train
United_States_003557.xml,train
United_States_001776.xml,train
United_States_001069.xml,train
United_States_002008.xml,train
United_States_002344.xml,train
United_States_004412.xml,train
United_States_002720.xml,train
United_States_001784.xml,train
United_States_001774.xml,train
United_States_004616.xml,train
United_States_004486.xml,train
United_States_004496.xml,train
United_States_004791.xml,train
United_States_002841.xml,train
United_States_003098.xml,train
United_States_004751.xml,train
United_States_001719.xml,train
United_States_004535.xml,train
United_States_001001.xml,train
United_States_004397.xml,train
United_States_000000.xml,train
United_States_000345.xml,train
United_States_002403.xml,train
United_States_004648.xml,train
United_States_002318.xml,train
United_States_002698.xml,train
United_States_004625.xml,train
United_States_001571.xml,train
United_States_003203.xml,train
United_States_002465.xml,train
United_States_004112.xml,train
United_States_001463.xml,train
United_States_000028.xml,train
United_States_000158.xml,train
United_States_002931.xml,train
United_States_003615.xml,train
United_States_001260.xml,train
United_States_001407.xml,train
United_States_004631.xml,train
United_States_001627.xml,train
United_States_002129.xml,train
United_States_000761.xml,train
United_States_002312.xml,train
United_States_001938.xml,train
United_States_002711.xml,train
United_States_000529.xml,train
United_States_000286.xml,train
United_States_000940.xml,train
United_States_001233.xml,train
United_States_001552.xml,train
United_States_001522.xml,train
United_States_002693.xml,train
United_States_001494.xml,train
United_States_002602.xml,train
United_States_004556.xml,train
United_States_002449.xml,train
United_States_001462.xml,train
United_States_003781.xml,train
United_States_004503.xml,train
United_States_000109.xml,train
United_States_003758.xml,train
United_States_004016.xml,train
United_States_001792.xml,train
United_States_002093.xml,train
United_States_004603.xml,train
United_States_001665.xml,train
United_States_003979.xml,train
United_States_003048.xml,train
United_States_004113.xml,train
United_States_000118.xml,train
United_States_002563.xml,train
United_States_003279.xml,train
United_States_002784.xml,train
United_States_000196.xml,train
United_States_004221.xml,train
United_States_000165.xml,train
United_States_003149.xml,train
United_States_000011.xml,train
United_States_002604.xml,train
United_States_001662.xml,train
United_States_004094.xml,train
United_States_001028.xml,train
United_States_002907.xml,train
United_States_002612.xml,train
United_States_000661.xml,train
United_States_003921.xml,train
United_States_002085.xml,train
United_States_004534.xml,train
United_States_004722.xml,train
United_States_002070.xml,train
United_States_000689.xml,train
United_States_001693.xml,train
United_States_001944.xml,train
United_States_002257.xml,train
United_States_002832.xml,train
United_States_004682.xml,train
United_States_001295.xml,train
United_States_003513.xml,train
United_States_000582.xml,train
United_States_002748.xml,train
United_States_001724.xml,train
United_States_003058.xml,train
United_States_002417.xml,train
United_States_000643.xml,train
United_States_000468.xml,train
United_States_002125.xml,train
United_States_002999.xml,train
United_States_002684.xml,train
United_States_001578.xml,train
United_States_002101.xml,train
United_States_002507.xml,train
United_States_000578.xml,train
United_States_001013.xml,train
United_States_003385.xml,train
United_States_003172.xml,train
United_States_002193.xml,train
United_States_002285.xml,train
United_States_002524.xml,train
United_States_002613.xml,train
United_States_000876.xml,train
United_States_002007.xml,train
United_States_002159.xml,train
United_States_003762.xml,train
United_States_003330.xml,train
United_States_002939.xml,train
United_States_004702.xml,train
United_States_003276.xml,train
United_States_004624.xml,train
United_States_004787.xml,train
United_States_000209.xml,train
United_States_003218.xml,train
United_States_003843.xml,train
United_States_001063.xml,train
United_States_003324.xml,train
United_States_004413.xml,train
United_States_004391.xml,train
United_States_001284.xml,train
United_States_000336.xml,train
United_States_003961.xml,train
United_States_002545.xml,train
United_States_004687.xml,train
United_States_000623.xml,train
United_States_003319.xml,train
United_States_003734.xml,train
United_States_001139.xml,train
United_States_000778.xml,train
United_States_001676.xml,train
United_States_004733.xml,train
United_States_000287.xml,train
United_States_001328.xml,train
United_States_002180.xml,train
United_States_003296.xml,train
United_States_002260.xml,train
United_States_000892.xml,train
United_States_001110.xml,train
United_States_000711.xml,train
United_States_000660.xml,train
United_States_004123.xml,train
United_States_000337.xml,train
United_States_004142.xml,train
United_States_000207.xml,train
United_States_002038.xml,train
United_States_001562.xml,train
United_States_004082.xml,train
United_States_000493.xml,train
United_States_000472.xml,train
United_States_003323.xml,train
United_States_001772.xml,train
United_States_000727.xml,train
United_States_003534.xml,train
United_States_004619.xml,train
United_States_002167.xml,train
United_States_003188.xml,train
United_States_000405.xml,train
United_States_002948.xml,train
United_States_000957.xml,train
United_States_000422.xml,train
United_States_004785.xml,train
United_States_002068.xml,train
United_States_003796.xml,train
United_States_004169.xml,train
United_States_002844.xml,train
United_States_001185.xml,train
United_States_001803.xml,train
United_States_001530.xml,train
United_States_003785.xml,train
United_States_002712.xml,train
United_States_001372.xml,train
United_States_000035.xml,train
United_States_000725.xml,train
United_States_003096.xml,train
United_States_002908.xml,train
United_States_001111.xml,train
United_States_000088.xml,train
United_States_001257.xml,train
United_States_000851.xml,train
United_States_002800.xml,train
United_States_003623.xml,train
United_States_004291.xml,train
United_States_003705.xml,train
United_States_001034.xml,train
United_States_001850.xml,train
United_States_002364.xml,train
United_States_001198.xml,train
United_States_000124.xml,train
United_States_003414.xml,train
United_States_004193.xml,train
United_States_002440.xml,train
United_States_000474.xml,train
United_States_000298.xml,train
United_States_000818.xml,train
United_States_004185.xml,train
United_States_004609.xml,train
United_States_004333.xml,train
United_States_003001.xml,train
United_States_004307.xml,train
United_States_002324.xml,train
United_States_002894.xml,train
United_States_002351.xml,train
United_States_004188.xml,train
United_States_000595.xml,train
United_States_002384.xml,train
United_States_000244.xml,train
United_States_004463.xml,train
United_States_002074.xml,train
United_States_002396.xml,train
United_States_004617.xml,train
United_States_003455.xml,train
United_States_002756.xml,train
United_States_002113.xml,train
United_States_000002.xml,train
United_States_003905.xml,train
United_States_000758.xml,train
United_States_004269.xml,train
United_States_004562.xml,train
United_States_004087.xml,train
United_States_001885.xml,train
United_States_003801.xml,train
United_States_001347.xml,train
United_States_002792.xml,train
United_States_001909.xml,train
United_States_004032.xml,train
United_States_001440.xml,train
United_States_002144.xml,train
United_States_004662.xml,train
United_States_000272.xml,train
United_States_001984.xml,train
United_States_001974.xml,train
United_States_000792.xml,train
United_States_002817.xml,train
United_States_000549.xml,train
United_States_003779.xml,train
United_States_003085.xml,train
United_States_001962.xml,train
United_States_002378.xml,train
United_States_001764.xml,train
United_States_002586.xml,train
United_States_003283.xml,train
United_States_000070.xml,train
United_States_003637.xml,train
United_States_003028.xml,train
United_States_002955.xml,train
United_States_000600.xml,train
United_States_002274.xml,train
United_States_003232.xml,train
United_States_001420.xml,train
United_States_003617.xml,train
United_States_002859.xml,train
United_States_001745.xml,train
United_States_004431.xml,train
United_States_000870.xml,train
United_States_001694.xml,train
United_States_002831.xml,train
United_States_002928.xml,train
United_States_000269.xml,train
United_States_004371.xml,train
United_States_003952.xml,train
United_States_001015.xml,train
United_States_003252.xml,train
United_States_003141.xml,train
United_States_002405.xml,train
United_States_004505.xml,train
United_States_001545.xml,train
United_States_003480.xml,train
United_States_000170.xml,train
United_States_000565.xml,train
United_States_002452.xml,train
United_States_002628.xml,train
United_States_002026.xml,train
United_States_003030.xml,train
United_States_001913.xml,train
United_States_000497.xml,train
United_States_001566.xml,train
United_States_002724.xml,train
United_States_002734.xml,train
United_States_004009.xml,train
United_States_001929.xml,train
United_States_000050.xml,train
United_States_000837.xml,train
United_States_000987.xml,train
United_States_003626.xml,train
United_States_001766.xml,train
United_States_003450.xml,train
United_States_001430.xml,train
United_States_001752.xml,train
United_States_001959.xml,train
United_States_000443.xml,train
United_States_001055.xml,train
United_States_003476.xml,train
United_States_000884.xml,train
United_States_000379.xml,train
United_States_001135.xml,train
United_States_000762.xml,train
United_States_004801.xml,train
United_States_004342.xml,train
United_States_001287.xml,train
United_States_001409.xml,train
United_States_002959.xml,train
United_States_000216.xml,train
United_States_004759.xml,train
United_States_003197.xml,train
United_States_003959.xml,train
United_States_003654.xml,train
United_States_003431.xml,train
United_States_000182.xml,train
United_States_004770.xml,train
United_States_001342.xml,train
United_States_000090.xml,train
United_States_001831.xml,train
United_States_003213.xml,train
United_States_003105.xml,train
United_States_003496.xml,train
United_States_004004.xml,train
United_States_004358.xml,train
United_States_001828.xml,train
United_States_003227.xml,train
United_States_000793.xml,train
United_States_000149.xml,train
United_States_000172.xml,train
United_States_001555.xml,train
United_States_003750.xml,train
United_States_002774.xml,train
United_States_001126.xml,train
United_States_000635.xml,train
United_States_002868.xml,train
United_States_004608.xml,train
United_States_003755.xml,train
United_States_004555.xml,train
United_States_002582.xml,train
United_States_002209.xml,train
United_States_003299.xml,train
United_States_004077.xml,train
United_States_002945.xml,train
United_States_000693.xml,train
United_States_000683.xml,train
United_States_000546.xml,train
United_States_003968.xml,train
United_States_004108.xml,train
United_States_004658.xml,train
United_States_002809.xml,train
United_States_000408.xml,train
United_States_001294.xml,train
United_States_003175.xml,train
United_States_001293.xml,train
United_States_004494.xml,train
United_States_004554.xml,train
United_States_000646.xml,train
United_States_000442.xml,train
United_States_002968.xml,train
United_States_002356.xml,train
United_States_004024.xml,train
United_States_004114.xml,train
United_States_003625.xml,train
United_States_000651.xml,train
United_States_002262.xml,train
United_States_003501.xml,train
United_States_001901.xml,train
United_States_001569.xml,train
United_States_002759.xml,train
United_States_003436.xml,train
United_States_001066.xml,train
United_States_000586.xml,train
United_States_002431.xml,train
United_States_002244.xml,train
United_States_002639.xml,train
United_States_003325.xml,train
United_States_001802.xml,train
United_States_000783.xml,train
United_States_001520.xml,train
United_States_000746.xml,train
United_States_003326.xml,train
United_States_002926.xml,train
United_States_000089.xml,train
United_States_002851.xml,train
United_States_000141.xml,train
United_States_004345.xml,train
United_States_002202.xml,train
United_States_003889.xml,train
United_States_004708.xml,train
United_States_004233.xml,train
United_States_004756.xml,train
United_States_001673.xml,train
United_States_004196.xml,train
United_States_001768.xml,train
United_States_002339.xml,train
United_States_001848.xml,train
United_States_004777.xml,train
United_States_000774.xml,train
United_States_001122.xml,train
United_States_003438.xml,train
United_States_000200.xml,train
United_States_001239.xml,train
United_States_001129.xml,train
United_States_001897.xml,train
United_States_003346.xml,train
United_States_001883.xml,train
United_States_001997.xml,train
United_States_004080.xml,train
United_States_001628.xml,train
United_States_001403.xml,train
United_States_003136.xml,train
United_States_000881.xml,train
United_States_003121.xml,train
United_States_004586.xml,train
United_States_002490.xml,train
United_States_004129.xml,train
United_States_002215.xml,train
United_States_004035.xml,train
United_States_004020.xml,train
United_States_002386.xml,train
United_States_001184.xml,train
United_States_001610.xml,train
United_States_004153.xml,train
United_States_003349.xml,train
United_States_002523.xml,train
United_States_001488.xml,train
United_States_003498.xml,train
United_States_001894.xml,train
United_States_004590.xml,train
United_States_000457.xml,train
United_States_001362.xml,train
United_States_002487.xml,train
United_States_001356.xml,train
United_States_000016.xml,train
United_States_002826.xml,train
United_States_004699.xml,train
United_States_003885.xml,train
United_States_002708.xml,train
United_States_000500.xml,train
United_States_002277.xml,train
United_States_004138.xml,train
United_States_004576.xml,train
United_States_001634.xml,train
United_States_000953.xml,train
United_States_002377.xml,train
United_States_000599.xml,train
United_States_001618.xml,train
United_States_000059.xml,train
United_States_002870.xml,train
United_States_002365.xml,train
United_States_003195.xml,train
United_States_003052.xml,train
United_States_002473.xml,train
United_States_004379.xml,train
United_States_003752.xml,train
United_States_003301.xml,train
United_States_002133.xml,train
United_States_002716.xml,train
United_States_003167.xml,train
United_States_003166.xml,train
United_States_001613.xml,train
United_States_000955.xml,train
United_States_003080.xml,train
United_States_004695.xml,train
United_States_000356.xml,train
United_States_004320.xml,train
United_States_004741.xml,train
United_States_003707.xml,train
United_States_003926.xml,train
United_States_002709.xml,train
United_States_002629.xml,train
United_States_002006.xml,train
United_States_003824.xml,train
United_States_004000.xml,train
United_States_003965.xml,train
United_States_004376.xml,train
United_States_003391.xml,train
United_States_001475.xml,train
United_States_000171.xml,train
United_States_002414.xml,train
United_States_000341.xml,train
United_States_001175.xml,train
United_States_003890.xml,train
United_States_001867.xml,train
United_States_001666.xml,train
United_States_002697.xml,train
United_States_004061.xml,train
United_States_003492.xml,train
United_States_000383.xml,train
United_States_001079.xml,train
United_States_002211.xml,train
United_States_003334.xml,train
United_States_000478.xml,train
United_States_002154.xml,train
United_States_003020.xml,train
United_States_001250.xml,train
United_States_003975.xml,train
United_States_004499.xml,train
United_States_003286.xml,train
United_States_000930.xml,train
United_States_001115.xml,train
United_States_000789.xml,train
United_States_001661.xml,train
United_States_004360.xml,train
United_States_004281.xml,train
United_States_002468.xml,train
United_States_001775.xml,train
United_States_004796.xml,train
United_States_001332.xml,train
United_States_001890.xml,train
United_States_003928.xml,train
United_States_003941.xml,train
United_States_000516.xml,train
United_States_002873.xml,train
United_States_003409.xml,train
United_States_001847.xml,train
United_States_003116.xml,train
United_States_003868.xml,train
United_States_000823.xml,train
United_States_000325.xml,train
United_States_004359.xml,train
United_States_002512.xml,train
United_States_004178.xml,train
United_States_001027.xml,train
United_States_001736.xml,train
United_States_000323.xml,train
United_States_002888.xml,train
United_States_000944.xml,train
United_States_000082.xml,train
United_States_003614.xml,train
United_States_001244.xml,train
United_States_000076.xml,train
United_States_003878.xml,train
United_States_001053.xml,train
United_States_001256.xml,train
United_States_003744.xml,train
United_States_001546.xml,train
United_States_001398.xml,train
United_States_001410.xml,train
United_States_002850.xml,train
United_States_003791.xml,train
United_States_000143.xml,train
United_States_001324.xml,train
United_States_000581.xml,train
United_States_000697.xml,train
United_States_003245.xml,train
United_States_000112.xml,train
United_States_001510.xml,train
United_States_000548.xml,train
United_States_003120.xml,train
United_States_000654.xml,train
United_States_004011.xml,train
United_States_002296.xml,train
United_States_002084.xml,train
United_States_001219.xml,train
United_States_001947.xml,train
United_States_000695.xml,train
United_States_001003.xml,train
United_States_004165.xml,train
United_States_002497.xml,train
United_States_002302.xml,train
United_States_004015.xml,train
United_States_002654.xml,train
United_States_003241.xml,train
United_States_002678.xml,train
United_States_003357.xml,train
United_States_003966.xml,train
United_States_001400.xml,train
United_States_000235.xml,train
United_States_002231.xml,train
United_States_000883.xml,train
United_States_000397.xml,train
United_States_003039.xml,train
United_States_000021.xml,train
United_States_004183.xml,train
United_States_000747.xml,train
United_States_004647.xml,train
United_States_003018.xml,train
United_States_004100.xml,train
United_States_001213.xml,train
United_States_004621.xml,train
United_States_004764.xml,train
United_States_003674.xml,train
United_States_000670.xml,train
United_States_002390.xml,train
United_States_003239.xml,train
United_States_001857.xml,train
United_States_000553.xml,train
United_States_004166.xml,train
United_States_001729.xml,train
United_States_004498.xml,train
United_States_001499.xml,train
United_States_003075.xml,train
United_States_002737.xml,train
United_States_004381.xml,train
United_States_001960.xml,train
United_States_002066.xml,train
United_States_001157.xml,train
United_States_001621.xml,train
United_States_001448.xml,train
United_States_004683.xml,train
United_States_003691.xml,train
United_States_003302.xml,train
United_States_003413.xml,train
United_States_000956.xml,train
United_States_000188.xml,train
United_States_000164.xml,train
United_States_003741.xml,train
United_States_000176.xml,train
United_States_003072.xml,train
United_States_001140.xml,train
United_States_002541.xml,train
United_States_002271.xml,train
United_States_001009.xml,train
United_States_002534.xml,train
United_States_000601.xml,train
United_States_004481.xml,train
United_States_004110.xml,train
United_States_000807.xml,train
United_States_001576.xml,train
United_States_001570.xml,train
United_States_004672.xml,train
United_States_002599.xml,train
United_States_000608.xml,train
United_States_001151.xml,train
United_States_000427.xml,train
United_States_001509.xml,train
United_States_003079.xml,train
United_States_004194.xml,train
United_States_004698.xml,train
United_States_001994.xml,train
United_States_001102.xml,train
United_States_001583.xml,train
United_States_001339.xml,train
United_States_000506.xml,train
United_States_002043.xml,train
United_States_002990.xml,train
United_States_004689.xml,train
United_States_004655.xml,train
United_States_003960.xml,train
United_States_000991.xml,train
United_States_001243.xml,train
United_States_001815.xml,train
United_States_003837.xml,train
United_States_000710.xml,train
United_States_004003.xml,train
United_States_002499.xml,train
United_States_001765.xml,train
United_States_003134.xml,train
United_States_003042.xml,train
United_States_003526.xml,train
United_States_003696.xml,train
United_States_001703.xml,train
United_States_004288.xml,train
United_States_000278.xml,train
United_States_003710.xml,train
United_States_002785.xml,train
United_States_001216.xml,train
United_States_002743.xml,train
United_States_004493.xml,train
United_States_004325.xml,train
United_States_003681.xml,train
United_States_003659.xml,train
United_States_004380.xml,train
United_States_004788.xml,train
United_States_001953.xml,train
United_States_003732.xml,train
United_States_003051.xml,train
United_States_002320.xml,train
United_States_004782.xml,train
United_States_001406.xml,train
United_States_000255.xml,train
United_States_002381.xml,train
United_States_000828.xml,train
United_States_004408.xml,train
United_States_004685.xml,train
United_States_003804.xml,train
United_States_001181.xml,train
United_States_003280.xml,train
United_States_003884.xml,train
United_States_002993.xml,train
United_States_004247.xml,train
United_States_004732.xml,train
United_States_004611.xml,train
United_States_003561.xml,train
United_States_001682.xml,train
United_States_000699.xml,train
United_States_001591.xml,train
United_States_000080.xml,train
United_States_001923.xml,train
United_States_004268.xml,train
United_States_001671.xml,train
United_States_004099.xml,train
United_States_000382.xml,train
United_States_004582.xml,train
United_States_001329.xml,train
United_States_003891.xml,train
United_States_002438.xml,train
United_States_002547.xml,train
United_States_000741.xml,train
United_States_000721.xml,train
United_States_000899.xml,train
United_States_003524.xml,train
United_States_000150.xml,train
United_States_002186.xml,train
United_States_003077.xml,train
United_States_002437.xml,train
United_States_000729.xml,train
United_States_000074.xml,train
United_States_001832.xml,train
United_States_000785.xml,train
United_States_001532.xml,train
United_States_003913.xml,train
United_States_003184.xml,train
United_States_000916.xml,train
United_States_001754.xml,train
United_States_001466.xml,train
United_States_001777.xml,train
United_States_003317.xml,train
United_States_003384.xml,train
United_States_000049.xml,train
United_States_004267.xml,train
United_States_002036.xml,train
United_States_000726.xml,train
United_States_000246.xml,train
United_States_004789.xml,train
United_States_002890.xml,train
United_States_003223.xml,train
United_States_002280.xml,train
United_States_001568.xml,train
United_States_000786.xml,train
United_States_003035.xml,train
United_States_001076.xml,train
United_States_003969.xml,train
United_States_000093.xml,train
United_States_003306.xml,train
United_States_004297.xml,train
United_States_004424.xml,train
United_States_003142.xml,train
United_States_002769.xml,train
United_States_000476.xml,train
United_States_002127.xml,train
United_States_003297.xml,train
United_States_000142.xml,train
United_States_001042.xml,train
United_States_000637.xml,train
United_States_000152.xml,train
United_States_000237.xml,train
United_States_004001.xml,train
United_States_000819.xml,train
United_States_003487.xml,train
United_States_003715.xml,train
United_States_003518.xml,train
United_States_003294.xml,train
United_States_003426.xml,train
United_States_002225.xml,train
United_States_002242.xml,train
United_States_003053.xml,train
United_States_004799.xml,train
United_States_001224.xml,train
United_States_001582.xml,train
United_States_002652.xml,train
United_States_000510.xml,train
United_States_001698.xml,train
United_States_003465.xml,train
United_States_003308.xml,train
United_States_000748.xml,train
United_States_000501.xml,train
United_States_001350.xml,train
United_States_004387.xml,train
United_States_002797.xml,train
United_States_000767.xml,train
United_States_002256.xml,train
United_States_001982.xml,train
United_States_000519.xml,train
United_States_000319.xml,train
United_States_001920.xml,train
United_States_000343.xml,train
United_States_001472.xml,train
United_States_000012.xml,train
United_States_002173.xml,train
United_States_003417.xml,train
United_States_003782.xml,train
United_States_001189.xml,train
United_States_000975.xml,train
United_States_003845.xml,train
United_States_001469.xml,train
United_States_000826.xml,train
United_States_003262.xml,train
United_States_001906.xml,train
United_States_002041.xml,train
United_States_003475.xml,train
United_States_001230.xml,train
United_States_002111.xml,train
United_States_003645.xml,train
United_States_003596.xml,train
United_States_003181.xml,train
United_States_003462.xml,train
United_States_002635.xml,train
United_States_003875.xml,train
United_States_003802.xml,train
United_States_004504.xml,train
United_States_000791.xml,train
United_States_004050.xml,train
United_States_004280.xml,train
United_States_001581.xml,train
United_States_001327.xml,train
United_States_003579.xml,train
United_States_000803.xml,train
United_States_001125.xml,train
United_States_002310.xml,train
United_States_002903.xml,train
United_States_003057.xml,train
United_States_000329.xml,train
United_States_001124.xml,train
United_States_003143.xml,train
United_States_001223.xml,train
United_States_000295.xml,train
United_States_001019.xml,train
United_States_002919.xml,train
United_States_000401.xml,train
United_States_001017.xml,train
United_States_001357.xml,train
United_States_004804.xml,train
United_States_000621.xml,train
United_States_003373.xml,train
United_States_000782.xml,train
United_States_002631.xml,train
United_States_002701.xml,train
United_States_003611.xml,train
United_States_000717.xml,train
United_States_003491.xml,train
United_States_003660.xml,train
United_States_001358.xml,train
United_States_001183.xml,train
United_States_003329.xml,train
United_States_004254.xml,train
United_States_004602.xml,train
United_States_002298.xml,train
United_States_003282.xml,train
United_States_003792.xml,train
United_States_001593.xml,train
United_States_001002.xml,train
United_States_001502.xml,train
United_States_001842.xml,train
United_States_002142.xml,train
United_States_001952.xml,train
United_States_002408.xml,train
United_States_002752.xml,train
United_States_001399.xml,train
United_States_001375.xml,train
United_States_000041.xml,train
United_States_003033.xml,train
United_States_003165.xml,train
United_States_000062.xml,train
United_States_001481.xml,train
United_States_002042.xml,train
United_States_001100.xml,train
United_States_001937.xml,train
United_States_003483.xml,train
United_States_001880.xml,train
United_States_001391.xml,train
United_States_000155.xml,train
United_States_003938.xml,train
United_States_001946.xml,train
United_States_000636.xml,train
United_States_000929.xml,train
United_States_003616.xml,train
United_States_002194.xml,train
United_States_001238.xml,train
United_States_004769.xml,train
United_States_002878.xml,train
United_States_003230.xml,train
United_States_001311.xml,train
United_States_004650.xml,train
United_States_000584.xml,train
United_States_002345.xml,train
United_States_004340.xml,train
United_States_003857.xml,train
United_States_000677.xml,train
United_States_000798.xml,train
United_States_001077.xml,train
United_States_001404.xml,train
United_States_001097.xml,train
United_States_001905.xml,train
United_States_003406.xml,train
United_States_001852.xml,train
United_States_000690.xml,train
United_States_002472.xml,train
United_States_000395.xml,train
United_States_003658.xml,train
United_States_000496.xml,train
United_States_002010.xml,train
United_States_002293.xml,train
United_States_001925.xml,train
United_States_004208.xml,train
United_States_003712.xml,train
United_States_003581.xml,train
United_States_003204.xml,train
United_States_004517.xml,train
United_States_002887.xml,train
United_States_000666.xml,train
United_States_001402.xml,train
United_States_000461.xml,train
United_States_001882.xml,train
United_States_001969.xml,train
United_States_000894.xml,train
United_States_003313.xml,train
United_States_001338.xml,train
United_States_004800.xml,train
United_States_000830.xml,train
United_States_002189.xml,train
United_States_001542.xml,train
United_States_001940.xml,train
United_States_004677.xml,train
United_States_001598.xml,train
United_States_000119.xml,train
United_States_000094.xml,train
United_States_004728.xml,train
United_States_000008.xml,train
United_States_003156.xml,train
United_States_002503.xml,train
United_States_003562.xml,train
United_States_003382.xml,train
United_States_003909.xml,train
United_States_003651.xml,train
United_States_004729.xml,train
United_States_000567.xml,train
United_States_001681.xml,train
United_States_003998.xml,train
United_States_002254.xml,train
United_States_000036.xml,train
United_States_003765.xml,train
United_States_002537.xml,train
United_States_000848.xml,train
United_States_003958.xml,train
United_States_002647.xml,train
United_States_002970.xml,train
United_States_003315.xml,train
United_States_004471.xml,train
United_States_003005.xml,train
United_States_003810.xml,train
United_States_003423.xml,train
United_States_003795.xml,train
United_States_002095.xml,train
United_States_002847.xml,train
United_States_000455.xml,train
United_States_004212.xml,train
United_States_001541.xml,train
United_States_002358.xml,train
United_States_002401.xml,train
United_States_002259.xml,train
United_States_000332.xml,train
United_States_001443.xml,train
United_States_004132.xml,train
United_States_001899.xml,train
United_States_003399.xml,train
United_States_004466.xml,train
United_States_002918.xml,train
United_States_003986.xml,train
United_States_000312.xml,train
United_States_003602.xml,train
United_States_004439.xml,train
United_States_002165.xml,train
United_States_002789.xml,train
United_States_004774.xml,train
United_States_001658.xml,train
United_States_001099.xml,train
United_States_003863.xml,train
United_States_000015.xml,train
United_States_003996.xml,train
United_States_002264.xml,train
United_States_003215.xml,train
United_States_003381.xml,train
United_States_004601.xml,train
United_States_001888.xml,train
United_States_001871.xml,train
United_States_004495.xml,train
United_States_003840.xml,train
United_States_003146.xml,train
United_States_000417.xml,train
United_States_001297.xml,train
United_States_002207.xml,train
United_States_001708.xml,train
United_States_001171.xml,train
United_States_002338.xml,train
United_States_001585.xml,train
United_States_004657.xml,train
United_States_003185.xml,train
United_States_004485.xml,train
United_States_002195.xml,train
United_States_003044.xml,train
United_States_003107.xml,train
United_States_001159.xml,train
United_States_002624.xml,train
United_States_002158.xml,train
United_States_004407.xml,train
United_States_003949.xml,train
United_States_001781.xml,train
United_States_001999.xml,train
United_States_004798.xml,train
United_States_004618.xml,train
United_States_002072.xml,train
United_States_003766.xml,train
United_States_002905.xml,train
United_States_004041.xml,train
United_States_002476.xml,train
United_States_003365.xml,train
United_States_002896.xml,train
United_States_001727.xml,train
United_States_004667.xml,train
United_States_003397.xml,train
United_States_000659.xml,train
United_States_003823.xml,train
United_States_003908.xml,train
United_States_003402.xml,train
United_States_004600.xml,train
United_States_003106.xml,train
United_States_002078.xml,train
United_States_004337.xml,train
United_States_001875.xml,train
United_States_002185.xml,train
United_States_002536.xml,train
United_States_002456.xml,train
United_States_004302.xml,train
United_States_003435.xml,train
United_States_002663.xml,train
United_States_000800.xml,train
United_States_002883.xml,train
United_States_000528.xml,train
United_States_001177.xml,train
United_States_003062.xml,train
United_States_001283.xml,train
United_States_003643.xml,train
United_States_000979.xml,train
United_States_002505.xml,train
United_States_000674.xml,train
United_States_000292.xml,train
United_States_002192.xml,train
United_States_004643.xml,train
United_States_001051.xml,train
United_States_001370.xml,train
United_States_002061.xml,train
United_States_000462.xml,train
United_States_001600.xml,train
United_States_001705.xml,train
United_States_003502.xml,train
United_States_002997.xml,train
United_States_002331.xml,train
United_States_004282.xml,train
United_States_000217.xml,train
United_States_004450.xml,train
United_States_001536.xml,train
United_States_001091.xml,train
United_States_004529.xml,train
United_States_002881.xml,train
United_States_004246.xml,train
United_States_001360.xml,train
United_States_000063.xml,train
United_States_001086.xml,train
United_States_001320.xml,train
United_States_003523.xml,train
United_States_000547.xml,train
United_States_002606.xml,train
United_States_004051.xml,train
United_States_003369.xml,train
United_States_003971.xml,train
United_States_001638.xml,train
United_States_000536.xml,train
United_States_003735.xml,train
United_States_001945.xml,train
United_States_001345.xml,train
United_States_000570.xml,train
United_States_002054.xml,train
United_States_003091.xml,train
United_States_002591.xml,train
United_States_000335.xml,train
United_States_003931.xml,train
United_States_001437.xml,train
United_States_001650.xml,train
United_States_001806.xml,train
United_States_003000.xml,train
United_States_001070.xml,train
United_States_000984.xml,train
United_States_000665.xml,train
United_States_004274.xml,train
United_States_003233.xml,train
United_States_000520.xml,train
United_States_003225.xml,train
United_States_000147.xml,train
United_States_003199.xml,train
United_States_001908.xml,train
United_States_004661.xml,train
United_States_004207.xml,train
United_States_002005.xml,train
United_States_003610.xml,train
United_States_001811.xml,train
United_States_004386.xml,train
United_States_001180.xml,train
United_States_002739.xml,train
United_States_002821.xml,train
United_States_002295.xml,train
United_States_004637.xml,train
United_States_002190.xml,train
United_States_002889.xml,train
United_States_002731.xml,train
United_States_003224.xml,train
United_States_000597.xml,train
United_States_001312.xml,train
United_States_001845.xml,train
United_States_000247.xml,train
United_States_000354.xml,train
United_States_003783.xml,train
United_States_000271.xml,train
United_States_002808.xml,train
United_States_004707.xml,train
United_States_000407.xml,train
United_States_004398.xml,train
United_States_001839.xml,train
United_States_004163.xml,train
United_States_004106.xml,train
United_States_002237.xml,train
United_States_000377.xml,train
United_States_000766.xml,train
United_States_000618.xml,train
United_States_004543.xml,train
United_States_004510.xml,train
United_States_004266.xml,train
United_States_002555.xml,train
United_States_002226.xml,train
United_States_002236.xml,train
United_States_003981.xml,train
United_States_003713.xml,train
United_States_002577.xml,train
United_States_000796.xml,train
United_States_000873.xml,train
United_States_004773.xml,train
United_States_001722.xml,train
United_States_003474.xml,train
United_States_004109.xml,train
United_States_001602.xml,train
United_States_003666.xml,train
United_States_004007.xml,train
United_States_001835.xml,train
United_States_000276.xml,train
United_States_001007.xml,train
United_States_000283.xml,train
United_States_003593.xml,train
United_States_004565.xml,train
United_States_001235.xml,train
United_States_000299.xml,train
United_States_003109.xml,train
United_States_001957.xml,train
United_States_002727.xml,train
United_States_000877.xml,train
United_States_003903.xml,train
United_States_002015.xml,train
United_States_002201.xml,train
United_States_000569.xml,train
United_States_001889.xml,train
United_States_000587.xml,train
United_States_004070.xml,train
United_States_001723.xml,train
United_States_003089.xml,train
United_States_000943.xml,train
United_States_003563.xml,train
United_States_003697.xml,train
United_States_001064.xml,train
United_States_004694.xml,train
United_States_003759.xml,train
United_States_003339.xml,train
United_States_000954.xml,train
United_States_004646.xml,train
United_States_002083.xml,train
United_States_002323.xml,train
United_States_003628.xml,train
United_States_002306.xml,train
United_States_000841.xml,train
United_States_001354.xml,train
United_States_000590.xml,train
United_States_003646.xml,train
United_States_000918.xml,train
United_States_003745.xml,train
United_States_000433.xml,train
United_States_001209.xml,train
United_States_002965.xml,train
United_States_004416.xml,train
United_States_001866.xml,train
United_States_000224.xml,train
United_States_001071.xml,train
United_States_004595.xml,train
United_States_002415.xml,train
United_States_002977.xml,train
United_States_000688.xml,train
United_States_001261.xml,train
United_States_000580.xml,train
United_States_004560.xml,train
United_States_000364.xml,train
United_States_001861.xml,train
United_States_002877.xml,train
United_States_001755.xml,train
United_States_001968.xml,train
United_States_000874.xml,train
United_States_003164.xml,train
United_States_002315.xml,train
United_States_000226.xml,train
United_States_003124.xml,train
United_States_002879.xml,train
United_States_001075.xml,train
United_States_001942.xml,train
United_States_001093.xml,train
United_States_003583.xml,train
United_States_000117.xml,train
United_States_001810.xml,train
United_States_000523.xml,train
United_States_001020.xml,train
United_States_003847.xml,train
United_States_004620.xml,train
United_States_003548.xml,train
United_States_002662.xml,train
United_States_003486.xml,train
United_States_002286.xml,train
United_States_000965.xml,train
United_States_004740.xml,train
United_States_001408.xml,train
United_States_000483.xml,train
United_States_001179.xml,train
United_States_000120.xml,train
United_States_003895.xml,train
United_States_002359.xml,train
United_States_002110.xml,train
United_States_001936.xml,train
United_States_000898.xml,train
United_States_001441.xml,train
United_States_002282.xml,train
United_States_004734.xml,train
United_States_004744.xml,train
United_States_000291.xml,train
United_States_003668.xml,train
United_States_002932.xml,train
United_States_002649.xml,train
United_States_004103.xml,train
United_States_000736.xml,train
United_States_000270.xml,train
United_States_001062.xml,train
United_States_003419.xml,train
United_States_000779.xml,train
United_States_003994.xml,train
United_States_000722.xml,train
United_States_000254.xml,train
United_States_003667.xml,train
United_States_003130.xml,train
United_States_000504.xml,train
United_States_002806.xml,train
United_States_004317.xml,train
United_States_001902.xml,train
United_States_001862.xml,train
United_States_001092.xml,train
United_States_004509.xml,train
United_States_000673.xml,train
United_States_004403.xml,train
United_States_001924.xml,train
United_States_000446.xml,train
United_States_003247.xml,train
United_States_002570.xml,train
United_States_000977.xml,train
United_States_003055.xml,train
United_States_000048.xml,train
United_States_003789.xml,train
United_States_002291.xml,train
United_States_003495.xml,train
United_States_000105.xml,train
United_States_003094.xml,train
United_States_000363.xml,train
United_States_003493.xml,train
United_States_001359.xml,train
United_States_000450.xml,train
United_States_000684.xml,train
United_States_000845.xml,train
United_States_001170.xml,train
United_States_004063.xml,train
United_States_004539.xml,train
United_States_004438.xml,train
United_States_002048.xml,train
United_States_001978.xml,train
United_States_000524.xml,train
United_States_002261.xml,train
United_States_001215.xml,train
United_States_003014.xml,train
United_States_000069.xml,train
United_States_003978.xml,train
United_States_003731.xml,train
United_States_001303.xml,train
United_States_001117.xml,train
United_States_003335.xml,train
United_States_003633.xml,train
United_States_003932.xml,train
United_States_000714.xml,train
United_States_000318.xml,train
United_States_003206.xml,train
United_States_004088.xml,train
United_States_003874.xml,train
United_States_002819.xml,train
United_States_000624.xml,train
United_States_004551.xml,train
United_States_003155.xml,train
United_States_002102.xml,train
United_States_000901.xml,train
United_States_002786.xml,train
United_States_000531.xml,train
United_States_002984.xml,train
United_States_000787.xml,train
United_States_002135.xml,train
United_States_004610.xml,train
United_States_002592.xml,train
United_States_004262.xml,train
United_States_003794.xml,train
United_States_003477.xml,train
United_States_002250.xml,train
United_States_004331.xml,train
United_States_001072.xml,train
United_States_003678.xml,train
United_States_000240.xml,train
United_States_000802.xml,train
United_States_000151.xml,train
United_States_004042.xml,train
United_States_003016.xml,train
United_States_003078.xml,train
United_States_002643.xml,train
United_States_000852.xml,train
United_States_000214.xml,train
United_States_000613.xml,train
United_States_002658.xml,train
United_States_001314.xml,train
United_States_002022.xml,train
United_States_004558.xml,train
United_States_002899.xml,train
United_States_001412.xml,train
United_States_004593.xml,train
United_States_002075.xml,train
United_States_000958.xml,train
United_States_003449.xml,train
United_States_001227.xml,train
United_States_002484.xml,train
United_States_001779.xml,train
United_States_001791.xml,train
United_States_003305.xml,train
United_States_001289.xml,train
United_States_004670.xml,train
United_States_000692.xml,train
United_States_001767.xml,train
United_States_002962.xml,train
United_States_001367.xml,train
United_States_002923.xml,train
United_States_000046.xml,train
United_States_004461.xml,train
United_States_001683.xml,train
United_States_003460.xml,train
United_States_002834.xml,train
United_States_001060.xml,train
United_States_003333.xml,train
United_States_003568.xml,train
United_States_003711.xml,train
United_States_002843.xml,train
United_States_004487.xml,train
United_States_003353.xml,train
United_States_000552.xml,train
United_States_003896.xml,train
United_States_002090.xml,train
United_States_001290.xml,train
United_States_000784.xml,train
United_States_001485.xml,train
United_States_003074.xml,train
United_States_002249.xml,train
United_States_002876.xml,train
United_States_004182.xml,train
United_States_002024.xml,train
United_States_004432.xml,train
United_States_002749.xml,train
United_States_002863.xml,train
United_States_003099.xml,train
United_States_002176.xml,train
United_States_002855.xml,train
United_States_002276.xml,train
United_States_004313.xml,train
United_States_001565.xml,train
United_States_000480.xml,train
United_States_004363.xml,train
United_States_002947.xml,train
United_States_003983.xml,train
United_States_000906.xml,train
United_States_003383.xml,train
United_States_001241.xml,train
United_States_001379.xml,train
United_States_004295.xml,train
United_States_001830.xml,train
United_States_001194.xml,train
United_States_003291.xml,train
United_States_004065.xml,train
United_States_000645.xml,train
United_States_000234.xml,train
United_States_004259.xml,train
United_States_003531.xml,train
United_States_003820.xml,train
United_States_004710.xml,train
United_States_002354.xml,train
United_States_001710.xml,train
United_States_003360.xml,train
United_States_001971.xml,train
United_States_002707.xml,train
United_States_003770.xml,train
United_States_003123.xml,train
United_States_002609.xml,train
United_States_001876.xml,train
United_States_000458.xml,train
United_States_002234.xml,train
United_States_000638.xml,train
United_States_004121.xml,train
United_States_001037.xml,train
United_States_004211.xml,train
United_States_003226.xml,train
United_States_003733.xml,train
United_States_003118.xml,train
United_States_000951.xml,train
United_States_004124.xml,train
United_States_002920.xml,train
United_States_003838.xml,train
United_States_001150.xml,train
United_States_003879.xml,train
United_States_000030.xml,train
United_States_002787.xml,train
United_States_004156.xml,train
United_States_004575.xml,train
United_States_004502.xml,train
United_States_004623.xml,train
United_States_004151.xml,train
United_States_000494.xml,train
United_States_002206.xml,train
United_States_000514.xml,train
United_States_001208.xml,train
United_States_003742.xml,train
United_States_001418.xml,train
United_States_001308.xml,train
United_States_001748.xml,train
United_States_002028.xml,train
United_States_001812.xml,train
United_States_002380.xml,train
United_States_003071.xml,train
United_States_002522.xml,train
United_States_003682.xml,train
United_States_004075.xml,train
United_States_004073.xml,train
United_States_001560.xml,train
United_States_002333.xml,train
United_States_000303.xml,train
United_States_002272.xml,train
United_States_002771.xml,train
United_States_002659.xml,train
United_States_003603.xml,train
United_States_002198.xml,train
United_States_004718.xml,train
United_States_001470.xml,train
United_States_003990.xml,train
United_States_002565.xml,train
United_States_003853.xml,train
United_States_004049.xml,train
United_States_001340.xml,train
United_States_000982.xml,train
United_States_001527.xml,train
United_States_001672.xml,train
United_States_000019.xml,train
United_States_001575.xml,train
United_States_000971.xml,train
United_States_004680.xml,train
United_States_004533.xml,train
United_States_001564.xml,train
United_States_003516.xml,train
United_States_000812.xml,train
United_States_003343.xml,train
United_States_001718.xml,train
United_States_004723.xml,train
United_States_000843.xml,train
United_States_000589.xml,train
United_States_000745.xml,train
United_States_001381.xml,train
United_States_003031.xml,train
United_States_002930.xml,train
United_States_000687.xml,train
United_States_001517.xml,train
United_States_000691.xml,train
United_States_003572.xml,train
United_States_002517.xml,train
United_States_002702.xml,train
United_States_001837.xml,train
United_States_003138.xml,train
United_States_004713.xml,train
United_States_004005.xml,train
United_States_000296.xml,train
United_States_004158.xml,train
United_States_000888.xml,train
United_States_003019.xml,train
United_States_004757.xml,train
United_States_003368.xml,train
United_States_001172.xml,train
United_States_000284.xml,train
United_States_000359.xml,train
United_States_002956.xml,train
United_States_001711.xml,train
United_States_000728.xml,train
United_States_002492.xml,train
United_States_003904.xml,train
United_States_002294.xml,train
United_States_004720.xml,train
United_States_003288.xml,train
United_States_001556.xml,train
United_States_002426.xml,train
United_States_003808.xml,train
United_States_002725.xml,train
United_States_004583.xml,train
United_States_003011.xml,train
United_States_003772.xml,train
United_States_000465.xml,train
United_States_003043.xml,train
United_States_004693.xml,train
United_States_002020.xml,train
United_States_004377.xml,train
United_States_001158.xml,train
United_States_004292.xml,train
United_States_003290.xml,train
United_States_003736.xml,train
United_States_004429.xml,train
United_States_000144.xml,train
United_States_000250.xml,train
United_States_000678.xml,train
United_States_003024.xml,train
United_States_000964.xml,train
United_States_002519.xml,train
United_States_003189.xml,train
United_States_000583.xml,train
United_States_002804.xml,train
United_States_000406.xml,train
United_States_004483.xml,train
United_States_000625.xml,train
United_States_001967.xml,train
United_States_003415.xml,train
United_States_002435.xml,train
United_States_004564.xml,train
United_States_002904.xml,train
United_States_004213.xml,train
United_States_002646.xml,train
United_States_003307.xml,train
United_States_001965.xml,train
United_States_004442.xml,train
United_States_000321.xml,train
United_States_004137.xml,train
United_States_002943.xml,train
United_States_003411.xml,train
United_States_003453.xml,train
United_States_002012.xml,train
United_States_000985.xml,train
United_States_001222.xml,train
United_States_000573.xml,train
United_States_002940.xml,train
United_States_002379.xml,train
United_States_000765.xml,train
United_States_004008.xml,train
United_States_001608.xml,train
United_States_003706.xml,train
United_States_002350.xml,train
United_States_000437.xml,train
United_States_000734.xml,train
United_States_002521.xml,train
United_States_001660.xml,train
United_States_004352.xml,train
United_States_004497.xml,train
United_States_001651.xml,train
United_States_001794.xml,train
United_States_004400.xml,train
United_States_003068.xml,train
United_States_003911.xml,train
United_States_002470.xml,train
United_States_000486.xml,train
United_States_002632.xml,train
United_States_004117.xml,train
United_States_003647.xml,train
United_States_000264.xml,train
United_States_001632.xml,train
United_States_001689.xml,train
United_States_004362.xml,train
United_States_000788.xml,train
United_States_002846.xml,train
United_States_000832.xml,train
United_States_004480.xml,train
United_States_003140.xml,train
United_States_003693.xml,train
United_States_003877.xml,train
United_States_000903.xml,train
United_States_003834.xml,train
United_States_002304.xml,train
United_States_004372.xml,train
United_States_000738.xml,train
United_States_003157.xml,train
United_States_002704.xml,train
United_States_003842.xml,train
United_States_003430.xml,train
United_States_000507.xml,train
United_States_004696.xml,train
United_States_002733.xml,train
United_States_004170.xml,train
United_States_002009.xml,train
United_States_001187.xml,train
United_States_002366.xml,train
United_States_004511.xml,train
United_States_001645.xml,train
United_States_003558.xml,train
United_States_002925.xml,train
United_States_004225.xml,train
United_States_004542.xml,train
United_States_003934.xml,train
United_States_003927.xml,train
United_States_000277.xml,train
United_States_003259.xml,train
United_States_001202.xml,train
United_States_000915.xml,train
United_States_000230.xml,train
United_States_002475.xml,train
United_States_000639.xml,train
United_States_000241.xml,train
United_States_000052.xml,train
United_States_000166.xml,train
United_States_000571.xml,train
United_States_001550.xml,train
United_States_003398.xml,train
United_States_004599.xml,train
United_States_002692.xml,train
United_States_004200.xml,train
United_States_003304.xml,train
United_States_003858.xml,train
United_States_000467.xml,train
United_States_003630.xml,train
United_States_001553.xml,train
United_States_001166.xml,train
United_States_000750.xml,train
United_States_001596.xml,train
United_States_002079.xml,train
United_States_002279.xml,train
United_States_000360.xml,train
United_States_002862.xml,train
United_States_004072.xml,train
United_States_003237.xml,train
United_States_000043.xml,train
United_States_003131.xml,train
United_States_003856.xml,train
United_States_001365.xml,train
United_States_003158.xml,train
United_States_004520.xml,train
United_States_003500.xml,train
United_States_000854.xml,train
United_States_003303.xml,train
United_States_003870.xml,train
United_States_000009.xml,train
United_States_003825.xml,train
United_States_001921.xml,train
United_States_002098.xml,train
United_States_002820.xml,train
United_States_001625.xml,train
United_States_002798.xml,train
United_States_004448.xml,train
United_States_001074.xml,train
United_States_000179.xml,train
United_States_000352.xml,train
United_States_002498.xml,train
United_States_000555.xml,train
United_States_001796.xml,train
United_States_004688.xml,train
United_States_004228.xml,train
United_States_003569.xml,train
United_States_000655.xml,train
United_States_002340.xml,train
United_States_000350.xml,train
United_States_002664.xml,train
United_States_001023.xml,train
United_States_004765.xml,train
United_States_001858.xml,train
United_States_000204.xml,train
United_States_001606.xml,train
United_States_004078.xml,train
United_States_002462.xml,train
United_States_004743.xml,train
United_States_001493.xml,train
United_States_002558.xml,train
United_States_004066.xml,train
United_States_002335.xml,train
United_States_001738.xml,train
United_States_001087.xml,train
United_States_003973.xml,train
United_States_002623.xml,train
United_States_000614.xml,train
United_States_001299.xml,train
United_States_002665.xml,train
United_States_003717.xml,train
United_States_003467.xml,train
United_States_003684.xml,train
United_States_001805.xml,train
United_States_000213.xml,train
United_States_004324.xml,train
United_States_000869.xml,train
United_States_003212.xml,train
United_States_001954.xml,train
United_States_003021.xml,train
United_States_004527.xml,train
United_States_003348.xml,train
United_States_002506.xml,train
United_States_004006.xml,train
United_States_000374.xml,train
United_States_004783.xml,train
United_States_002458.xml,train
United_States_004607.xml,train
United_States_000078.xml,train
United_States_000268.xml,train
United_States_003117.xml,train
United_States_001435.xml,train
United_States_002448.xml,train
United_States_004028.xml,train
United_States_003356.xml,train
United_States_001538.xml,train
United_States_000136.xml,train
United_States_004119.xml,train
United_States_004215.xml,train
United_States_002143.xml,train
United_States_003574.xml,train
United_States_003565.xml,train
United_States_002515.xml,train
United_States_003914.xml,train
United_States_001637.xml,train
United_States_002694.xml,train
United_States_004419.xml,train
United_States_001664.xml,train
United_States_003110.xml,train
United_States_004422.xml,train
United_States_000189.xml,train
United_States_004336.xml,train
United_States_001228.xml,train
United_States_002954.xml,train
United_States_002825.xml,train
United_States_000316.xml,train
United_States_000447.xml,train
United_States_002741.xml,train
United_States_001047.xml,train
United_States_004055.xml,train
United_States_000027.xml,train
United_States_000952.xml,train
United_States_003718.xml,train
United_States_003327.xml,train
United_States_000199.xml,train
United_States_000310.xml,train
United_States_003424.xml,train
United_States_004475.xml,train
United_States_004311.xml,train
United_States_000534.xml,train
United_States_000543.xml,train
United_States_003463.xml,train
United_States_002750.xml,train
United_States_004060.xml,train
United_States_003689.xml,train
United_States_001487.xml,train
United_States_003620.xml,train
United_States_001422.xml,train
United_States_002838.xml,train
United_States_001931.xml,train
United_States_003946.xml,train
United_States_001961.xml,train
United_States_003392.xml,train
United_States_002618.xml,train
United_States_004319.xml,train
United_States_001211.xml,train
United_States_000113.xml,train
United_States_003680.xml,train
United_States_004347.xml,train
United_States_001747.xml,train
United_States_002884.xml,train
United_States_004709.xml,train
United_States_003605.xml,train
United_States_000073.xml,train
United_States_000902.xml,train
United_States_003761.xml,train
United_States_001844.xml,train
United_States_000371.xml,train
United_States_003719.xml,train
United_States_002439.xml,train
United_States_004737.xml,train
United_States_001084.xml,train
United_States_004545.xml,train
United_States_002233.xml,train
United_States_002852.xml,train
United_States_004253.xml,train
United_States_004606.xml,train
United_States_000760.xml,train
United_States_003481.xml,train
United_States_003126.xml,train
United_States_004048.xml,train
United_States_003128.xml,train
United_States_003580.xml,train
United_States_003945.xml,train
United_States_002754.xml,train
United_States_003221.xml,train
United_States_002790.xml,train
United_States_000051.xml,train
United_States_001000.xml,train
United_States_001881.xml,train
United_States_004665.xml,train
United_States_001535.xml,train
United_States_000974.xml,train
United_States_000925.xml,train
United_States_001322.xml,train
United_States_002317.xml,train
United_States_001142.xml,train
United_States_001963.xml,train
United_States_003899.xml,train
United_States_001533.xml,train
United_States_001197.xml,train
United_States_001874.xml,train
United_States_000385.xml,train
United_States_001054.xml,train
United_States_002886.xml,train
United_States_001030.xml,train
United_States_002597.xml,train
United_States_004203.xml,train
United_States_000017.xml,train
United_States_000003.xml,train
United_States_002147.xml,train
United_States_004157.xml,train
United_States_001804.xml,train
United_States_004191.xml,train
United_States_002616.xml,train
United_States_004010.xml,train
United_States_001473.xml,train
United_States_000627.xml,train
United_States_001819.xml,train
United_States_002368.xml,train
United_States_003163.xml,train
United_States_004567.xml,train
United_States_000132.xml,train
United_States_004675.xml,train
United_States_002019.xml,train
United_States_001599.xml,train
United_States_000423.xml,train
United_States_001701.xml,train
United_States_003701.xml,train
United_States_002392.xml,train
United_States_004464.xml,train
United_States_004550.xml,train
United_States_003656.xml,train
United_States_003387.xml,train
United_States_002550.xml,train
United_States_004322.xml,train
United_States_001206.xml,train
United_States_004192.xml,train
United_States_002388.xml,train
United_States_001887.xml,train
United_States_003724.xml,train
United_States_001877.xml,train
United_States_003546.xml,train
United_States_004131.xml,train
United_States_003846.xml,train
United_States_004573.xml,train
United_States_003939.xml,train
United_States_004279.xml,train
United_States_000409.xml,train
United_States_000145.xml,train
United_States_003347.xml,train
United_States_000650.xml,train
United_States_002531.xml,train
United_States_000227.xml,train
United_States_001743.xml,train
United_States_001190.xml,train
United_States_002880.xml,train
United_States_001821.xml,train
United_States_002828.xml,train
United_States_002645.xml,train
United_States_004626.xml,train
United_States_002132.xml,train
United_States_000402.xml,train
United_States_000815.xml,train
United_States_000909.xml,train
United_States_002633.xml,train
United_States_004022.xml,train
United_States_003191.xml,train
United_States_000140.xml,train
United_States_000856.xml,train
United_States_004301.xml,train
United_States_002481.xml,train
United_States_001504.xml,train
United_States_001259.xml,train
United_States_004300.xml,train
United_States_000694.xml,train
United_States_001229.xml,train
United_States_000127.xml,train
United_States_002319.xml,train
United_States_000259.xml,train
United_States_003067.xml,train
United_States_000754.xml,train
United_States_003015.xml,train
United_States_001647.xml,train
United_States_001486.xml,train
United_States_004181.xml,train
United_States_004430.xml,train
United_States_004589.xml,train
United_States_001369.xml,train
United_States_002427.xml,train
United_States_002223.xml,train
United_States_000539.xml,train
United_States_002104.xml,train
United_States_004237.xml,train
United_States_004750.xml,train
United_States_004451.xml,train
United_States_002091.xml,train
United_States_003862.xml,train
United_States_000885.xml,train
United_States_004388.xml,train
United_States_001699.xml,train
United_States_004790.xml,train
United_States_000301.xml,train
United_States_001912.xml,train
United_States_003186.xml,train
United_States_003933.xml,train
United_States_003049.xml,train
United_States_000013.xml,train
United_States_002314.xml,train
United_States_002360.xml,train
United_States_004476.xml,train
United_States_002860.xml,train
United_States_003536.xml,train
United_States_004128.xml,train
United_States_004260.xml,train
United_States_002106.xml,train
United_States_002527.xml,train
United_States_001631.xml,train
United_States_003686.xml,train
United_States_001221.xml,train
United_States_002641.xml,train
United_States_002728.xml,train
United_States_001917.xml,train
United_States_002913.xml,train
United_States_000795.xml,train
United_States_003763.xml,train
United_States_000393.xml,train
United_States_002872.xml,train
United_States_003743.xml,train
United_States_004184.xml,train
United_States_002813.xml,train
United_States_004445.xml,train
United_States_004164.xml,train
United_States_000535.xml,train
United_States_000939.xml,train
United_States_003115.xml,train
United_States_002996.xml,train
United_States_001483.xml,train
United_States_000222.xml,train
United_States_004457.xml,train
United_States_003182.xml,train
United_States_004409.xml,train
United_States_004673.xml,train
United_States_004122.xml,train
United_States_001346.xml,train
United_States_003944.xml,train
United_States_000201.xml,train
United_States_004469.xml,train
United_States_002854.xml,train
United_States_002669.xml,train
United_States_001930.xml,train
United_States_004584.xml,train
United_States_004374.xml,train
United_States_002839.xml,train
United_States_002593.xml,train
United_States_003268.xml,train
United_States_004059.xml,train
United_States_004136.xml,train
United_States_001191.xml,train
United_States_001654.xml,train
United_States_003471.xml,train
United_States_001373.xml,train
United_States_001395.xml,train
United_States_000039.xml,train
United_States_000752.xml,train
United_States_000163.xml,train
United_States_002122.xml,train
United_States_004293.xml,train
United_States_003619.xml,train
United_States_000667.xml,train
United_States_000756.xml,train
United_States_001827.xml,train
United_States_000860.xml,train
United_States_001864.xml,train
United_States_000709.xml,train
United_States_001119.xml,train
United_States_003108.xml,train
United_States_004283.xml,train
United_States_004604.xml,train
United_States_004368.xml,train
United_States_003139.xml,train
United_States_001668.xml,train
United_States_003768.xml,train
United_States_000560.xml,train
United_States_002290.xml,train
United_States_001270.xml,train
United_States_003873.xml,train
United_States_002164.xml,train
United_States_004058.xml,train
United_States_001549.xml,train
United_States_000280.xml,train
United_States_003267.xml,train
United_States_001733.xml,train
United_States_003340.xml,train
United_States_001014.xml,train
United_States_001101.xml,train
United_States_002416.xml,train
United_States_002543.xml,train
United_States_003472.xml,train
United_States_002589.xml,train
United_States_002460.xml,train
United_States_004126.xml,train
United_States_003788.xml,train
United_States_001195.xml,train
United_States_002526.xml,train
United_States_001525.xml,train
United_States_004635.xml,train
United_States_001173.xml,train
United_States_004705.xml,train
United_States_003150.xml,train
United_States_003137.xml,train
United_States_003361.xml,train
United_States_004659.xml,train
United_States_001282.xml,train
United_States_003388.xml,train
United_States_001278.xml,train
United_States_003828.xml,train
United_States_002594.xml,train
United_States_004097.xml,train
United_States_003217.xml,train
United_States_002489.xml,train
United_States_002660.xml,train
United_States_000923.xml,train
United_States_004772.xml,train
United_States_003542.xml,train
United_States_002112.xml,train
United_States_001773.xml,train
United_States_002447.xml,train
United_States_003629.xml,train
United_States_000740.xml,train
United_States_002395.xml,train
United_States_004145.xml,train
United_States_004459.xml,train
United_States_003947.xml,train
United_States_002818.xml,train
United_States_004206.xml,train
United_States_003525.xml,train
United_States_003894.xml,train
United_States_000672.xml,train
United_States_003060.xml,train
United_States_003434.xml,train
United_States_001495.xml,train
United_States_002982.xml,train
United_States_004735.xml,train
United_States_004512.xml,train
United_States_002363.xml,train
United_States_002910.xml,train
United_States_000205.xml,train
United_States_004526.xml,train
United_States_000564.xml,train
United_States_002525.xml,train
United_States_001482.xml,train
United_States_001849.xml,train
United_States_004031.xml,train
United_States_000790.xml,train
United_States_002099.xml,train
United_States_003403.xml,train
United_States_000454.xml,train
United_States_002268.xml,train
United_States_003389.xml,train
United_States_001156.xml,train
United_States_000871.xml,train
United_States_001212.xml,train
United_States_000887.xml,train
United_States_001903.xml,train
United_States_004258.xml,train
United_States_002471.xml,train
United_States_000657.xml,train
United_States_001056.xml,train
United_States_002567.xml,train
United_States_002151.xml,train
United_States_004202.xml,train
United_States_002779.xml,train
United_States_002560.xml,train
United_States_003887.xml,train
United_States_002730.xml,train
United_States_004256.xml,train
United_States_003665.xml,train
United_States_000515.xml,train
United_States_000058.xml,train
United_States_000426.xml,train
United_States_004793.xml,train
United_States_002119.xml,train
United_States_002060.xml,train
United_States_002705.xml,train
United_States_000126.xml,train
United_States_000195.xml,train
United_States_000989.xml,train
United_States_001323.xml,train
United_States_000347.xml,train
United_States_003300.xml,train
United_States_003918.xml,train
United_States_003316.xml,train
United_States_001386.xml,train
United_States_003864.xml,train
United_States_000193.xml,train
United_States_003575.xml,train
United_States_000190.xml,train
United_States_003457.xml,train
United_States_003170.xml,train
United_States_001735.xml,train
United_States_003065.xml,train
United_States_000712.xml,train
United_States_004747.xml,train
United_States_002424.xml,train
United_States_001863.xml,train
United_States_001048.xml,train
United_States_000576.xml,train
United_States_003704.xml,train
United_States_003920.xml,train
United_States_004686.xml,train
United_States_002131.xml,train
United_States_002661.xml,train
United_States_004116.xml,train
United_States_003836.xml,train
United_States_003358.xml,train
United_States_003714.xml,train
United_States_002766.xml,train
United_States_001884.xml,train
United_States_003627.xml,train
United_States_003649.xml,train
United_States_003559.xml,train
United_States_000444.xml,train
United_States_001700.xml,train
United_States_000083.xml,train
United_States_004786.xml,train
United_States_001786.xml,train
United_States_002442.xml,train
United_States_001731.xml,train
United_States_002325.xml,train
United_States_000970.xml,train
United_States_002681.xml,train
United_States_001749.xml,train
United_States_003560.xml,train
United_States_001162.xml,train
United_States_002714.xml,train
United_States_004029.xml,train
United_States_000537.xml,train
United_States_000577.xml,train
United_States_000737.xml,test
United_States_003591.xml,test
United_States_000419.xml,test
United_States_001795.xml,test
United_States_004585.xml,test
United_States_004135.xml,test
United_States_004666.xml,test
United_States_000045.xml,test
United_States_004180.xml,test
United_States_000436.xml,test
United_States_000131.xml,test
United_States_004316.xml,test
United_States_004173.xml,test
United_States_001617.xml,test
United_States_000973.xml,test
United_States_003257.xml,test
United_States_001507.xml,test
United_States_000865.xml,test
United_States_004668.xml,test
United_States_003145.xml,test
United_States_004546.xml,test
United_States_001006.xml,test
United_States_000541.xml,test
United_States_004433.xml,test
United_States_002343.xml,test
United_States_003861.xml,test
United_States_004346.xml,test
United_States_000194.xml,test
United_States_004508.xml,test
United_States_002155.xml,test
United_States_004507.xml,test
United_States_004210.xml,test
United_States_002030.xml,test
United_States_004628.xml,test
United_States_002322.xml,test
United_States_001992.xml,test
United_States_001688.xml,test
United_States_004472.xml,test
United_States_000081.xml,test
United_States_002150.xml,test
United_States_001082.xml,test
United_States_004238.xml,test
United_States_001922.xml,test
United_States_002049.xml,test
United_States_001716.xml,test
United_States_001467.xml,test
United_States_002278.xml,test
United_States_001523.xml,test
United_States_003328.xml,test
United_States_001454.xml,test
United_States_004146.xml,test
United_States_001225.xml,test
United_States_001823.xml,test
United_States_000675.xml,test
United_States_001990.xml,test
United_States_001769.xml,test
United_States_000161.xml,test
United_States_000544.xml,test
United_States_002842.xml,test
United_States_002187.xml,test
United_States_002781.xml,test
United_States_002433.xml,test
United_States_002149.xml,test
United_States_001344.xml,test
United_States_001998.xml,test
United_States_003069.xml,test
United_States_004701.xml,test
United_States_000459.xml,test
United_States_001281.xml,test
United_States_004561.xml,test
United_States_001380.xml,test
United_States_001168.xml,test
United_States_000456.xml,test
United_States_000116.xml,test
United_States_004642.xml,test
United_States_002018.xml,test
United_States_002204.xml,test
United_States_004275.xml,test
United_States_001200.xml,test
United_States_001756.xml,test
United_States_000855.xml,test
United_States_001136.xml,test
United_States_001176.xml,test
United_States_003776.xml,test
United_States_000232.xml,test
United_States_001697.xml,test
United_States_000512.xml,test
United_States_000154.xml,test
United_States_003177.xml,test
United_States_002016.xml,test
United_States_000111.xml,test
United_States_003448.xml,test
United_States_002729.xml,test
United_States_000978.xml,test
United_States_004101.xml,test
United_States_004760.xml,test
United_States_004349.xml,test
United_States_002191.xml,test
United_States_001787.xml,test
United_States_004443.xml,test
United_States_001780.xml,test
United_States_004263.xml,test
United_States_001935.xml,test
United_States_003061.xml,test
United_States_004310.xml,test
United_States_002316.xml,test
United_States_000248.xml,test
United_States_000404.xml,test
United_States_000808.xml,test
United_States_001702.xml,test
United_States_002120.xml,test
United_States_000960.xml,test
United_States_002105.xml,test
United_States_004091.xml,test
United_States_000838.xml,test
United_States_002679.xml,test
United_States_003281.xml,test
United_States_003799.xml,test
United_States_002630.xml,test
United_States_003708.xml,test
United_States_003613.xml,test
United_States_000563.xml,test
United_States_001833.xml,test
United_States_004395.xml,test
United_States_003650.xml,test
United_States_001696.xml,test
United_States_001814.xml,test
United_States_004712.xml,test
United_States_000681.xml,test
United_States_004660.xml,test
United_States_000320.xml,test
United_States_002979.xml,test
United_States_003456.xml,test
United_States_004454.xml,test
United_States_002163.xml,test
United_States_000072.xml,test
United_States_000731.xml,test
United_States_003997.xml,test
United_States_002976.xml,test
United_States_000075.xml,test
United_States_004574.xml,test
United_States_000297.xml,test
United_States_002044.xml,test
United_States_001759.xml,test
United_States_002045.xml,test
United_States_003314.xml,test
United_States_000968.xml,test
United_States_002642.xml,test
United_States_004284.xml,test
United_States_003936.xml,test
United_States_000338.xml,test
United_States_002137.xml,test
United_States_001031.xml,test
United_States_000572.xml,test
United_States_003924.xml,test
United_States_004519.xml,test
United_States_003112.xml,test
United_States_001622.xml,test
United_States_003205.xml,test
United_States_003898.xml,test
United_States_001199.xml,test
United_States_003342.xml,test
United_States_000609.xml,test
United_States_004411.xml,test
United_States_003222.xml,test
United_States_002814.xml,test
United_States_000619.xml,test
United_States_003006.xml,test
United_States_004544.xml,test
United_States_002772.xml,test
United_States_000640.xml,test
United_States_003881.xml,test
United_States_002367.xml,test
United_States_002227.xml,test
United_States_002406.xml,test
United_States_000101.xml,test
United_States_002228.xml,test
United_States_002076.xml,test
United_States_002418.xml,test
United_States_003813.xml,test
United_States_001371.xml,test
United_States_003127.xml,test
United_States_001744.xml,test
United_States_004012.xml,test
United_States_003231.xml,test
United_States_001203.xml,test
United_States_000331.xml,test
United_States_004440.xml,test
United_States_001378.xml,test
United_States_004645.xml,test
United_States_002740.xml,test
United_States_001032.xml,test
United_States_004160.xml,test
United_States_002059.xml,test
United_States_002554.xml,test
United_States_003066.xml,test
United_States_003977.xml,test
United_States_000633.xml,test
United_States_004332.xml,test
United_States_002585.xml,test
United_States_004030.xml,test
United_States_002393.xml,test
United_States_002391.xml,test
United_States_004393.xml,test
United_States_001853.xml,test
United_States_001302.xml,test
United_States_004118.xml,test
United_States_002057.xml,test
United_States_002222.xml,test
United_States_003850.xml,test
United_States_002422.xml,test
United_States_000495.xml,test
United_States_001818.xml,test
United_States_000485.xml,test
United_States_001561.xml,test
United_States_002562.xml,test
United_States_001820.xml,test
United_States_001471.xml,test
United_States_004127.xml,test
United_States_002744.xml,test
United_States_001927.xml,test
United_States_003671.xml,test
United_States_004044.xml,test
United_States_001155.xml,test
United_States_004240.xml,test
United_States_000333.xml,test
United_States_000304.xml,test
United_States_002341.xml,test
United_States_003180.xml,test
United_States_004738.xml,test
United_States_000281.xml,test
United_States_001067.xml,test
United_States_000511.xml,test
United_States_001335.xml,test
United_States_002269.xml,test
United_States_002156.xml,test
United_States_000252.xml,test
United_States_002463.xml,test
United_States_003026.xml,test
United_States_001763.xml,test
United_States_002238.xml,test
United_States_000273.xml,test
United_States_002107.xml,test
United_States_000328.xml,test
United_States_001991.xml,test
United_States_001757.xml,test
United_States_002557.xml,test
United_States_003090.xml,test
United_States_003359.xml,test
United_States_001826.xml,test
United_States_002182.xml,test
United_States_003277.xml,test
United_States_000173.xml,test
United_States_004025.xml,test
United_States_000755.xml,test
United_States_003352.xml,test
United_States_003835.xml,test
United_States_000733.xml,test
United_States_002404.xml,test
United_States_001108.xml,test
United_States_003730.xml,test
United_States_002402.xml,test
United_States_004630.xml,test
United_States_003076.xml,test
United_States_001639.xml,test
United_States_000042.xml,test
United_States_003951.xml,test
United_States_003571.xml,test
United_States_000992.xml,test
United_States_000168.xml,test
United_States_002491.xml,test
United_States_003793.xml,test
United_States_001770.xml,test
United_States_001419.xml,test
United_States_001421.xml,test
United_States_001035.xml,test
United_States_002243.xml,test
United_States_001388.xml,test
United_States_003454.xml,test
United_States_003311.xml,test
United_States_003264.xml,test
United_States_001586.xml,test
United_States_000001.xml,test
United_States_000340.xml,test
United_States_000411.xml,test
United_States_000579.xml,test
United_States_001442.xml,test
United_States_002053.xml,test
United_States_004605.xml,test
United_States_000875.xml,test
United_States_002540.xml,test
United_States_003174.xml,test
United_States_004321.xml,test
United_States_000031.xml,test
United_States_000153.xml,test
United_States_000453.xml,test
United_States_000159.xml,test
United_States_001758.xml,test
United_States_000260.xml,test
United_States_001078.xml,test
United_States_000327.xml,test
United_States_004038.xml,test
United_States_002432.xml,test
United_States_001704.xml,test
United_States_003940.xml,test
United_States_003511.xml,test
United_States_000489.xml,test
United_States_002069.xml,test
United_States_001387.xml,test
United_States_001544.xml,test
United_States_000100.xml,test
United_States_004226.xml,test
United_States_003995.xml,test
United_States_000924.xml,test
United_States_003420.xml,test
United_States_002564.xml,test
United_States_001242.xml,test
United_States_000177.xml,test
United_States_001112.xml,test
United_States_003892.xml,test
United_States_001174.xml,test
United_States_003318.xml,test
United_States_001385.xml,test
United_States_000919.xml,test
United_States_002816.xml,test
United_States_004054.xml,test
United_States_004312.xml,test
United_States_000358.xml,test
United_States_000412.xml,test
United_States_003549.xml,test
United_States_000805.xml,test
United_States_003103.xml,test
United_States_002153.xml,test
United_States_003588.xml,test
United_States_000469.xml,test
United_States_000680.xml,test
United_States_004339.xml,test
United_States_001131.xml,test
United_States_004746.xml,test
United_States_001204.xml,test
United_States_003416.xml,test
United_States_000416.xml,test
United_States_003344.xml,test
United_States_002637.xml,test
United_States_003720.xml,test
United_States_000542.xml,test
United_States_001248.xml,test
United_States_004415.xml,test
United_States_002768.xml,test
United_States_003234.xml,test
United_States_000707.xml,test
United_States_004552.xml,test
United_States_002169.xml,test
United_States_004739.xml,test
United_States_003470.xml,test
United_States_001588.xml,test
United_States_004046.xml,test
United_States_002916.xml,test
United_States_000026.xml,test
United_States_002051.xml,test
United_States_000479.xml,test
United_States_001489.xml,test
United_States_003503.xml,test
United_States_001706.xml,test
United_States_004323.xml,test
United_States_004588.xml,test
United_States_003260.xml,test
United_States_003639.xml,test
United_States_003088.xml,test
United_States_003336.xml,test
United_States_001451.xml,test
United_States_001825.xml,test
United_States_003022.xml,test
United_States_000620.xml,test
United_States_000420.xml,test
United_States_001547.xml,test
United_States_003370.xml,test
United_States_000882.xml,test
United_States_000663.xml,test
United_States_002172.xml,test
United_States_003790.xml,test
United_States_003725.xml,test
United_States_000825.xml,test
United_States_003957.xml,test
United_States_003439.xml,test
United_States_004711.xml,test
United_States_004488.xml,test
United_States_003269.xml,test
United_States_000833.xml,test
United_States_000482.xml,test
United_States_002912.xml,test
United_States_004506.xml,test
United_States_002230.xml,test
United_States_004139.xml,test
United_States_003263.xml,test
United_States_000305.xml,test
United_States_003320.xml,test
United_States_000181.xml,test
United_States_003537.xml,test
United_States_003488.xml,test
United_States_000040.xml,test
United_States_004355.xml,test
United_States_004171.xml,test
United_States_002796.xml,test
United_States_001073.xml,test
United_States_000561.xml,test
United_States_001285.xml,test
United_States_004580.xml,test
United_States_000085.xml,test
United_States_002929.xml,test
United_States_001217.xml,test
United_States_000099.xml,test
United_States_003774.xml,test
United_States_001433.xml,test
United_States_002805.xml,test
United_States_004684.xml,test
United_States_003187.xml,test
United_States_001573.xml,test
United_States_002232.xml,test
United_States_003893.xml,test
United_States_000776.xml,test
United_States_000135.xml,test
United_States_001898.xml,test
United_States_002783.xml,test
United_States_003683.xml,test
United_States_002200.xml,test
United_States_000322.xml,test
United_States_003292.xml,test
United_States_004644.xml,test
United_States_001458.xml,test
United_States_000438.xml,test
United_States_002975.xml,test
United_States_004364.xml,test
United_States_000863.xml,test
United_States_004531.xml,test
United_States_000424.xml,test
United_States_000715.xml,test
United_States_001059.xml,test
United_States_000816.xml,test
United_States_001623.xml,test
United_States_003566.xml,test
United_States_002687.xml,test
United_States_003663.xml,test
United_States_002017.xml,test
United_States_000926.xml,test
United_States_002717.xml,test
United_States_004731.xml,test
United_States_000607.xml,test
United_States_004569.xml,test
United_States_002576.xml,test
United_States_002829.xml,test
United_States_003767.xml,test
United_States_003826.xml,test
United_States_003050.xml,test
United_States_004150.xml,test
United_States_000463.xml,test
United_States_000225.xml,test
United_States_004286.xml,test
United_States_002911.xml,test
United_States_004633.xml,test
United_States_001274.xml,test
United_States_004402.xml,test
United_States_003831.xml,test
United_States_000777.xml,test
United_States_003045.xml,test
United_States_000375.xml,test
United_States_000628.xml,test
United_States_002495.xml,test
United_States_002590.xml,test
United_States_004341.xml,test
United_States_002025.xml,test
United_States_003489.xml,test
United_States_001490.xml,test
United_States_002735.xml,test
United_States_002978.xml,test
United_States_002220.xml,test
United_States_000033.xml,test
United_States_002822.xml,test
United_States_002964.xml,test
United_States_003597.xml,test
United_States_003803.xml,test
United_States_002529.xml,test
United_States_000314.xml,test
United_States_001589.xml,test
United_States_000764.xml,test
United_States_000610.xml,test
United_States_001118.xml,test
United_States_001970.xml,test
United_States_003948.xml,test
United_States_004634.xml,test
United_States_004401.xml,test
United_States_000202.xml,test
United_States_001214.xml,test
United_States_002600.xml,test
United_States_004470.xml,test
United_States_001956.xml,test
United_States_004190.xml,test
United_States_004615.xml,test
United_States_001337.xml,test
United_States_002900.xml,test
United_States_003993.xml,test
United_States_004719.xml,test
United_States_001318.xml,test
United_States_004232.xml,test
United_States_000370.xml,test
United_States_004133.xml,test
United_States_000912.xml,test
United_States_001771.xml,test
United_States_002188.xml,test
United_States_003194.xml,test
United_States_003954.xml,test
United_States_000698.xml,test
United_States_002385.xml,test
United_States_003443.xml,test
United_States_000212.xml,test
United_States_003555.xml,test
United_States_002397.xml,test
United_States_003295.xml,test
United_States_004399.xml,test
United_States_004559.xml,test
United_States_004640.xml,test
United_States_002247.xml,test
United_States_004775.xml,test
United_States_002775.xml,test
United_States_003494.xml,test
United_States_000743.xml,test
United_States_003400.xml,test
United_States_000256.xml,test
United_States_001762.xml,test
United_States_000231.xml,test
United_States_004572.xml,test
United_States_000844.xml,test
United_States_004421.xml,test
United_States_001707.xml,test
United_States_001995.xml,test
United_States_000388.xml,test
United_States_002205.xml,test
United_States_001607.xml,test
United_States_003238.xml,test
United_States_004802.xml,test
United_States_004348.xml,test
United_States_002334.xml,test
United_States_002871.xml,test
United_States_002509.xml,test
United_States_002267.xml,test
United_States_003113.xml,test
United_States_004528.xml,test
United_States_000821.xml,test
United_States_004161.xml,test
United_States_003176.xml,test
United_States_002836.xml,test
United_States_001534.xml,test
United_States_002508.xml,test
United_States_000006.xml,test
United_States_004596.xml,test
United_States_001964.xml,test
United_States_003553.xml,test
United_States_001892.xml,test
United_States_004792.xml,test
United_States_002671.xml,test
United_States_001414.xml,test
United_States_001686.xml,test
United_States_001891.xml,test
United_States_003972.xml,test
United_States_001310.xml,test
United_States_001492.xml,test
United_States_004538.xml,test
United_States_004704.xml,test
United_States_001167.xml,test
United_States_004513.xml,test
United_States_003722.xml,test
United_States_000937.xml,test
United_States_004294.xml,test
United_States_002981.xml,test
United_States_003484.xml,test
United_States_003087.xml,test
United_States_001029.xml,test
United_States_003446.xml,test
United_States_001641.xml,test
United_States_000962.xml,test
United_States_002203.xml,test
United_States_000018.xml,test
United_States_002275.xml,test
United_States_004067.xml,test
United_States_003830.xml,test
United_States_003841.xml,test
United_States_002542.xml,test
United_States_002328.xml,test
United_States_002972.xml,test
United_States_003814.xml,test
United_States_003504.xml,test
United_States_000921.xml,test
United_States_004224.xml,test
United_States_000293.xml,test
United_States_001319.xml,test
United_States_001872.xml,test
United_States_002620.xml,test
United_States_003865.xml,test
United_States_000644.xml,test
United_States_000029.xml,test
United_States_002696.xml,test
United_States_003974.xml,test
United_States_003004.xml,test
United_States_002656.xml,test
United_States_002394.xml,test
United_States_000023.xml,test
United_States_002799.xml,test
United_States_001383.xml,test
United_States_001477.xml,test
United_States_003514.xml,test
United_States_004308.xml,test
United_States_000872.xml,test
United_States_004797.xml,test
United_States_001950.xml,test
United_States_001932.xml,test
United_States_003380.xml,test
United_States_002033.xml,test
United_States_003027.xml,test
United_States_004540.xml,test
United_States_000908.xml,test
United_States_002466.xml,test
United_States_004314.xml,test
United_States_002332.xml,test
United_States_001043.xml,test
United_States_000554.xml,test
United_States_003478.xml,test
United_States_003401.xml,test
United_States_004273.xml,test
United_States_000993.xml,test
United_States_002248.xml,test
United_States_001010.xml,test
United_States_002530.xml,test
United_States_001061.xml,test
United_States_002037.xml,test
United_States_001109.xml,test
United_States_001417.xml,test
United_States_002477.xml,test
United_States_000245.xml,test
United_States_004017.xml,test
United_States_003036.xml,test
United_States_000108.xml,test
United_States_004140.xml,test
United_States_000452.xml,test
United_States_001106.xml,test
United_States_004370.xml,test
United_States_000647.xml,test
United_States_004478.xml,test
United_States_004204.xml,test
United_States_003984.xml,test
United_States_000775.xml,test
United_States_003345.xml,test
United_States_004018.xml,test
United_States_002480.xml,test
United_States_002128.xml,test
United_States_001052.xml,test
United_States_001271.xml,test
United_States_000084.xml,test
United_States_001163.xml,test
United_States_001788.xml,test
United_States_004577.xml,test
United_States_002587.xml,test
United_States_003897.xml,test
United_States_002139.xml,test
United_States_003404.xml,test
United_States_003760.xml,test
United_States_001258.xml,test
United_States_000079.xml,test
United_States_002571.xml,test
United_States_001933.xml,test
United_States_003529.xml,test
United_States_001382.xml,test
United_States_003519.xml,test
United_States_004745.xml,test
United_States_000604.xml,test
United_States_003698.xml,test
United_States_001330.xml,test
United_States_001670.xml,test
United_States_004043.xml,test
United_States_000221.xml,test
United_States_004700.xml,test
United_States_000300.xml,test
United_States_003590.xml,test
United_States_004736.xml,test
United_States_001646.xml,test
United_States_001595.xml,test
United_States_003539.xml,test
United_States_004177.xml,test
United_States_002902.xml,test
United_States_003664.xml,test
United_States_001154.xml,test
United_States_002103.xml,test
United_States_002430.xml,test
United_States_001439.xml,test
United_States_003270.xml,test
United_States_004691.xml,test
United_States_000060.xml,test
United_States_003670.xml,test
United_States_001630.xml,test
United_States_000517.xml,test
United_States_004652.xml,test
United_States_002865.xml,test
United_States_001018.xml,test
United_States_004768.xml,test
United_States_000218.xml,test
United_States_004155.xml,test
United_States_000914.xml,test
United_States_000705.xml,test
United_States_003855.xml,test
United_States_000066.xml,test
United_States_003573.xml,test
United_States_000588.xml,test
United_States_001732.xml,test
United_States_003839.xml,test
United_States_003547.xml,test
United_States_002650.xml,test
United_States_004614.xml,test
United_States_002374.xml,test
United_States_003169.xml,test
United_States_001737.xml,test
United_States_004780.xml,test
United_States_002281.xml,test
United_States_004706.xml,test
United_States_001760.xml,test
United_States_002573.xml,test
United_States_000961.xml,test
United_States_003956.xml,test
United_States_004669.xml,test
United_States_003922.xml,test
United_States_001505.xml,test
United_States_003278.xml,test
United_States_003441.xml,test
United_States_003570.xml,test
United_States_001789.xml,test
United_States_002867.xml,test
United_States_000742.xml,test
United_States_003587.xml,test
United_States_001928.xml,test
United_States_004378.xml,test
United_States_004179.xml,test
United_States_004144.xml,test
United_States_000890.xml,test
United_States_001500.xml,test
United_States_003386.xml,test
United_States_002657.xml,test
United_States_002086.xml,test
United_States_003527.xml,test
United_States_002373.xml,test
United_States_001793.xml,test
United_States_002004.xml,test
United_States_001491.xml,test
United_States_001415.xml,test
United_States_001972.xml,test
United_States_003592.xml,test
United_States_002011.xml,test
United_States_001024.xml,test
United_States_003073.xml,test
United_States_004039.xml,test
United_States_001236.xml,test
United_States_001120.xml,test
United_States_000682.xml,test
United_States_002141.xml,test
United_States_000632.xml,test
United_States_000103.xml,test
United_States_001526.xml,test
United_States_003059.xml,test
United_States_004423.xml,test
United_States_002795.xml,test
United_States_003255.xml,test
United_States_001734.xml,test
United_States_003509.xml,test
United_States_000502.xml,test
United_States_003017.xml,test
United_States_002897.xml,test
United_States_002989.xml,test
United_States_000106.xml,test
United_States_002240.xml,test
United_States_003679.xml,test
United_States_002824.xml,test
United_States_003607.xml,test
United_States_000696.xml,test
United_States_001679.xml,test
United_States_000498.xml,test
United_States_001869.xml,test
United_States_000184.xml,test
United_States_003829.xml,test
United_States_004392.xml,test
United_States_002758.xml,test
United_States_004277.xml,test
United_States_002958.xml,test
United_States_000708.xml,test
United_States_004446.xml,test
United_States_002742.xml,test
United_States_002055.xml,test
United_States_003192.xml,test
United_States_004365.xml,test
United_States_002419.xml,test
United_States_002622.xml,test
United_States_001951.xml,test
United_States_001730.xml,test
United_States_002706.xml,test
United_States_000999.xml,test
United_States_003408.xml,test
United_States_002810.xml,test
United_States_001460.xml,test
United_States_001980.xml,test
United_States_003600.xml,test
United_States_002710.xml,test
United_States_001149.xml,test
United_States_002699.xml,test
United_States_001750.xml,test
United_States_000759.xml,test
United_States_001434.xml,test
United_States_003364.xml,test
United_States_000809.xml,test
United_States_000484.xml,test
United_States_004763.xml,test
United_States_002109.xml,test
United_States_002287.xml,test
United_States_002027.xml,test
United_States_003723.xml,test
United_States_002467.xml,test
United_States_004315.xml,test
United_States_004229.xml,test
United_States_002777.xml,test
United_States_004102.xml,test
United_States_003520.xml,test
United_States_001192.xml,test
United_States_002288.xml,test
United_States_002994.xml,test
United_States_003331.xml,test
United_States_001377.xml,test
United_States_003991.xml,test
United_States_001484.xml,test
United_States_002482.xml,test
United_States_003214.xml,test
United_States_001255.xml,test
United_States_000862.xml,test
United_States_004176.xml,test
United_States_003363.xml,test
United_States_000730.xml,test
United_States_002305.xml,test
United_States_003437.xml,test
United_States_003522.xml,test
United_States_004216.xml,test
United_States_002284.xml,test
United_States_000801.xml,test
United_States_003915.xml,test
United_States_000233.xml,test
United_States_001712.xml,test
United_States_000130.xml,test
United_States_002535.xml,test
United_States_000115.xml,test
United_States_000704.xml,test
United_States_002021.xml,test
United_States_003196.xml,test
United_States_002608.xml,test
United_States_004717.xml,test
United_States_003092.xml,test
United_States_000464.xml,test
United_States_004541.xml,test
United_States_002746.xml,test
United_States_004154.xml,test
United_States_001886.xml,test
United_States_002516.xml,test
United_States_002357.xml,test
United_States_001237.xml,test
United_States_000180.xml,test
United_States_003740.xml,test
United_States_002052.xml,test
United_States_002950.xml,test
United_States_003362.xml,test
United_States_001635.xml,test
United_States_003883.xml,test
United_States_004304.xml,test
United_States_002568.xml,test
United_States_004452.xml,test
United_States_001528.xml,test
United_States_002050.xml,test
United_States_004714.xml,test
United_States_000724.xml,test
United_States_004023.xml,test
United_States_001726.xml,test
United_States_000215.xml,test
United_States_000685.xml,test
United_States_001459.xml,test
United_States_002196.xml,test
United_States_001296.xml,test
United_States_004548.xml,test
United_States_004287.xml,test
United_States_001188.xml,test
United_States_001291.xml,test
United_States_003919.xml,test
United_States_002454.xml,test
United_States_000139.xml,test
United_States_000820.xml,test
United_States_004369.xml,test
United_States_002992.xml,test
United_States_004085.xml,test
United_States_002915.xml,test
United_States_002115.xml,test
United_States_004716.xml,test
United_States_003063.xml,test
United_States_002178.xml,test
United_States_001904.xml,test
United_States_002501.xml,test
United_States_002726.xml,test
United_States_001663.xml,test
United_States_004581.xml,test
United_States_003608.xml,test
United_States_001501.xml,test
United_States_003248.xml,test
United_States_004474.xml,test
United_States_002885.xml,test
United_States_002289.xml,test
United_States_000932.xml,test
United_States_003372.xml,test
United_States_004651.xml,test
United_States_001506.xml,test
United_States_004627.xml,test
United_States_002179.xml,test
United_States_001133.xml,test
United_States_003254.xml,test
United_States_004725.xml,test
United_States_000744.xml,test
United_States_000641.xml,test
United_States_003675.xml,test
United_States_002753.xml,test
United_States_001782.xml,test
United_States_000827.xml,test
United_States_000880.xml,test
United_States_002611.xml,test
United_States_000410.xml,test
United_States_000477.xml,test
United_States_003631.xml,test
United_States_003661.xml,test
United_States_001134.xml,test
United_States_000558.xml,test
United_States_001579.xml,test
United_States_000858.xml,test
United_States_000262.xml,test
United_States_000596.xml,test
United_States_000394.xml,test
United_States_004218.xml,test
United_States_003738.xml,test
United_States_001809.xml,test
United_States_003757.xml,test
United_States_000384.xml,test
United_States_003880.xml,test
United_States_004794.xml,test
United_States_003963.xml,test
United_States_004553.xml,test
United_States_002566.xml,test
United_States_002857.xml,test
United_States_001958.xml,test
United_States_002000.xml,test
United_States_004265.xml,test
United_States_002986.xml,test
United_States_001612.xml,test
United_States_000185.xml,test
United_States_001049.xml,test
United_States_004217.xml,test
