filename,split
Japan_000180.xml,train
Japan_003510.xml,train
Japan_001642.xml,train
Japan_003606.xml,train
Japan_006677.xml,train
Japan_007296.xml,train
Japan_003368.xml,train
Japan_002407.xml,train
Japan_006327.xml,train
Japan_010223.xml,train
Japan_000817.xml,train
Japan_011356.xml,train
Japan_010283.xml,train
Japan_000151.xml,train
Japan_011572.xml,train
Japan_003335.xml,train
Japan_009934.xml,train
Japan_004392.xml,train
Japan_004966.xml,train
Japan_009683.xml,train
Japan_002989.xml,train
Japan_004869.xml,train
Japan_007248.xml,train
Japan_005128.xml,train
Japan_001979.xml,train
Japan_006705.xml,train
Japan_008803.xml,train
Japan_012210.xml,train
Japan_001729.xml,train
Japan_003374.xml,train
Japan_009907.xml,train
Japan_006691.xml,train
Japan_003682.xml,train
Japan_003891.xml,train
Japan_012494.xml,train
Japan_011009.xml,train
Japan_005646.xml,train
Japan_009038.xml,train
Japan_011320.xml,train
Japan_009973.xml,train
Japan_008809.xml,train
Japan_000865.xml,train
Japan_010125.xml,train
Japan_001868.xml,train
Japan_010826.xml,train
Japan_006083.xml,train
Japan_003994.xml,train
Japan_006025.xml,train
Japan_010816.xml,train
Japan_008780.xml,train
Japan_007297.xml,train
Japan_005057.xml,train
Japan_000639.xml,train
Japan_011643.xml,train
Japan_011124.xml,train
Japan_005510.xml,train
Japan_004234.xml,train
Japan_009116.xml,train
Japan_005426.xml,train
Japan_007930.xml,train
Japan_010741.xml,train
Japan_001182.xml,train
Japan_008637.xml,train
Japan_000402.xml,train
Japan_002158.xml,train
Japan_002357.xml,train
Japan_001779.xml,train
Japan_012527.xml,train
Japan_003827.xml,train
Japan_002039.xml,train
Japan_005665.xml,train
Japan_011748.xml,train
Japan_012182.xml,train
Japan_007292.xml,train
Japan_012020.xml,train
Japan_012780.xml,train
Japan_007482.xml,train
Japan_003623.xml,train
Japan_011454.xml,train
Japan_003899.xml,train
Japan_012399.xml,train
Japan_002856.xml,train
Japan_006562.xml,train
Japan_004642.xml,train
Japan_010451.xml,train
Japan_005249.xml,train
Japan_012685.xml,train
Japan_001558.xml,train
Japan_007617.xml,train
Japan_010024.xml,train
Japan_008401.xml,train
Japan_009708.xml,train
Japan_012722.xml,train
Japan_009479.xml,train
Japan_006598.xml,train
Japan_008784.xml,train
Japan_003680.xml,train
Japan_005437.xml,train
Japan_007751.xml,train
Japan_000885.xml,train
Japan_011988.xml,train
Japan_011498.xml,train
Japan_003744.xml,train
Japan_008396.xml,train
Japan_005990.xml,train
Japan_009145.xml,train
Japan_010581.xml,train
Japan_007111.xml,train
Japan_010115.xml,train
Japan_007229.xml,train
Japan_005861.xml,train
Japan_002214.xml,train
Japan_004501.xml,train
Japan_000004.xml,train
Japan_005946.xml,train
Japan_000379.xml,train
Japan_009453.xml,train
Japan_011645.xml,train
Japan_001323.xml,train
Japan_003677.xml,train
Japan_003666.xml,train
Japan_010957.xml,train
Japan_007445.xml,train
Japan_002978.xml,train
Japan_002341.xml,train
Japan_009285.xml,train
Japan_011430.xml,train
Japan_001803.xml,train
Japan_010477.xml,train
Japan_012861.xml,train
Japan_006612.xml,train
Japan_007877.xml,train
Japan_010021.xml,train
Japan_011066.xml,train
Japan_004335.xml,train
Japan_010955.xml,train
Japan_003761.xml,train
Japan_005303.xml,train
Japan_008525.xml,train
Japan_002661.xml,train
Japan_010487.xml,train
Japan_001328.xml,train
Japan_003378.xml,train
Japan_003940.xml,train
Japan_000950.xml,train
Japan_009233.xml,train
Japan_003194.xml,train
Japan_010890.xml,train
Japan_011917.xml,train
Japan_009523.xml,train
Japan_008292.xml,train
Japan_004430.xml,train
Japan_011885.xml,train
Japan_006036.xml,train
Japan_005770.xml,train
Japan_008190.xml,train
Japan_008171.xml,train
Japan_006854.xml,train
Japan_001786.xml,train
Japan_012184.xml,train
Japan_012678.xml,train
Japan_006620.xml,train
Japan_006034.xml,train
Japan_002751.xml,train
Japan_004856.xml,train
Japan_003604.xml,train
Japan_009583.xml,train
Japan_005679.xml,train
Japan_009903.xml,train
Japan_005792.xml,train
Japan_001205.xml,train
Japan_007208.xml,train
Japan_006074.xml,train
Japan_011138.xml,train
Japan_002818.xml,train
Japan_013092.xml,train
Japan_001898.xml,train
Japan_003137.xml,train
Japan_000762.xml,train
Japan_001951.xml,train
Japan_009437.xml,train
Japan_011327.xml,train
Japan_005427.xml,train
Japan_012794.xml,train
Japan_003161.xml,train
Japan_012538.xml,train
Japan_005976.xml,train
Japan_009555.xml,train
Japan_000778.xml,train
Japan_012988.xml,train
Japan_011032.xml,train
Japan_006722.xml,train
Japan_007742.xml,train
Japan_011191.xml,train
Japan_010958.xml,train
Japan_006126.xml,train
Japan_002086.xml,train
Japan_008599.xml,train
Japan_012022.xml,train
Japan_005429.xml,train
Japan_011090.xml,train
Japan_008083.xml,train
Japan_006110.xml,train
Japan_007043.xml,train
Japan_006807.xml,train
Japan_010543.xml,train
Japan_000874.xml,train
Japan_003232.xml,train
Japan_002606.xml,train
Japan_011118.xml,train
Japan_009587.xml,train
Japan_005191.xml,train
Japan_012545.xml,train
Japan_006171.xml,train
Japan_004813.xml,train
Japan_000171.xml,train
Japan_005285.xml,train
Japan_008131.xml,train
Japan_001036.xml,train
Japan_011076.xml,train
Japan_008265.xml,train
Japan_002874.xml,train
Japan_007853.xml,train
Japan_008928.xml,train
Japan_008186.xml,train
Japan_005855.xml,train
Japan_012417.xml,train
Japan_004590.xml,train
Japan_008618.xml,train
Japan_003777.xml,train
Japan_009647.xml,train
Japan_001845.xml,train
Japan_005221.xml,train
Japan_002520.xml,train
Japan_006154.xml,train
Japan_001302.xml,train
Japan_010648.xml,train
Japan_011525.xml,train
Japan_006275.xml,train
Japan_012645.xml,train
Japan_006962.xml,train
Japan_000357.xml,train
Japan_005694.xml,train
Japan_010149.xml,train
Japan_004484.xml,train
Japan_003185.xml,train
Japan_004451.xml,train
Japan_005117.xml,train
Japan_007725.xml,train
Japan_003298.xml,train
Japan_008632.xml,train
Japan_001588.xml,train
Japan_004788.xml,train
Japan_012297.xml,train
Japan_000520.xml,train
Japan_004958.xml,train
Japan_000899.xml,train
Japan_002760.xml,train
Japan_003438.xml,train
Japan_003733.xml,train
Japan_004834.xml,train
Japan_011044.xml,train
Japan_010525.xml,train
Japan_010592.xml,train
Japan_002881.xml,train
Japan_004146.xml,train
Japan_003622.xml,train
Japan_001262.xml,train
Japan_000300.xml,train
Japan_006936.xml,train
Japan_006946.xml,train
Japan_008323.xml,train
Japan_013060.xml,train
Japan_005358.xml,train
Japan_003707.xml,train
Japan_003118.xml,train
Japan_001878.xml,train
Japan_002727.xml,train
Japan_008339.xml,train
Japan_013093.xml,train
Japan_010034.xml,train
Japan_011048.xml,train
Japan_008995.xml,train
Japan_007819.xml,train
Japan_003436.xml,train
Japan_011860.xml,train
Japan_012953.xml,train
Japan_011658.xml,train
Japan_005176.xml,train
Japan_007311.xml,train
Japan_012740.xml,train
Japan_001391.xml,train
Japan_011208.xml,train
Japan_011578.xml,train
Japan_007726.xml,train
Japan_011163.xml,train
Japan_004942.xml,train
Japan_010623.xml,train
Japan_001038.xml,train
Japan_011062.xml,train
Japan_012320.xml,train
Japan_005046.xml,train
Japan_005794.xml,train
Japan_004700.xml,train
Japan_006927.xml,train
Japan_000166.xml,train
Japan_006428.xml,train
Japan_003741.xml,train
Japan_006436.xml,train
Japan_013067.xml,train
Japan_008561.xml,train
Japan_009158.xml,train
Japan_010540.xml,train
Japan_008968.xml,train
Japan_007341.xml,train
Japan_008825.xml,train
Japan_002125.xml,train
Japan_003364.xml,train
Japan_004751.xml,train
Japan_008020.xml,train
Japan_010747.xml,train
Japan_000017.xml,train
Japan_006665.xml,train
Japan_011617.xml,train
Japan_000983.xml,train
Japan_004291.xml,train
Japan_002492.xml,train
Japan_000545.xml,train
Japan_012480.xml,train
Japan_007299.xml,train
Japan_007792.xml,train
Japan_003247.xml,train
Japan_001109.xml,train
Japan_002878.xml,train
Japan_001208.xml,train
Japan_011251.xml,train
Japan_010968.xml,train
Japan_012178.xml,train
Japan_006258.xml,train
Japan_008298.xml,train
Japan_009083.xml,train
Japan_007633.xml,train
Japan_006698.xml,train
Japan_005953.xml,train
Japan_013026.xml,train
Japan_003627.xml,train
Japan_001971.xml,train
Japan_005935.xml,train
Japan_010943.xml,train
Japan_008657.xml,train
Japan_001168.xml,train
Japan_008390.xml,train
Japan_010196.xml,train
Japan_000651.xml,train
Japan_006526.xml,train
Japan_010444.xml,train
Japan_000444.xml,train
Japan_008698.xml,train
Japan_008925.xml,train
Japan_012563.xml,train
Japan_009848.xml,train
Japan_009824.xml,train
Japan_010814.xml,train
Japan_011896.xml,train
Japan_012430.xml,train
Japan_005180.xml,train
Japan_007630.xml,train
Japan_002073.xml,train
Japan_008756.xml,train
Japan_008902.xml,train
Japan_001409.xml,train
Japan_003104.xml,train
Japan_006752.xml,train
Japan_001499.xml,train
Japan_007399.xml,train
Japan_000947.xml,train
Japan_007472.xml,train
Japan_009157.xml,train
Japan_007280.xml,train
Japan_005125.xml,train
Japan_012943.xml,train
Japan_011504.xml,train
Japan_007745.xml,train
Japan_008077.xml,train
Japan_009278.xml,train
Japan_006547.xml,train
Japan_005540.xml,train
Japan_007271.xml,train
Japan_003956.xml,train
Japan_010505.xml,train
Japan_004530.xml,train
Japan_011154.xml,train
Japan_011330.xml,train
Japan_009295.xml,train
Japan_011496.xml,train
Japan_011405.xml,train
Japan_006572.xml,train
Japan_001127.xml,train
Japan_012643.xml,train
Japan_009526.xml,train
Japan_008009.xml,train
Japan_003211.xml,train
Japan_009617.xml,train
Japan_010898.xml,train
Japan_010974.xml,train
Japan_013120.xml,train
Japan_000538.xml,train
Japan_002647.xml,train
Japan_008054.xml,train
Japan_004257.xml,train
Japan_004067.xml,train
Japan_002876.xml,train
Japan_004073.xml,train
Japan_002109.xml,train
Japan_001175.xml,train
Japan_002951.xml,train
Japan_012424.xml,train
Japan_001248.xml,train
Japan_008621.xml,train
Japan_006336.xml,train
Japan_010367.xml,train
Japan_012543.xml,train
Japan_004815.xml,train
Japan_007293.xml,train
Japan_007366.xml,train
Japan_006233.xml,train
Japan_007588.xml,train
Japan_002196.xml,train
Japan_009341.xml,train
Japan_007150.xml,train
Japan_010973.xml,train
Japan_011986.xml,train
Japan_005732.xml,train
Japan_010459.xml,train
Japan_003653.xml,train
Japan_010404.xml,train
Japan_010790.xml,train
Japan_002164.xml,train
Japan_009080.xml,train
Japan_008922.xml,train
Japan_002704.xml,train
Japan_009121.xml,train
Japan_001634.xml,train
Japan_009105.xml,train
Japan_003785.xml,train
Japan_009140.xml,train
Japan_007816.xml,train
Japan_004308.xml,train
Japan_005819.xml,train
Japan_003411.xml,train
Japan_009180.xml,train
Japan_005363.xml,train
Japan_003224.xml,train
Japan_007085.xml,train
Japan_000785.xml,train
Japan_010219.xml,train
Japan_006554.xml,train
Japan_003524.xml,train
Japan_009718.xml,train
Japan_013025.xml,train
Japan_012515.xml,train
Japan_006311.xml,train
Japan_001040.xml,train
Japan_009885.xml,train
Japan_008551.xml,train
Japan_003683.xml,train
Japan_012659.xml,train
Japan_005106.xml,train
Japan_008184.xml,train
Japan_008807.xml,train
Japan_008101.xml,train
Japan_008167.xml,train
Japan_002345.xml,train
Japan_009913.xml,train
Japan_009602.xml,train
Japan_001005.xml,train
Japan_005049.xml,train
Japan_004035.xml,train
Japan_004329.xml,train
Japan_009840.xml,train
Japan_007372.xml,train
Japan_012909.xml,train
Japan_004024.xml,train
Japan_008805.xml,train
Japan_004442.xml,train
Japan_010758.xml,train
Japan_010086.xml,train
Japan_002837.xml,train
Japan_006626.xml,train
Japan_002408.xml,train
Japan_000620.xml,train
Japan_000386.xml,train
Japan_004864.xml,train
Japan_010017.xml,train
Japan_012336.xml,train
Japan_009915.xml,train
Japan_013022.xml,train
Japan_004182.xml,train
Japan_008387.xml,train
Japan_003984.xml,train
Japan_008059.xml,train
Japan_002913.xml,train
Japan_005001.xml,train
Japan_010695.xml,train
Japan_000298.xml,train
Japan_011438.xml,train
Japan_001542.xml,train
Japan_012995.xml,train
Japan_003479.xml,train
Japan_000343.xml,train
Japan_001327.xml,train
Japan_010293.xml,train
Japan_004549.xml,train
Japan_002795.xml,train
Japan_001287.xml,train
Japan_009712.xml,train
Japan_007862.xml,train
Japan_002218.xml,train
Japan_010642.xml,train
Japan_012898.xml,train
Japan_000531.xml,train
Japan_004786.xml,train
Japan_007847.xml,train
Japan_007902.xml,train
Japan_012471.xml,train
Japan_003505.xml,train
Japan_004047.xml,train
Japan_002554.xml,train
Japan_001912.xml,train
Japan_005574.xml,train
Japan_004459.xml,train
Japan_012572.xml,train
Japan_006137.xml,train
Japan_010894.xml,train
Japan_003595.xml,train
Japan_001777.xml,train
Japan_006898.xml,train
Japan_003637.xml,train
Japan_004353.xml,train
Japan_007437.xml,train
Japan_004749.xml,train
Japan_003471.xml,train
Japan_000626.xml,train
Japan_006608.xml,train
Japan_005585.xml,train
Japan_003967.xml,train
Japan_002986.xml,train
Japan_012398.xml,train
Japan_010380.xml,train
Japan_000890.xml,train
Japan_009524.xml,train
Japan_001438.xml,train
Japan_009943.xml,train
Japan_007331.xml,train
Japan_010725.xml,train
Japan_011657.xml,train
Japan_005872.xml,train
Japan_011143.xml,train
Japan_011471.xml,train
Japan_003102.xml,train
Japan_002909.xml,train
Japan_010979.xml,train
Japan_002225.xml,train
Japan_007697.xml,train
Japan_004727.xml,train
Japan_003881.xml,train
Japan_009389.xml,train
Japan_007094.xml,train
Japan_007466.xml,train
Japan_010608.xml,train
Japan_002398.xml,train
Japan_005862.xml,train
Japan_002071.xml,train
Japan_005980.xml,train
Japan_012307.xml,train
Japan_008373.xml,train
Japan_012580.xml,train
Japan_003736.xml,train
Japan_004898.xml,train
Japan_011439.xml,train
Japan_008056.xml,train
Japan_005211.xml,train
Japan_008605.xml,train
Japan_000032.xml,train
Japan_006734.xml,train
Japan_003667.xml,train
Japan_007333.xml,train
Japan_007325.xml,train
Japan_006140.xml,train
Japan_011476.xml,train
Japan_008202.xml,train
Japan_005328.xml,train
Japan_011664.xml,train
Japan_003997.xml,train
Japan_000487.xml,train
Japan_004913.xml,train
Japan_007080.xml,train
Japan_007581.xml,train
Japan_011291.xml,train
Japan_008413.xml,train
Japan_009515.xml,train
Japan_005605.xml,train
Japan_013121.xml,train
Japan_010106.xml,train
Japan_004773.xml,train
Japan_007503.xml,train
Japan_000623.xml,train
Japan_008643.xml,train
Japan_007128.xml,train
Japan_007493.xml,train
Japan_002650.xml,train
Japan_008404.xml,train
Japan_010251.xml,train
Japan_012197.xml,train
Japan_001230.xml,train
Japan_010947.xml,train
Japan_000235.xml,train
Japan_004209.xml,train
Japan_011799.xml,train
Japan_001376.xml,train
Japan_001139.xml,train
Japan_009095.xml,train
Japan_001296.xml,train
Japan_007673.xml,train
Japan_008976.xml,train
Japan_010936.xml,train
Japan_002138.xml,train
Japan_008189.xml,train
Japan_011319.xml,train
Japan_012057.xml,train
Japan_003048.xml,train
Japan_011468.xml,train
Japan_010520.xml,train
Japan_006242.xml,train
Japan_007843.xml,train
Japan_008130.xml,train
Japan_004205.xml,train
Japan_012290.xml,train
Japan_010231.xml,train
Japan_005155.xml,train
Japan_008972.xml,train
Japan_002415.xml,train
Japan_009863.xml,train
Japan_009268.xml,train
Japan_008732.xml,train
Japan_003918.xml,train
Japan_012795.xml,train
Japan_011977.xml,train
Japan_007956.xml,train
Japan_008349.xml,train
Japan_000872.xml,train
Japan_008588.xml,train
Japan_008479.xml,train
Japan_000319.xml,train
Japan_001426.xml,train
Japan_004340.xml,train
Japan_011868.xml,train
Japan_007788.xml,train
Japan_011913.xml,train
Japan_005547.xml,train
Japan_005843.xml,train
Japan_000484.xml,train
Japan_006782.xml,train
Japan_001457.xml,train
Japan_007061.xml,train
Japan_008613.xml,train
Japan_011031.xml,train
Japan_008095.xml,train
Japan_005157.xml,train
Japan_004989.xml,train
Japan_010091.xml,train
Japan_008418.xml,train
Japan_007131.xml,train
Japan_000022.xml,train
Japan_008514.xml,train
Japan_001572.xml,train
Japan_012507.xml,train
Japan_001463.xml,train
Japan_000755.xml,train
Japan_012581.xml,train
Japan_002558.xml,train
Japan_011519.xml,train
Japan_009606.xml,train
Japan_007769.xml,train
Japan_010614.xml,train
Japan_000858.xml,train
Japan_011180.xml,train
Japan_001008.xml,train
Japan_004263.xml,train
Japan_007606.xml,train
Japan_004791.xml,train
Japan_003832.xml,train
Japan_011244.xml,train
Japan_001114.xml,train
Japan_012329.xml,train
Japan_000748.xml,train
Japan_011367.xml,train
Japan_000452.xml,train
Japan_002872.xml,train
Japan_005241.xml,train
Japan_003274.xml,train
Japan_004819.xml,train
Japan_000916.xml,train
Japan_011995.xml,train
Japan_011987.xml,train
Japan_012590.xml,train
Japan_001532.xml,train
Japan_012696.xml,train
Japan_003703.xml,train
Japan_005825.xml,train
Japan_007651.xml,train
Japan_000973.xml,train
Japan_007610.xml,train
Japan_002087.xml,train
Japan_007980.xml,train
Japan_001609.xml,train
Japan_002964.xml,train
Japan_006981.xml,train
Japan_004370.xml,train
Japan_009875.xml,train
Japan_005642.xml,train
Japan_001956.xml,train
Japan_002053.xml,train
Japan_005973.xml,train
Japan_012818.xml,train
Japan_008960.xml,train
Japan_000201.xml,train
Japan_001767.xml,train
Japan_006239.xml,train
Japan_004389.xml,train
Japan_010666.xml,train
Japan_000194.xml,train
Japan_004266.xml,train
Japan_011059.xml,train
Japan_000140.xml,train
Japan_000317.xml,train
Japan_009624.xml,train
Japan_013007.xml,train
Japan_002166.xml,train
Japan_007508.xml,train
Japan_006567.xml,train
Japan_011383.xml,train
Japan_006457.xml,train
Japan_011321.xml,train
Japan_004704.xml,train
Japan_001695.xml,train
Japan_003037.xml,train
Japan_011487.xml,train
Japan_002202.xml,train
Japan_008954.xml,train
Japan_012982.xml,train
Japan_006661.xml,train
Japan_005408.xml,train
Japan_004621.xml,train
Japan_006561.xml,train
Japan_008107.xml,train
Japan_011577.xml,train
Japan_012229.xml,train
Japan_000638.xml,train
Japan_002789.xml,train
Japan_004235.xml,train
Japan_011686.xml,train
Japan_011590.xml,train
Japan_006155.xml,train
Japan_002715.xml,train
Japan_002782.xml,train
Japan_011195.xml,train
Japan_004604.xml,train
Japan_008084.xml,train
Japan_005263.xml,train
Japan_003614.xml,train
Japan_002535.xml,train
Japan_007964.xml,train
Japan_002887.xml,train
Japan_005897.xml,train
Japan_006196.xml,train
Japan_009369.xml,train
Japan_009132.xml,train
Japan_001547.xml,train
Japan_009758.xml,train
Japan_012228.xml,train
Japan_008608.xml,train
Japan_008205.xml,train
Japan_003536.xml,train
Japan_010738.xml,train
Japan_001580.xml,train
Japan_007164.xml,train
Japan_003603.xml,train
Japan_010245.xml,train
Japan_001587.xml,train
Japan_004585.xml,train
Japan_005454.xml,train
Japan_009290.xml,train
Japan_003309.xml,train
Japan_003007.xml,train
Japan_009126.xml,train
Japan_007621.xml,train
Japan_009665.xml,train
Japan_007470.xml,train
Japan_003033.xml,train
Japan_006758.xml,train
Japan_001412.xml,train
Japan_003895.xml,train
Japan_012204.xml,train
Japan_002098.xml,train
Japan_010167.xml,train
Japan_012510.xml,train
Japan_001095.xml,train
Japan_012112.xml,train
Japan_000407.xml,train
Japan_007168.xml,train
Japan_010597.xml,train
Japan_008684.xml,train
Japan_001183.xml,train
Japan_001623.xml,train
Japan_012681.xml,train
Japan_011267.xml,train
Japan_009336.xml,train
Japan_010893.xml,train
Japan_010364.xml,train
Japan_004540.xml,train
Japan_004661.xml,train
Japan_000705.xml,train
Japan_002776.xml,train
Japan_008797.xml,train
Japan_009028.xml,train
Japan_009299.xml,train
Japan_000176.xml,train
Japan_009650.xml,train
Japan_006151.xml,train
Japan_004050.xml,train
Japan_003024.xml,train
Japan_011611.xml,train
Japan_011247.xml,train
Japan_001053.xml,train
Japan_000556.xml,train
Japan_006577.xml,train
Japan_003016.xml,train
Japan_004245.xml,train
Japan_007639.xml,train
Japan_012783.xml,train
Japan_012403.xml,train
Japan_008301.xml,train
Japan_004060.xml,train
Japan_011897.xml,train
Japan_012914.xml,train
Japan_001396.xml,train
Japan_007197.xml,train
Japan_005085.xml,train
Japan_003802.xml,train
Japan_012327.xml,train
Japan_004058.xml,train
Japan_006261.xml,train
Japan_002690.xml,train
Japan_004805.xml,train
Japan_000184.xml,train
Japan_008464.xml,train
Japan_000169.xml,train
Japan_004265.xml,train
Japan_005763.xml,train
Japan_007533.xml,train
Japan_001276.xml,train
Japan_010352.xml,train
Japan_007099.xml,train
Japan_008263.xml,train
Japan_003750.xml,train
Japan_010286.xml,train
Japan_004154.xml,train
Japan_005556.xml,train
Japan_008040.xml,train
Japan_012826.xml,train
Japan_001063.xml,train
Japan_001687.xml,train
Japan_002005.xml,train
Japan_011336.xml,train
Japan_002711.xml,train
Japan_002885.xml,train
Japan_006667.xml,train
Japan_000069.xml,train
Japan_001716.xml,train
Japan_003470.xml,train
Japan_005757.xml,train
Japan_008650.xml,train
Japan_001074.xml,train
Japan_001349.xml,train
Japan_012691.xml,train
Japan_003926.xml,train
Japan_000009.xml,train
Japan_007069.xml,train
Japan_007756.xml,train
Japan_001795.xml,train
Japan_008795.xml,train
Japan_001080.xml,train
Japan_007310.xml,train
Japan_012549.xml,train
Japan_010133.xml,train
Japan_002227.xml,train
Japan_001548.xml,train
Japan_000012.xml,train
Japan_005970.xml,train
Japan_008315.xml,train
Japan_002471.xml,train
Japan_002306.xml,train
Japan_002719.xml,train
Japan_005666.xml,train
Japan_001180.xml,train
Japan_003742.xml,train
Japan_000772.xml,train
Japan_008473.xml,train
Japan_004885.xml,train
Japan_012652.xml,train
Japan_008999.xml,train
Japan_005924.xml,train
Japan_011465.xml,train
Japan_000258.xml,train
Japan_006372.xml,train
Japan_010762.xml,train
Japan_010766.xml,train
Japan_000335.xml,train
Japan_000571.xml,train
Japan_006973.xml,train
Japan_002802.xml,train
Japan_002075.xml,train
Japan_010855.xml,train
Japan_002299.xml,train
Japan_007075.xml,train
Japan_011603.xml,train
Japan_007359.xml,train
Japan_000724.xml,train
Japan_009098.xml,train
Japan_005252.xml,train
Japan_009821.xml,train
Japan_003023.xml,train
Japan_001314.xml,train
Japan_002446.xml,train
Japan_003589.xml,train
Japan_000681.xml,train
Japan_004514.xml,train
Japan_004388.xml,train
Japan_007649.xml,train
Japan_002864.xml,train
Japan_004350.xml,train
Japan_011170.xml,train
Japan_011639.xml,train
Japan_001613.xml,train
Japan_004117.xml,train
Japan_012419.xml,train
Japan_004474.xml,train
Japan_002846.xml,train
Japan_000534.xml,train
Japan_006161.xml,train
Japan_000627.xml,train
Japan_007823.xml,train
Japan_010598.xml,train
Japan_001295.xml,train
Japan_012908.xml,train
Japan_002294.xml,train
Japan_001089.xml,train
Japan_001717.xml,train
Japan_001411.xml,train
Japan_007186.xml,train
Japan_012633.xml,train
Japan_011475.xml,train
Japan_003345.xml,train
Japan_000260.xml,train
Japan_004754.xml,train
Japan_011974.xml,train
Japan_000339.xml,train
Japan_004954.xml,train
Japan_004217.xml,train
Japan_001320.xml,train
Japan_012600.xml,train
Japan_012517.xml,train
Japan_000006.xml,train
Japan_013046.xml,train
Japan_000000.xml,train
Japan_002600.xml,train
Japan_008494.xml,train
Japan_010175.xml,train
Japan_003599.xml,train
Japan_007214.xml,train
Japan_005381.xml,train
Japan_000873.xml,train
Japan_001879.xml,train
Japan_000409.xml,train
Japan_013048.xml,train
Japan_000364.xml,train
Japan_001471.xml,train
Japan_008030.xml,train
Japan_002444.xml,train
Japan_010557.xml,train
Japan_003435.xml,train
Japan_010013.xml,train
Japan_012732.xml,train
Japan_007154.xml,train
Japan_001760.xml,train
Japan_010417.xml,train
Japan_008715.xml,train
Japan_011694.xml,train
Japan_000210.xml,train
Japan_010346.xml,train
Japan_010116.xml,train
Japan_000432.xml,train
Japan_005689.xml,train
Japan_006816.xml,train
Japan_005337.xml,train
Japan_005591.xml,train
Japan_004339.xml,train
Japan_002821.xml,train
Japan_011185.xml,train
Japan_010915.xml,train
Japan_013045.xml,train
Japan_009510.xml,train
Japan_009066.xml,train
Japan_011156.xml,train
Japan_007942.xml,train
Japan_008042.xml,train
Japan_003552.xml,train
Japan_000694.xml,train
Japan_006681.xml,train
Japan_012486.xml,train
Japan_010503.xml,train
Japan_008286.xml,train
Japan_006404.xml,train
Japan_002966.xml,train
Japan_013089.xml,train
Japan_004364.xml,train
Japan_008946.xml,train
Japan_007340.xml,train
Japan_013000.xml,train
Japan_006442.xml,train
Japan_012625.xml,train
Japan_000380.xml,train
Japan_009350.xml,train
Japan_001157.xml,train
Japan_008420.xml,train
Japan_008391.xml,train
Japan_008844.xml,train
Japan_002445.xml,train
Japan_003472.xml,train
Japan_004685.xml,train
Japan_004865.xml,train
Japan_012636.xml,train
Japan_002347.xml,train
Japan_000474.xml,train
Japan_001776.xml,train
Japan_007602.xml,train
Japan_004717.xml,train
Japan_005298.xml,train
Japan_002088.xml,train
Japan_000008.xml,train
Japan_006105.xml,train
Japan_011619.xml,train
Japan_009897.xml,train
Japan_011342.xml,train
Japan_013009.xml,train
Japan_007502.xml,train
Japan_005373.xml,train
Japan_005024.xml,train
Japan_006128.xml,train
Japan_005997.xml,train
Japan_008476.xml,train
Japan_001178.xml,train
Japan_012668.xml,train
Japan_003082.xml,train
Japan_001166.xml,train
Japan_000218.xml,train
Japan_010332.xml,train
Japan_002350.xml,train
Japan_012550.xml,train
Japan_008894.xml,train
Japan_005766.xml,train
Japan_009398.xml,train
Japan_000713.xml,train
Japan_003034.xml,train
Japan_007356.xml,train
Japan_004255.xml,train
Japan_010316.xml,train
Japan_004001.xml,train
Japan_011250.xml,train
Japan_006085.xml,train
Japan_010037.xml,train
Japan_011818.xml,train
Japan_006970.xml,train
Japan_009115.xml,train
Japan_006817.xml,train
Japan_009473.xml,train
Japan_001718.xml,train
Japan_009641.xml,train
Japan_005857.xml,train
Japan_003533.xml,train
Japan_010015.xml,train
Japan_001973.xml,train
Japan_001694.xml,train
Japan_003447.xml,train
Japan_007744.xml,train
Japan_008192.xml,train
Japan_000913.xml,train
Japan_008920.xml,train
Japan_001601.xml,train
Japan_005515.xml,train
Japan_000776.xml,train
Japan_000970.xml,train
Japan_010921.xml,train
Japan_006555.xml,train
Japan_002733.xml,train
Japan_006290.xml,train
Japan_002960.xml,train
Japan_011378.xml,train
Japan_001713.xml,train
Japan_002219.xml,train
Japan_007741.xml,train
Japan_008574.xml,train
Japan_003314.xml,train
Japan_002494.xml,train
Japan_008438.xml,train
Japan_008001.xml,train
Japan_000075.xml,train
Japan_003867.xml,train
Japan_008036.xml,train
Japan_010361.xml,train
Japan_004910.xml,train
Japan_009179.xml,train
Japan_004094.xml,train
Japan_011257.xml,train
Japan_000711.xml,train
Japan_003492.xml,train
Japan_009057.xml,train
Japan_004359.xml,train
Japan_008855.xml,train
Japan_011061.xml,train
Japan_002947.xml,train
Japan_008055.xml,train
Japan_008466.xml,train
Japan_009850.xml,train
Japan_010400.xml,train
Japan_007991.xml,train
Japan_003159.xml,train
Japan_000955.xml,train
Japan_004229.xml,train
Japan_007490.xml,train
Japan_005473.xml,train
Japan_002169.xml,train
Japan_012058.xml,train
Japan_002906.xml,train
Japan_011120.xml,train
Japan_000761.xml,train
Japan_000794.xml,train
Japan_000655.xml,train
Japan_010650.xml,train
Japan_003960.xml,train
Japan_009048.xml,train
Japan_002083.xml,train
Japan_003068.xml,train
Japan_006922.xml,train
Japan_003582.xml,train
Japan_010953.xml,train
Japan_011615.xml,train
Japan_012658.xml,train
Japan_006728.xml,train
Japan_004680.xml,train
Japan_003538.xml,train
Japan_009082.xml,train
Japan_004344.xml,train
Japan_009211.xml,train
Japan_002187.xml,train
Japan_005187.xml,train
Japan_009651.xml,train
Japan_009595.xml,train
Japan_005616.xml,train
Japan_006576.xml,train
Japan_001105.xml,train
Japan_012974.xml,train
Japan_011809.xml,train
Japan_000393.xml,train
Japan_004005.xml,train
Japan_005242.xml,train
Japan_003426.xml,train
Japan_000414.xml,train
Japan_006347.xml,train
Japan_000345.xml,train
Japan_004932.xml,train
Japan_007519.xml,train
Japan_012226.xml,train
Japan_008308.xml,train
Japan_005450.xml,train
Japan_001631.xml,train
Japan_012363.xml,train
Japan_001197.xml,train
Japan_006514.xml,train
Japan_012247.xml,train
Japan_001681.xml,train
Japan_001523.xml,train
Japan_003176.xml,train
Japan_003643.xml,train
Japan_011046.xml,train
Japan_005931.xml,train
Japan_007216.xml,train
Japan_006061.xml,train
Japan_006873.xml,train
Japan_002235.xml,train
Japan_004212.xml,train
Japan_000592.xml,train
Japan_009783.xml,train
Japan_003531.xml,train
Japan_011764.xml,train
Japan_002639.xml,train
Japan_009952.xml,train
Japan_010528.xml,train
Japan_011344.xml,train
Japan_012941.xml,train
Japan_005153.xml,train
Japan_011449.xml,train
Japan_000043.xml,train
Japan_004358.xml,train
Japan_006195.xml,train
Japan_008264.xml,train
Japan_007568.xml,train
Japan_006824.xml,train
Japan_001654.xml,train
Japan_007564.xml,train
Japan_002820.xml,train
Japan_012015.xml,train
Japan_005152.xml,train
Japan_006582.xml,train
Japan_011999.xml,train
Japan_000215.xml,train
Japan_007240.xml,train
Japan_012860.xml,train
Japan_011774.xml,train
Japan_001581.xml,train
Japan_007692.xml,train
Japan_008409.xml,train
Japan_001857.xml,train
Japan_000775.xml,train
Japan_000240.xml,train
Japan_000812.xml,train
Japan_007875.xml,train
Japan_012537.xml,train
Japan_009347.xml,train
Japan_009484.xml,train
Japan_002674.xml,train
Japan_001848.xml,train
Japan_004413.xml,train
Japan_002707.xml,train
Japan_010006.xml,train
Japan_002448.xml,train
Japan_002499.xml,train
Japan_012754.xml,train
Japan_004043.xml,train
Japan_012922.xml,train
Japan_002419.xml,train
Japan_004702.xml,train
Japan_006501.xml,train
Japan_007442.xml,train
Japan_012649.xml,train
Japan_005710.xml,train
Japan_009724.xml,train
Japan_000053.xml,train
Japan_003291.xml,train
Japan_003371.xml,train
Japan_004297.xml,train
Japan_005841.xml,train
Japan_007951.xml,train
Japan_011355.xml,train
Japan_012029.xml,train
Japan_009667.xml,train
Japan_001185.xml,train
Japan_012529.xml,train
Japan_002749.xml,train
Japan_008187.xml,train
Japan_004652.xml,train
Japan_001794.xml,train
Japan_006063.xml,train
Japan_002805.xml,train
Japan_004433.xml,train
Japan_010220.xml,train
Japan_001710.xml,train
Japan_002342.xml,train
Japan_009119.xml,train
Japan_008707.xml,train
Japan_001781.xml,train
Japan_009104.xml,train
Japan_004933.xml,train
Japan_002691.xml,train
Japan_003569.xml,train
Japan_009655.xml,train
Japan_001204.xml,train
Japan_009020.xml,train
Japan_003872.xml,train
Japan_006921.xml,train
Japan_011448.xml,train
Japan_005269.xml,train
Japan_001445.xml,train
Japan_009209.xml,train
Japan_009303.xml,train
Japan_001165.xml,train
Japan_002309.xml,train
Japan_003958.xml,train
Japan_009792.xml,train
Japan_009954.xml,train
Japan_009672.xml,train
Japan_001066.xml,train
Japan_000555.xml,train
Japan_012135.xml,train
Japan_006471.xml,train
Japan_011935.xml,train
Japan_003654.xml,train
Japan_011731.xml,train
Japan_011509.xml,train
Japan_007814.xml,train
Japan_013101.xml,train
Japan_000992.xml,train
Japan_001486.xml,train
Japan_002614.xml,train
Japan_009257.xml,train
Japan_001866.xml,train
Japan_012773.xml,train
Japan_012965.xml,train
Japan_003659.xml,train
Japan_007570.xml,train
Japan_002213.xml,train
Japan_008127.xml,train
Japan_010831.xml,train
Japan_007362.xml,train
Japan_004601.xml,train
Japan_009289.xml,train
Japan_000031.xml,train
Japan_001819.xml,train
Japan_004624.xml,train
Japan_005110.xml,train
Japan_003951.xml,train
Japan_011388.xml,train
Japan_012377.xml,train
Japan_008851.xml,train
Japan_003580.xml,train
Japan_008198.xml,train
Japan_010065.xml,train
Japan_000884.xml,train
Japan_012567.xml,train
Japan_010668.xml,train
Japan_008545.xml,train
Japan_010353.xml,train
Japan_010889.xml,train
Japan_005256.xml,train
Japan_012368.xml,train
Japan_002393.xml,train
Japan_005476.xml,train
Japan_005513.xml,train
Japan_012967.xml,train
Japan_003123.xml,train
Japan_002867.xml,train
Japan_012001.xml,train
Japan_003833.xml,train
Japan_005912.xml,train
Japan_012181.xml,train
Japan_001982.xml,train
Japan_006023.xml,train
Japan_003521.xml,train
Japan_006104.xml,train
Japan_003553.xml,train
Japan_003756.xml,train
Japan_009812.xml,train
Japan_003828.xml,train
Japan_000150.xml,train
Japan_003363.xml,train
Japan_000120.xml,train
Japan_012338.xml,train
Japan_008335.xml,train
Japan_008237.xml,train
Japan_010049.xml,train
Japan_012734.xml,train
Japan_006798.xml,train
Japan_011082.xml,train
Japan_007531.xml,train
Japan_005352.xml,train
Japan_007923.xml,train
Japan_002001.xml,train
Japan_008395.xml,train
Japan_007530.xml,train
Japan_000500.xml,train
Japan_009707.xml,train
Japan_003407.xml,train
Japan_010315.xml,train
Japan_006207.xml,train
Japan_009386.xml,train
Japan_002338.xml,train
Japan_009692.xml,train
Japan_011756.xml,train
Japan_009150.xml,train
Japan_003619.xml,train
Japan_009022.xml,train
Japan_010471.xml,train
Japan_000809.xml,train
Japan_008500.xml,train
Japan_002458.xml,train
Japan_006699.xml,train
Japan_010599.xml,train
Japan_011406.xml,train
Japan_011174.xml,train
Japan_011312.xml,train
Japan_007156.xml,train
Japan_010449.xml,train
Japan_012518.xml,train
Japan_011878.xml,train
Japan_002246.xml,train
Japan_005486.xml,train
Japan_006642.xml,train
Japan_003805.xml,train
Japan_002466.xml,train
Japan_011775.xml,train
Japan_004887.xml,train
Japan_005289.xml,train
Japan_005168.xml,train
Japan_000558.xml,train
Japan_002598.xml,train
Japan_000436.xml,train
Japan_010676.xml,train
Japan_009322.xml,train
Japan_007932.xml,train
Japan_012353.xml,train
Japan_005549.xml,train
Japan_007250.xml,train
Japan_004909.xml,train
Japan_006226.xml,train
Japan_009914.xml,train
Japan_006739.xml,train
Japan_007740.xml,train
Japan_008645.xml,train
Japan_004332.xml,train
Japan_004258.xml,train
Japan_008000.xml,train
Japan_007057.xml,train
Japan_012076.xml,train
Japan_005613.xml,train
Japan_006021.xml,train
Japan_006652.xml,train
Japan_000469.xml,train
Japan_004098.xml,train
Japan_003586.xml,train
Japan_004437.xml,train
Japan_007345.xml,train
Japan_003049.xml,train
Japan_012273.xml,train
Japan_001274.xml,train
Japan_005171.xml,train
Japan_000023.xml,train
Japan_010524.xml,train
Japan_004823.xml,train
Japan_006007.xml,train
Japan_005910.xml,train
Japan_002830.xml,train
Japan_002675.xml,train
Japan_006896.xml,train
Japan_007351.xml,train
Japan_011130.xml,train
Japan_010985.xml,train
Japan_009856.xml,train
Japan_003858.xml,train
Japan_002636.xml,train
Japan_011836.xml,train
Japan_000720.xml,train
Japan_009623.xml,train
Japan_007743.xml,train
Japan_001552.xml,train
Japan_003008.xml,train
Japan_010792.xml,train
Japan_001233.xml,train
Japan_007471.xml,train
Japan_004981.xml,train
Japan_011575.xml,train
Japan_002156.xml,train
Japan_006049.xml,train
Japan_000912.xml,train
Japan_007638.xml,train
Japan_011294.xml,train
Japan_003783.xml,train
Japan_011779.xml,train
Japan_004284.xml,train
Japan_005936.xml,train
Japan_011157.xml,train
Japan_002796.xml,train
Japan_000923.xml,train
Japan_002686.xml,train
Japan_007038.xml,train
Japan_009449.xml,train
Japan_008647.xml,train
Japan_003331.xml,train
Japan_006228.xml,train
Japan_005487.xml,train
Japan_002678.xml,train
Japan_009349.xml,train
Japan_008408.xml,train
Japan_012751.xml,train
Japan_005685.xml,train
Japan_004394.xml,train
Japan_012564.xml,train
Japan_006028.xml,train
Japan_008793.xml,train
Japan_004853.xml,train
Japan_003548.xml,train
Japan_007775.xml,train
Japan_002204.xml,train
Japan_011417.xml,train
Japan_010335.xml,train
Japan_005577.xml,train
Japan_005075.xml,train
Japan_004821.xml,train
Japan_005008.xml,train
Japan_006013.xml,train
Japan_004214.xml,train
Japan_012680.xml,train
Japan_003819.xml,train
Japan_009924.xml,train
Japan_011266.xml,train
Japan_006958.xml,train
Japan_001606.xml,train
Japan_008117.xml,train
Japan_004733.xml,train
Japan_000587.xml,train
Japan_011738.xml,train
Japan_006114.xml,train
Japan_000662.xml,train
Japan_004938.xml,train
Japan_003073.xml,train
Japan_002396.xml,train
Japan_007424.xml,train
Japan_005596.xml,train
Japan_002687.xml,train
Japan_003554.xml,train
Japan_000056.xml,train
Japan_009697.xml,train
Japan_009454.xml,train
Japan_007485.xml,train
Japan_000208.xml,train
Japan_008566.xml,train
Japan_004765.xml,train
Japan_007210.xml,train
Japan_012784.xml,train
Japan_001752.xml,train
Japan_007474.xml,train
Japan_007834.xml,train
Japan_012415.xml,train
Japan_004551.xml,train
Japan_000496.xml,train
Japan_001153.xml,train
Japan_000576.xml,train
Japan_000637.xml,train
Japan_006145.xml,train
Japan_005010.xml,train
Japan_001332.xml,train
Japan_008021.xml,train
Japan_005350.xml,train
Japan_001749.xml,train
Japan_001088.xml,train
Japan_006099.xml,train
Japan_002181.xml,train
Japan_010913.xml,train
Japan_009663.xml,train
Japan_000984.xml,train
Japan_009620.xml,train
Japan_009364.xml,train
Japan_007825.xml,train
Japan_003866.xml,train
Japan_007355.xml,train
Japan_007369.xml,train
Japan_002518.xml,train
Japan_003906.xml,train
Japan_006285.xml,train
Japan_002803.xml,train
Japan_004878.xml,train
Japan_007394.xml,train
Japan_001496.xml,train
Japan_011947.xml,train
Japan_011528.xml,train
Japan_003964.xml,train
Japan_011784.xml,train
Japan_009224.xml,train
Japan_003936.xml,train
Japan_001649.xml,train
Japan_010438.xml,train
Japan_007151.xml,train
Japan_011533.xml,train
Japan_010029.xml,train
Japan_001597.xml,train
Japan_000953.xml,train
Japan_000530.xml,train
Japan_004179.xml,train
Japan_000657.xml,train
Japan_011636.xml,train
Japan_011945.xml,train
Japan_004090.xml,train
Japan_000814.xml,train
Japan_009001.xml,train
Japan_010473.xml,train
Japan_006897.xml,train
Japan_009659.xml,train
Japan_004830.xml,train
Japan_006943.xml,train
Japan_009359.xml,train
Japan_013126.xml,train
Japan_010823.xml,train
Japan_010733.xml,train
Japan_011837.xml,train
Japan_006527.xml,train
Japan_005516.xml,train
Japan_011512.xml,train
Japan_003415.xml,train
Japan_009745.xml,train
Japan_009476.xml,train
Japan_000911.xml,train
Japan_008624.xml,train
Japan_010105.xml,train
Japan_012108.xml,train
Japan_010329.xml,train
Japan_003650.xml,train
Japan_011314.xml,train
Japan_007006.xml,train
Japan_011407.xml,train
Japan_004033.xml,train
Japan_011825.xml,train
Japan_011772.xml,train
Japan_005082.xml,train
Japan_005680.xml,train
Japan_008693.xml,train
Japan_012807.xml,train
Japan_000261.xml,train
Japan_003384.xml,train
Japan_001977.xml,train
Japan_004260.xml,train
Japan_008523.xml,train
Japan_002585.xml,train
Japan_005876.xml,train
Japan_003434.xml,train
Japan_010643.xml,train
Japan_005724.xml,train
Japan_005661.xml,train
Japan_002252.xml,train
Japan_005282.xml,train
Japan_012997.xml,train
Japan_008763.xml,train
Japan_001885.xml,train
Japan_004165.xml,train
Japan_004470.xml,train
Japan_001076.xml,train
Japan_001745.xml,train
Japan_006452.xml,train
Japan_001459.xml,train
Japan_001106.xml,train
Japan_008559.xml,train
Japan_010779.xml,train
Japan_012993.xml,train
Japan_007026.xml,train
Japan_005948.xml,train
Japan_007193.xml,train
Japan_002547.xml,train
Japan_012539.xml,train
Japan_000025.xml,train
Japan_008106.xml,train
Japan_010611.xml,train
Japan_009658.xml,train
Japan_009439.xml,train
Japan_000036.xml,train
Japan_010743.xml,train
Japan_001785.xml,train
Japan_010729.xml,train
Japan_001655.xml,train
Japan_008546.xml,train
Japan_002321.xml,train
Japan_005209.xml,train
Japan_012820.xml,train
Japan_012848.xml,train
Japan_007830.xml,train
Japan_011289.xml,train
Japan_002042.xml,train
Japan_009353.xml,train
Japan_004693.xml,train
Japan_003285.xml,train
Japan_000552.xml,train
Japan_011715.xml,train
Japan_009456.xml,train
Japan_002842.xml,train
Japan_003395.xml,train
Japan_006359.xml,train
Japan_004328.xml,train
Japan_012592.xml,train
Japan_012651.xml,train
Japan_007228.xml,train
Japan_004351.xml,train
Japan_005947.xml,train
Japan_003241.xml,train
Japan_008220.xml,train
Japan_005339.xml,train
Japan_004502.xml,train
Japan_008303.xml,train
Japan_001858.xml,train
Japan_011745.xml,train
Japan_010108.xml,train
Japan_006232.xml,train
Japan_009643.xml,train
Japan_004343.xml,train
Japan_006553.xml,train
Japan_007161.xml,train
Japan_000633.xml,train
Japan_002228.xml,train
Japan_006753.xml,train
Japan_001833.xml,train
Japan_003943.xml,train
Japan_001439.xml,train
Japan_006039.xml,train
Japan_002360.xml,train
Japan_008721.xml,train
Japan_007505.xml,train
Japan_003496.xml,train
Japan_008515.xml,train
Japan_009805.xml,train
Japan_001656.xml,train
Japan_005406.xml,train
Japan_000029.xml,train
Japan_005615.xml,train
Japan_007483.xml,train
Japan_006919.xml,train
Japan_008371.xml,train
Japan_006273.xml,train
Japan_012869.xml,train
Japan_009363.xml,train
Japan_006319.xml,train
Japan_004836.xml,train
Japan_011226.xml,train
Japan_000360.xml,train
Japan_001380.xml,train
Japan_006900.xml,train
Japan_008381.xml,train
Japan_001211.xml,train
Japan_009979.xml,train
Japan_004674.xml,train
Japan_000800.xml,train
Japan_005987.xml,train
Japan_004409.xml,train
Japan_006841.xml,train
Japan_009922.xml,train
Japan_012761.xml,train
Japan_001859.xml,train
Japan_004059.xml,train
Japan_005145.xml,train
Japan_012441.xml,train
Japan_010003.xml,train
Japan_004516.xml,train
Japan_002742.xml,train
Japan_008904.xml,train
Japan_011246.xml,train
Japan_012706.xml,train
Japan_011325.xml,train
Japan_001974.xml,train
Japan_012230.xml,train
Japan_008585.xml,train
Japan_010077.xml,train
Japan_012055.xml,train
Japan_004072.xml,train
Japan_012686.xml,train
Japan_007344.xml,train
Japan_008068.xml,train
Japan_005012.xml,train
Japan_004946.xml,train
Japan_002562.xml,train
Japan_012829.xml,train
Japan_000727.xml,train
Japan_003972.xml,train
Japan_000289.xml,train
Japan_004792.xml,train
Japan_002615.xml,train
Japan_006864.xml,train
Japan_000933.xml,train
Japan_002994.xml,train
Japan_012325.xml,train
Japan_007050.xml,train
Japan_001058.xml,train
Japan_003119.xml,train
Japan_011536.xml,train
Japan_004527.xml,train
Japan_000578.xml,train
Japan_002367.xml,train
Japan_007820.xml,train
Japan_001577.xml,train
Japan_012203.xml,train
Japan_004423.xml,train
Japan_005413.xml,train
Japan_006407.xml,train
Japan_004150.xml,train
Japan_008357.xml,train
Japan_008478.xml,train
Japan_011531.xml,train
Japan_000522.xml,train
Japan_002792.xml,train
Japan_006713.xml,train
Japan_012767.xml,train
Japan_006139.xml,train
Japan_005507.xml,train
Japan_003188.xml,train
Japan_010655.xml,train
Japan_011236.xml,train
Japan_005311.xml,train
Japan_006804.xml,train
Japan_006988.xml,train
Japan_006098.xml,train
Japan_012310.xml,train
Japan_000395.xml,train
Japan_004892.xml,train
Japan_008962.xml,train
Japan_005812.xml,train
Japan_004048.xml,train
Japan_007232.xml,train
Japan_010104.xml,train
Japan_007127.xml,train
Japan_004345.xml,train
Japan_001443.xml,train
Japan_004599.xml,train
Japan_004816.xml,train
Japan_006091.xml,train
Japan_001772.xml,train
Japan_006388.xml,train
Japan_011302.xml,train
Japan_004463.xml,train
Japan_000754.xml,train
Japan_010334.xml,train
Japan_009909.xml,train
Japan_006860.xml,train
Japan_004494.xml,train
Japan_003128.xml,train
Japan_011822.xml,train
Japan_007059.xml,train
Japan_004553.xml,train
Japan_009081.xml,train
Japan_000511.xml,train
Japan_010025.xml,train
Japan_001821.xml,train
Japan_008465.xml,train
Japan_012122.xml,train
Japan_003864.xml,train
Japan_008076.xml,train
Japan_000086.xml,train
Japan_010775.xml,train
Japan_006178.xml,train
Japan_005989.xml,train
Japan_001477.xml,train
Japan_009869.xml,train
Japan_007141.xml,train
Japan_010812.xml,train
Japan_001452.xml,train
Japan_000677.xml,train
Japan_000528.xml,train
Japan_001640.xml,train
Japan_004796.xml,train
Japan_005086.xml,train
Japan_005417.xml,train
Japan_011394.xml,train
Japan_002601.xml,train
Japan_001194.xml,train
Japan_009936.xml,train
Japan_011450.xml,train
Japan_006947.xml,train
Japan_002421.xml,train
Japan_011209.xml,train
Japan_004156.xml,train
Japan_009968.xml,train
Japan_002493.xml,train
Japan_012577.xml,train
Japan_004225.xml,train
Japan_004424.xml,train
Japan_010416.xml,train
Japan_011739.xml,train
Japan_010848.xml,train
Japan_005814.xml,train
Japan_008774.xml,train
Japan_002387.xml,train
Japan_006604.xml,train
Japan_012351.xml,train
Japan_005945.xml,train
Japan_001838.xml,train
Japan_002577.xml,train
Japan_006003.xml,train
Japan_012728.xml,train
Japan_008891.xml,train
Japan_010349.xml,train
Japan_012824.xml,train
Japan_004097.xml,train
Japan_004988.xml,train
Japan_004602.xml,train
Japan_002031.xml,train
Japan_007166.xml,train
Japan_003931.xml,train
Japan_009320.xml,train
Japan_007643.xml,train
Japan_007828.xml,train
Japan_010432.xml,train
Japan_012349.xml,train
Japan_008683.xml,train
Japan_004396.xml,train
Japan_002582.xml,train
Japan_012727.xml,train
Japan_013062.xml,train
Japan_010750.xml,train
Japan_000087.xml,train
Japan_004543.xml,train
Japan_009033.xml,train
Japan_011490.xml,train
Japan_012391.xml,train
Japan_001949.xml,train
Japan_004224.xml,train
Japan_000954.xml,train
Japan_010590.xml,train
Japan_003234.xml,train
Japan_009939.xml,train
Japan_001493.xml,train
Japan_012778.xml,train
Japan_009021.xml,train
Japan_004651.xml,train
Japan_000294.xml,train
Japan_000958.xml,train
Japan_006130.xml,train
Japan_000231.xml,train
Japan_006142.xml,train
Japan_001347.xml,train
Japan_008356.xml,train
Japan_010179.xml,train
Japan_008596.xml,train
Japan_005968.xml,train
Japan_012607.xml,train
Japan_012185.xml,train
Japan_004914.xml,train
Japan_004687.xml,train
Japan_004923.xml,train
Japan_004578.xml,train
Japan_009241.xml,train
Japan_000275.xml,train
Japan_011864.xml,train
Japan_003493.xml,train
Japan_011486.xml,train
Japan_010205.xml,train
Japan_001853.xml,train
Japan_003474.xml,train
Japan_003809.xml,train
Japan_008221.xml,train
Japan_003445.xml,train
Japan_003144.xml,train
Japan_001761.xml,train
Japan_006744.xml,train
Japan_011514.xml,train
Japan_002130.xml,train
Japan_008229.xml,train
Japan_001862.xml,train
Japan_005254.xml,train
Japan_011734.xml,train
Japan_001265.xml,train
Japan_000709.xml,train
Japan_012117.xml,train
Japan_006350.xml,train
Japan_008325.xml,train
Japan_004835.xml,train
Japan_006221.xml,train
Japan_005327.xml,train
Japan_003546.xml,train
Japan_009053.xml,train
Japan_004021.xml,train
Japan_012092.xml,train
Japan_010397.xml,train
Japan_010390.xml,train
Japan_004348.xml,train
Japan_006387.xml,train
Japan_003155.xml,train
Japan_003079.xml,train
Japan_007998.xml,train
Japan_002148.xml,train
Japan_009287.xml,train
Japan_011598.xml,train
Japan_012719.xml,train
Japan_002370.xml,train
Japan_009696.xml,train
Japan_012606.xml,train
Japan_009562.xml,train
Japan_003061.xml,train
Japan_005985.xml,train
Japan_001509.xml,train
Japan_011951.xml,train
Japan_005484.xml,train
Japan_006495.xml,train
Japan_011505.xml,train
Japan_009138.xml,train
Japan_008044.xml,train
Japan_002757.xml,train
Japan_003032.xml,train
Japan_011455.xml,train
Japan_006959.xml,train
Japan_011121.xml,train
Japan_001093.xml,train
Japan_012176.xml,train
Japan_011700.xml,train
Japan_004045.xml,train
Japan_005956.xml,train
Japan_006307.xml,train
Japan_007812.xml,train
Japan_005744.xml,train
Japan_012374.xml,train
Japan_007810.xml,train
Japan_011331.xml,train
Japan_001087.xml,train
Japan_009324.xml,train
Japan_002745.xml,train
Japan_009315.xml,train
Japan_010704.xml,train
Japan_001874.xml,train
Japan_002000.xml,train
Japan_009087.xml,train
Japan_005528.xml,train
Japan_000539.xml,train
Japan_003874.xml,train
Japan_012167.xml,train
Japan_004066.xml,train
Japan_005020.xml,train
Japan_003243.xml,train
Japan_004925.xml,train
Japan_001023.xml,train
Japan_012901.xml,train
Japan_004195.xml,train
Japan_009058.xml,train
Japan_002772.xml,train
Japan_004705.xml,train
Japan_000073.xml,train
Japan_011346.xml,train
Japan_003433.xml,train
Japan_005503.xml,train
Japan_008576.xml,train
Japan_012498.xml,train
Japan_000927.xml,train
Japan_003517.xml,train
Japan_003840.xml,train
Japan_002843.xml,train
Japan_005294.xml,train
Japan_005844.xml,train
Japan_002932.xml,train
Japan_009141.xml,train
Japan_004915.xml,train
Japan_009468.xml,train
Japan_008304.xml,train
Japan_004357.xml,train
Japan_004831.xml,train
Japan_005875.xml,train
Japan_003202.xml,train
Japan_001154.xml,train
Japan_002559.xml,train
Japan_000765.xml,train
Japan_006230.xml,train
Japan_012346.xml,train
Japan_010235.xml,train
Japan_007084.xml,train
Japan_003425.xml,train
Japan_001299.xml,train
Japan_002332.xml,train
Japan_007120.xml,train
Japan_009717.xml,train
Japan_004178.xml,train
Japan_002315.xml,train
Japan_002027.xml,train
Japan_012283.xml,train
Japan_001836.xml,train
Japan_004174.xml,train
Japan_002972.xml,train
Japan_011661.xml,train
Japan_001905.xml,train
Japan_000363.xml,train
Japan_002950.xml,train
Japan_002517.xml,train
Japan_007876.xml,train
Japan_006134.xml,train
Japan_005380.xml,train
Japan_007117.xml,train
Japan_009174.xml,train
Japan_005537.xml,train
Japan_009310.xml,train
Japan_005239.xml,train
Japan_001684.xml,train
Japan_009438.xml,train
Japan_000251.xml,train
Japan_005628.xml,train
Japan_003072.xml,train
Japan_004571.xml,train
Japan_001736.xml,train
Japan_007709.xml,train
Japan_007413.xml,train
Japan_007206.xml,train
Japan_000396.xml,train
Japan_012878.xml,train
Japan_005455.xml,train
Japan_006422.xml,train
Japan_006645.xml,train
Japan_013057.xml,train
Japan_012319.xml,train
Japan_006849.xml,train
Japan_000348.xml,train
Japan_007491.xml,train
Japan_005965.xml,train
Japan_005299.xml,train
Japan_003064.xml,train
Japan_007887.xml,train
Japan_008428.xml,train
Japan_001408.xml,train
Japan_012497.xml,train
Japan_003787.xml,train
Japan_010230.xml,train
Japan_009985.xml,train
Japan_005045.xml,train
Japan_007728.xml,train
Japan_008720.xml,train
Japan_001936.xml,train
Japan_011252.xml,train
Japan_002922.xml,train
Japan_009504.xml,train
Japan_000290.xml,train
Japan_004491.xml,train
Japan_010806.xml,train
Japan_003303.xml,train
Japan_010274.xml,train
Japan_006333.xml,train
Japan_007848.xml,train
Japan_007647.xml,train
Japan_004891.xml,train
Japan_008990.xml,train
Japan_006806.xml,train
Japan_001343.xml,train
Japan_003489.xml,train
Japan_004236.xml,train
Japan_009229.xml,train
Japan_003108.xml,train
Japan_009631.xml,train
Japan_005582.xml,train
Japan_002578.xml,train
Japan_003846.xml,train
Japan_006346.xml,train
Japan_001839.xml,train
Japan_010825.xml,train
Japan_008942.xml,train
Japan_009740.xml,train
Japan_008457.xml,train
Japan_002852.xml,train
Japan_000234.xml,train
Japan_009737.xml,train
Japan_009016.xml,train
Japan_011279.xml,train
Japan_010502.xml,train
Japan_002855.xml,train
Japan_004360.xml,train
Japan_012448.xml,train
Japan_009380.xml,train
Japan_012231.xml,train
Japan_012963.xml,train
Japan_004575.xml,train
Japan_012894.xml,train
Japan_007189.xml,train
Japan_001451.xml,train
Japan_012948.xml,train
Japan_004238.xml,train
Japan_000370.xml,train
Japan_008506.xml,train
Japan_012251.xml,train
Japan_006144.xml,train
Japan_004196.xml,train
Japan_008412.xml,train
Japan_003226.xml,train
Japan_003882.xml,train
Japan_008126.xml,train
Japan_007215.xml,train
Japan_012080.xml,train
Japan_012358.xml,train
Japan_010010.xml,train
Japan_002397.xml,train
Japan_010439.xml,train
Japan_001916.xml,train
Japan_012444.xml,train
Japan_004410.xml,train
Japan_012782.xml,train
Japan_007829.xml,train
Japan_012219.xml,train
Japan_008575.xml,train
Japan_007557.xml,train
Japan_004128.xml,train
Japan_009045.xml,train
Japan_000266.xml,train
Japan_001616.xml,train
Japan_010888.xml,train
Japan_008750.xml,train
Japan_002851.xml,train
Japan_000079.xml,train
Japan_009412.xml,train
Japan_006486.xml,train
Japan_006420.xml,train
Japan_012957.xml,train
Japan_003585.xml,train
Japan_009733.xml,train
Japan_002081.xml,train
Japan_000303.xml,train
Japan_011169.xml,train
Japan_006138.xml,train
Japan_007805.xml,train
Japan_002611.xml,train
Japan_000051.xml,train
Japan_002788.xml,train
Japan_000588.xml,train
Japan_003780.xml,train
Japan_000333.xml,train
Japan_002565.xml,train
Japan_007459.xml,train
Japan_005451.xml,train
Japan_004593.xml,train
Japan_000617.xml,train
Japan_006366.xml,train
Japan_005251.xml,train
Japan_006484.xml,train
Japan_011771.xml,train
Japan_004552.xml,train
Japan_005288.xml,train
Japan_011588.xml,train
Japan_007418.xml,train
Japan_006622.xml,train
Japan_013049.xml,train
Japan_003579.xml,train
Japan_012739.xml,train
Japan_000485.xml,train
Japan_010478.xml,train
Japan_009556.xml,train
Japan_000759.xml,train
Japan_011678.xml,train
Japan_012575.xml,train
Japan_008996.xml,train
Japan_002729.xml,train
Japan_006227.xml,train
Japan_007949.xml,train
Japan_004789.xml,train
Japan_008383.xml,train
Japan_006676.xml,train
Japan_007686.xml,train
Japan_006298.xml,train
Japan_011666.xml,train
Japan_006174.xml,train
Japan_009677.xml,train
Japan_011924.xml,train
Japan_009843.xml,train
Japan_006680.xml,train
Japan_005306.xml,train
Japan_012920.xml,train
Japan_004302.xml,train
Japan_010178.xml,train
Japan_005552.xml,train
Japan_002113.xml,train
Japan_011586.xml,train
Japan_006377.xml,train
Japan_002121.xml,train
Japan_003313.xml,train
Japan_000498.xml,train
Japan_007176.xml,train
Japan_013087.xml,train
Japan_004250.xml,train
Japan_007363.xml,train
Japan_005006.xml,train
Japan_002800.xml,train
Japan_012389.xml,train
Japan_007241.xml,train
Japan_005958.xml,train
Japan_002265.xml,train
Japan_007768.xml,train
Japan_004800.xml,train
Japan_000519.xml,train
Japan_000642.xml,train
Japan_005587.xml,train
Japan_002903.xml,train
Japan_009972.xml,train
Japan_011769.xml,train
Japan_011136.xml,train
Japan_003487.xml,train
Japan_010272.xml,train
Japan_003842.xml,train
Japan_003890.xml,train
Japan_010208.xml,train
Japan_006441.xml,train
Japan_010307.xml,train
Japan_011719.xml,train
Japan_009481.xml,train
Japan_002934.xml,train
Japan_006393.xml,train
Japan_009535.xml,train
Japan_010258.xml,train
Japan_009142.xml,train
Japan_010391.xml,train
Japan_002973.xml,train
Japan_008987.xml,train
Japan_007765.xml,train
Japan_002390.xml,train
Japan_010166.xml,train
Japan_007095.xml,train
Japan_006286.xml,train
Japan_006008.xml,train
Japan_002717.xml,train
Japan_012815.xml,train
Japan_008026.xml,train
Japan_011069.xml,train
Japan_007273.xml,train
Japan_008866.xml,train
Japan_006437.xml,train
Japan_011912.xml,train
Japan_006299.xml,train
Japan_001667.xml,train
Japan_009247.xml,train
Japan_005202.xml,train
Japan_008755.xml,train
Japan_011361.xml,train
Japan_009994.xml,train
Japan_011041.xml,train
Japan_013116.xml,train
Japan_008319.xml,train
Japan_002589.xml,train
Japan_001544.xml,train
Japan_012707.xml,train
Japan_000310.xml,train
Japan_006565.xml,train
Japan_011089.xml,train
Japan_001524.xml,train
Japan_000718.xml,train
Japan_002613.xml,train
Japan_009925.xml,train
Japan_010538.xml,train
Japan_008012.xml,train
Japan_006862.xml,train
Japan_010870.xml,train
Japan_001740.xml,train
Japan_002718.xml,train
Japan_003613.xml,train
Japan_011410.xml,train
Japan_004380.xml,train
Japan_000427.xml,train
Japan_011648.xml,train
Japan_012425.xml,train
Japan_000843.xml,train
Japan_002436.xml,train
Japan_001267.xml,train
Japan_012161.xml,train
Japan_011704.xml,train
Japan_003973.xml,train
Japan_001585.xml,train
Japan_002829.xml,train
Japan_003244.xml,train
Japan_004980.xml,train
Japan_011856.xml,train
Japan_008877.xml,train
Japan_002014.xml,train
Japan_006439.xml,train
Japan_010569.xml,train
Japan_009077.xml,train
Japan_002346.xml,train
Japan_011307.xml,train
Japan_007393.xml,train
Japan_011953.xml,train
Japan_010703.xml,train
Japan_002467.xml,train
Japan_006996.xml,train
Japan_010510.xml,train
Japan_010051.xml,train
Japan_008029.xml,train
Japan_004737.xml,train
Japan_006706.xml,train
Japan_010925.xml,train
Japan_003572.xml,train
Japan_000274.xml,train
Japan_007657.xml,train
Japan_012119.xml,train
Japan_006066.xml,train
Japan_001738.xml,train
Japan_003784.xml,train
Japan_005088.xml,train
Japan_010649.xml,train
Japan_005527.xml,train
Japan_008388.xml,train
Japan_009906.xml,train
Japan_008057.xml,train
Japan_011494.xml,train
Japan_012968.xml,train
Japan_002478.xml,train
Japan_002427.xml,train
Japan_001714.xml,train
Japan_001947.xml,train
Japan_003057.xml,train
Japan_002574.xml,train
Japan_002191.xml,train
Japan_010863.xml,train
Japan_009763.xml,train
Japan_000108.xml,train
Japan_002713.xml,train
Japan_011119.xml,train
Japan_006865.xml,train
Japan_002521.xml,train
Japan_001363.xml,train
Japan_007776.xml,train
Japan_002631.xml,train
Japan_010566.xml,train
Japan_000424.xml,train
Japan_003740.xml,train
Japan_003138.xml,train
Japan_006121.xml,train
Japan_007749.xml,train
Japan_006378.xml,train
Japan_001576.xml,train
Japan_013076.xml,train
Japan_000781.xml,train
Japan_012429.xml,train
Japan_011567.xml,train
Japan_002538.xml,train
Japan_009457.xml,train
Japan_008228.xml,train
Japan_003633.xml,train
Japan_002147.xml,train
Japan_001666.xml,train
Japan_005752.xml,train
Japan_010983.xml,train
Japan_000170.xml,train
Japan_001222.xml,train
Japan_007863.xml,train
Japan_006941.xml,train
Japan_001345.xml,train
Japan_000283.xml,train
Japan_011379.xml,train
Japan_012179.xml,train
Japan_010712.xml,train
Japan_008267.xml,train
Japan_003779.xml,train
Japan_001530.xml,train
Japan_010965.xml,train
Japan_007746.xml,train
Japan_003514.xml,train
Japan_005859.xml,train
Japan_006710.xml,train
Japan_002177.xml,train
Japan_007999.xml,train
Japan_009253.xml,train
Japan_010124.xml,train
Japan_010998.xml,train
Japan_001865.xml,train
Japan_001741.xml,train
Japan_004309.xml,train
Japan_011109.xml,train
Japan_012735.xml,train
Japan_009223.xml,train
Japan_000431.xml,train
Japan_003908.xml,train
Japan_006513.xml,train
Japan_005174.xml,train
Japan_003431.xml,train
Japan_008452.xml,train
Japan_007173.xml,train
Japan_004714.xml,train
Japan_006254.xml,train
Japan_012291.xml,train
Japan_010994.xml,train
Japan_008885.xml,train
Japan_003930.xml,train
Japan_006985.xml,train
Japan_005823.xml,train
Japan_011091.xml,train
Japan_008901.xml,train
Japan_003716.xml,train
Japan_003549.xml,train
Japan_010952.xml,train
Japan_009284.xml,train
Japan_010675.xml,train
Japan_011810.xml,train
Japan_012316.xml,train
Japan_002746.xml,train
Japan_005893.xml,train
Japan_000811.xml,train
Japan_001657.xml,train
Japan_009810.xml,train
Japan_009239.xml,train
Japan_003357.xml,train
Japan_009075.xml,train
Japan_003347.xml,train
Japan_007806.xml,train
Japan_006475.xml,train
Japan_000315.xml,train
Japan_013031.xml,train
Japan_001750.xml,train
Japan_012352.xml,train
Japan_002743.xml,train
Japan_008069.xml,train
Japan_004285.xml,train
Japan_011376.xml,train
Japan_000492.xml,train
Japan_011005.xml,train
Japan_012810.xml,train
Japan_006678.xml,train
Japan_012726.xml,train
Japan_007097.xml,train
Japan_004020.xml,train
Japan_006899.xml,train
Japan_006583.xml,train
Japan_011278.xml,train
Japan_007791.xml,train
Japan_009302.xml,train
Japan_008627.xml,train
Japan_000838.xml,train
Japan_011652.xml,train
Japan_010263.xml,train
Japan_012738.xml,train
Japan_009568.xml,train
Japan_011065.xml,train
Japan_000383.xml,train
Japan_007859.xml,train
Japan_001881.xml,train
Japan_012254.xml,train
Japan_009890.xml,train
Japan_012756.xml,train
Japan_004647.xml,train
Japan_012217.xml,train
Japan_012169.xml,train
Japan_003389.xml,train
Japan_006069.xml,train
Japan_012506.xml,train
Japan_005147.xml,train
Japan_012303.xml,train
Japan_006390.xml,train
Japan_001961.xml,train
Japan_009407.xml,train
Japan_012261.xml,train
Japan_002952.xml,train
Japan_005983.xml,train
Japan_006386.xml,train
Japan_008266.xml,train
Japan_002106.xml,train
Japan_002465.xml,train
Japan_006517.xml,train
Japan_001735.xml,train
Japan_001533.xml,train
Japan_011792.xml,train
Japan_011306.xml,train
Japan_002506.xml,train
Japan_011839.xml,train
Japan_005913.xml,train
Japan_011915.xml,train
Japan_002477.xml,train
Japan_010289.xml,train
Japan_012741.xml,train
Japan_002110.xml,train
Japan_012207.xml,train
Japan_001433.xml,train
Japan_001160.xml,train
Japan_002664.xml,train
Japan_004563.xml,train
Japan_002571.xml,train
Japan_003475.xml,train
Japan_010583.xml,train
Japan_000435.xml,train
Japan_009521.xml,train
Japan_003983.xml,train
Japan_001872.xml,train
Japan_010387.xml,train
Japan_008652.xml,train
Japan_003824.xml,train
Japan_011879.xml,train
Japan_010014.xml,train
Japan_004199.xml,train
Japan_008703.xml,train
Japan_005998.xml,train
Japan_000278.xml,train
Japan_003782.xml,train
Japan_007850.xml,train
Japan_006072.xml,train
Japan_002084.xml,train
Japan_005182.xml,train
Japan_007807.xml,train
Japan_004253.xml,train
Japan_008705.xml,train
Japan_002174.xml,train
Japan_001797.xml,train
Japan_007537.xml,train
Japan_006755.xml,train
Japan_007550.xml,train
Japan_007226.xml,train
Japan_011550.xml,train
Japan_012935.xml,train
Japan_004040.xml,train
Japan_008078.xml,train
Japan_011654.xml,train
Japan_008218.xml,train
Japan_011711.xml,train
Japan_002735.xml,train
Japan_012314.xml,train
Japan_005713.xml,train
Japan_009110.xml,train
Japan_003366.xml,train
Japan_002604.xml,train
Japan_002037.xml,train
Japan_012322.xml,train
Japan_008209.xml,train
Japan_005340.xml,train
Japan_000217.xml,train
Japan_012142.xml,train
Japan_000736.xml,train
Japan_011054.xml,train
Japan_011939.xml,train
Japan_009464.xml,train
Japan_001293.xml,train
Japan_007180.xml,train
Japan_011518.xml,train
Japan_011612.xml,train
Japan_001944.xml,train
Japan_012940.xml,train
Japan_005286.xml,train
Japan_000456.xml,train
Japan_003457.xml,train
Japan_000262.xml,train
Japan_009728.xml,train
Japan_009798.xml,train
Japan_007759.xml,train
Japan_001135.xml,train
Japan_000604.xml,train
Japan_009633.xml,train
Japan_008579.xml,train
Japan_002423.xml,train
Japan_000099.xml,train
Japan_008754.xml,train
Japan_005594.xml,train
Japan_013127.xml,train
Japan_005044.xml,train
Japan_008607.xml,train
Japan_004556.xml,train
Japan_005660.xml,train
Japan_006646.xml,train
Japan_001469.xml,train
Japan_009086.xml,train
Japan_007481.xml,train
Japan_009927.xml,train
Japan_011944.xml,train
Japan_003559.xml,train
Japan_000693.xml,train
Japan_003022.xml,train
Japan_008471.xml,train
Japan_002897.xml,train
Japan_003229.xml,train
Japan_009202.xml,train
Japan_007446.xml,train
Japan_010448.xml,train
Japan_007514.xml,train
Japan_001856.xml,train
Japan_010122.xml,train
Japan_008089.xml,train
Japan_003806.xml,train
Japan_012921.xml,train
Japan_007525.xml,train
Japan_007487.xml,train
Japan_000816.xml,train
Japan_001564.xml,train
Japan_002502.xml,train
Japan_004272.xml,train
Japan_003455.xml,train
Japan_005382.xml,train
Japan_004198.xml,train
Japan_012364.xml,train
Japan_011890.xml,train
Japan_006368.xml,train
Japan_009611.xml,train
Japan_008655.xml,train
Japan_011808.xml,train
Japan_011178.xml,train
Japan_003547.xml,train
Japan_000892.xml,train
Japan_004650.xml,train
Japan_004006.xml,train
Japan_005639.xml,train
Japan_007198.xml,train
Japan_007705.xml,train
Japan_009458.xml,train
Japan_009237.xml,train
Japan_003146.xml,train
Japan_009171.xml,train
Japan_005722.xml,train
Japan_011360.xml,train
Japan_007757.xml,train
Japan_009036.xml,train
Japan_009845.xml,train
Japan_012339.xml,train
Japan_000921.xml,train
Japan_007220.xml,train
Japan_012193.xml,train
Japan_007966.xml,train
Japan_009853.xml,train
Japan_005864.xml,train
Japan_008933.xml,train
Japan_008950.xml,train
Japan_002151.xml,train
Japan_003272.xml,train
Japan_008080.xml,train
Japan_000304.xml,train
Japan_010249.xml,train
Japan_010963.xml,train
Japan_008114.xml,train
Japan_000142.xml,train
Japan_001381.xml,train
Japan_005940.xml,train
Japan_009668.xml,train
Japan_013014.xml,train
Japan_007129.xml,train
Japan_004252.xml,train
Japan_004382.xml,train
Japan_006020.xml,train
Japan_001841.xml,train
Japan_009395.xml,train
Japan_010169.xml,train
Japan_012687.xml,train
Japan_001430.xml,train
Japan_012888.xml,train
Japan_001022.xml,train
Japan_004564.xml,train
Japan_010470.xml,train
Japan_005040.xml,train
Japan_000423.xml,train
Japan_009898.xml,train
Japan_004222.xml,train
Japan_002440.xml,train
Japan_009406.xml,train
Japan_009318.xml,train
Japan_006217.xml,train
Japan_008199.xml,train
Japan_002945.xml,train
Japan_011132.xml,train
Japan_007239.xml,train
Japan_012043.xml,train
Japan_006690.xml,train
Japan_009509.xml,train
Japan_012171.xml,train
Japan_005005.xml,train
Japan_001686.xml,train
Japan_007382.xml,train
Japan_011390.xml,train
Japan_010279.xml,train
Japan_011952.xml,train
Japan_011473.xml,train
Japan_008535.xml,train
Japan_009029.xml,train
Japan_004978.xml,train
Japan_008609.xml,train
Japan_006011.xml,train
Japan_002884.xml,train
Japan_000128.xml,train
Japan_004215.xml,train
Japan_001221.xml,train
Japan_011198.xml,train
Japan_009664.xml,train
Japan_003189.xml,train
Japan_003113.xml,train
Japan_004166.xml,train
Japan_001479.xml,train
Japan_006989.xml,train
Japan_001987.xml,train
Japan_006125.xml,train
Japan_007680.xml,train
Japan_009113.xml,train
Japan_008378.xml,train
Japan_010123.xml,train
Japan_002882.xml,train
Japan_004064.xml,train
Japan_004810.xml,train
Japan_010257.xml,train
Japan_004620.xml,train
Japan_009401.xml,train
Japan_011933.xml,train
Japan_001953.xml,train
Japan_002476.xml,train
Japan_008291.xml,train
Japan_002469.xml,train
Japan_010869.xml,train
Japan_001090.xml,train
Japan_003897.xml,train
Japan_004264.xml,train
Japan_001594.xml,train
Japan_009974.xml,train
Japan_009959.xml,train
Japan_011022.xml,train
Japan_012598.xml,train
Japan_008940.xml,train
Japan_007937.xml,train
Japan_002500.xml,train
Japan_006148.xml,train
Japan_012986.xml,train
Japan_010321.xml,train
Japan_009323.xml,train
Japan_010717.xml,train
Japan_005411.xml,train
Japan_005461.xml,train
Japan_003448.xml,train
Japan_010679.xml,train
Japan_004757.xml,train
Japan_000878.xml,train
Japan_002767.xml,train
Japan_010080.xml,train
Japan_005839.xml,train
Japan_001086.xml,train
Japan_005911.xml,train
Japan_010150.xml,train
Japan_004665.xml,train
Japan_006272.xml,train
Japan_007703.xml,train
Japan_001814.xml,train
Japan_007543.xml,train
Japan_010615.xml,train
Japan_013123.xml,train
Japan_004081.xml,train
Japan_006904.xml,train
Japan_005701.xml,train
Japan_002612.xml,train
Japan_004718.xml,train
Japan_002233.xml,train
Japan_001724.xml,train
Japan_006429.xml,train
Japan_003727.xml,train
Japan_012858.xml,train
Japan_008415.xml,train
Japan_010467.xml,train
Japan_003664.xml,train
Japan_010791.xml,train
Japan_003429.xml,train
Japan_010192.xml,train
Japan_001322.xml,train
Japan_010151.xml,train
Japan_002528.xml,train
Japan_012345.xml,train
Japan_008498.xml,train
Japan_004963.xml,train
Japan_003245.xml,train
Japan_011133.xml,train
Japan_008539.xml,train
Japan_007434.xml,train
Japan_004802.xml,train
Japan_011847.xml,train
Japan_012541.xml,train
Japan_005627.xml,train
Japan_004607.xml,train
Japan_000202.xml,train
Japan_004074.xml,train
Japan_004783.xml,train
Japan_010181.xml,train
Japan_007188.xml,train
Japan_010844.xml,train
Japan_007599.xml,train
Japan_001567.xml,train
Japan_008367.xml,train
Japan_006048.xml,train
Japan_009681.xml,train
Japan_011718.xml,train
Japan_009545.xml,train
Japan_006276.xml,train
Japan_003688.xml,train
Japan_004838.xml,train
Japan_011155.xml,train
Japan_004499.xml,train
Japan_012241.xml,train
Japan_008838.xml,train
Japan_004895.xml,train
Japan_005882.xml,train
Japan_009580.xml,train
Japan_007914.xml,train
Japan_010260.xml,train
Japan_002762.xml,train
Japan_012145.xml,train
Japan_006364.xml,train
Japan_005118.xml,train
Japan_012720.xml,train
Japan_013105.xml,train
Japan_001013.xml,train
Japan_011292.xml,train
Japan_002054.xml,train
Japan_003535.xml,train
Japan_000403.xml,train
Japan_010561.xml,train
Japan_002310.xml,train
Japan_002154.xml,train
Japan_012063.xml,train
Japan_012289.xml,train
Japan_010662.xml,train
Japan_009144.xml,train
Japan_003311.xml,train
Japan_003249.xml,train
Japan_005375.xml,train
Japan_004371.xml,train
Japan_010508.xml,train
Japan_004526.xml,train
Japan_002773.xml,train
Japan_002594.xml,train
Japan_007706.xml,train
Japan_003148.xml,train
Japan_008663.xml,train
Japan_000734.xml,train
Japan_006402.xml,train
Japan_010659.xml,train
Japan_008477.xml,train
Japan_001077.xml,train
Japan_009270.xml,train
Japan_008393.xml,train
Japan_008217.xml,train
Japan_009358.xml,train
Japan_008799.xml,train
Japan_002133.xml,train
Japan_011099.xml,train
Japan_011649.xml,train
Japan_001557.xml,train
Japan_006795.xml,train
Japan_010081.xml,train
Japan_003092.xml,train
Japan_000071.xml,train
Japan_011491.xml,train
Japan_006362.xml,train
Japan_012160.xml,train
Japan_011015.xml,train
Japan_010288.xml,train
Japan_008007.xml,train
Japan_012466.xml,train
Japan_009190.xml,train
Japan_005894.xml,train
Japan_004457.xml,train
Japan_007492.xml,train
Japan_008336.xml,train
Japan_012511.xml,train
Japan_000092.xml,train
Japan_002670.xml,train
Japan_008701.xml,train
Japan_005735.xml,train
Japan_009383.xml,train
Japan_000825.xml,train
Japan_011698.xml,train
Japan_010222.xml,train
Japan_000104.xml,train
Japan_006934.xml,train
Japan_007183.xml,train
Japan_008938.xml,train
Japan_008556.xml,train
Japan_006659.xml,train
Japan_005170.xml,train
Japan_008829.xml,train
Japan_001386.xml,train
Japan_006754.xml,train
Japan_006832.xml,train
Japan_007943.xml,train
Japan_007666.xml,train
Japan_005482.xml,train
Japan_004794.xml,train
Japan_004334.xml,train
Japan_008509.xml,train
Japan_006477.xml,train
Japan_010440.xml,train
Japan_009112.xml,train
Japan_004987.xml,train
Japan_008169.xml,train
Japan_012714.xml,train
Japan_009415.xml,train
Japan_001635.xml,train
Japan_009720.xml,train
Japan_006535.xml,train
Japan_001884.xml,train
Japan_008004.xml,train
Japan_006524.xml,train
Japan_012628.xml,train
Japan_002276.xml,train
Japan_002586.xml,train
Japan_003177.xml,train
Japan_005318.xml,train
Japan_001570.xml,train
Japan_009920.xml,train
Japan_005777.xml,train
Japan_007422.xml,train
Japan_001960.xml,train
Japan_002230.xml,train
Japan_004741.xml,train
Japan_003558.xml,train
Japan_000003.xml,train
Japan_002051.xml,train
Japan_004398.xml,train
Japan_008046.xml,train
Japan_012758.xml,train
Japan_005120.xml,train
Japan_011626.xml,train
Japan_008449.xml,train
Japan_007316.xml,train
Japan_007086.xml,train
Japan_009351.xml,train
Japan_008944.xml,train
Japan_002990.xml,train
Japan_013085.xml,train
Japan_001306.xml,train
Japan_005374.xml,train
Japan_005029.xml,train
Japan_008120.xml,train
Japan_008691.xml,train
Japan_004619.xml,train
Japan_007324.xml,train
Japan_004968.xml,train
Japan_007916.xml,train
Japan_013024.xml,train
Japan_006765.xml,train
Japan_008767.xml,train
Japan_006689.xml,train
Japan_009409.xml,train
Japan_000804.xml,train
Japan_000286.xml,train
Japan_002002.xml,train
Japan_002917.xml,train
Japan_006010.xml,train
Japan_009996.xml,train
Japan_009149.xml,train
Japan_007076.xml,train
Japan_001611.xml,train
Japan_002160.xml,train
Japan_004760.xml,train
Japan_009673.xml,train
Japan_000608.xml,train
Japan_011631.xml,train
Japan_011932.xml,train
Japan_006785.xml,train
Japan_012143.xml,train
Japan_010771.xml,train
Japan_000441.xml,train
Japan_010371.xml,train
Japan_008123.xml,train
Japan_011669.xml,train
Japan_008702.xml,train
Japan_013119.xml,train
Japan_003083.xml,train
Japan_004181.xml,train
Japan_002286.xml,train
Japan_009393.xml,train
Japan_003282.xml,train
Japan_006917.xml,train
Japan_004227.xml,train
Japan_002474.xml,train
Japan_001823.xml,train
Japan_000942.xml,train
Japan_011105.xml,train
Japan_013066.xml,train
Japan_012509.xml,train
Japan_002669.xml,train
Japan_000253.xml,train
Japan_011788.xml,train
Japan_005603.xml,train
Japan_008097.xml,train
Japan_002980.xml,train
Japan_011729.xml,train
Japan_005827.xml,train
Japan_010344.xml,train
Japan_001360.xml,train
Japan_012772.xml,train
Japan_008544.xml,train
Japan_003763.xml,train
Japan_009670.xml,train
Japan_012209.xml,train
Japan_009755.xml,train
Japan_003065.xml,train
Japan_011642.xml,train
Japan_002734.xml,train
Japan_005789.xml,train
Japan_010304.xml,train
Japan_006097.xml,train
Japan_004042.xml,train
Japan_005994.xml,train
Japan_007939.xml,train
Japan_002597.xml,train
Japan_009314.xml,train
Japan_007410.xml,train
Japan_011713.xml,train
Japan_007593.xml,train
Japan_012866.xml,train
Japan_010980.xml,train
Japan_009930.xml,train
Japan_013058.xml,train
Japan_009675.xml,train
Japan_011929.xml,train
Japan_007118.xml,train
Japan_001863.xml,train
Japan_012436.xml,train
Japan_012789.xml,train
Japan_002404.xml,train
Japan_000697.xml,train
Japan_007454.xml,train
Japan_010735.xml,train
Japan_002688.xml,train
Japan_006224.xml,train
Japan_007615.xml,train
Japan_008510.xml,train
Japan_010960.xml,train
Japan_004406.xml,train
Japan_010635.xml,train
Japan_010306.xml,train
Japan_012482.xml,train
Japan_007582.xml,train
Japan_008520.xml,train
Japan_005909.xml,train
Japan_004304.xml,train
Japan_008935.xml,train
Japan_003181.xml,train
Japan_001011.xml,train
Japan_012850.xml,train
Japan_001599.xml,train
Japan_010000.xml,train
Japan_011712.xml,train
Japan_010469.xml,train
Japan_006602.xml,train
Japan_004439.xml,train
Japan_007627.xml,train
Japan_003054.xml,train
Japan_011919.xml,train
Japan_009108.xml,train
Japan_001517.xml,train
Japan_000445.xml,train
Japan_012128.xml,train
Japan_008905.xml,train
Japan_009219.xml,train
Japan_009263.xml,train
Japan_012421.xml,train
Japan_006877.xml,train
Japan_009566.xml,train
Japan_012950.xml,train
Japan_007268.xml,train
Japan_003922.xml,train
Japan_011284.xml,train
Japan_009054.xml,train
Japan_010107.xml,train
Japan_008956.xml,train
Japan_000949.xml,train
Japan_012725.xml,train
Japan_006045.xml,train
Japan_005275.xml,train
Japan_006082.xml,train
Japan_005320.xml,train
Japan_000901.xml,train
Japan_001427.xml,train
Japan_009518.xml,train
Japan_002839.xml,train
Japan_006601.xml,train
Japan_007962.xml,train
Japan_001398.xml,train
Japan_010482.xml,train
Japan_002924.xml,train
Japan_006538.xml,train
Japan_007145.xml,train
Japan_002439.xml,train
Japan_002320.xml,train
Japan_007390.xml,train
Japan_000551.xml,train
Japan_011242.xml,train
Japan_003657.xml,train
Japan_004941.xml,train
Japan_009079.xml,train
Japan_004485.xml,train
Japan_006632.xml,train
Japan_009372.xml,train
Japan_002705.xml,train
Japan_001658.xml,train
Japan_002288.xml,train
Japan_007897.xml,train
Japan_000433.xml,train
Japan_012531.xml,train
Japan_008690.xml,train
Japan_010677.xml,train
Japan_000867.xml,train
Japan_012066.xml,train
Japan_001133.xml,train
Japan_002930.xml,train
Japan_004337.xml,train
Japan_011570.xml,train
Japan_007849.xml,train
Japan_008595.xml,train
Japan_011765.xml,train
Japan_002993.xml,train
Japan_003228.xml,train
Japan_001660.xml,train
Japan_003372.xml,train
Japan_004282.xml,train
Japan_009669.xml,train
Japan_009917.xml,train
Japan_010210.xml,train
Japan_005383.xml,train
Japan_000631.xml,train
Japan_004230.xml,train
Japan_002085.xml,train
Japan_002029.xml,train
Japan_010686.xml,train
Japan_012248.xml,train
Japan_005214.xml,train
Japan_005495.xml,train
Japan_008016.xml,train
Japan_001734.xml,train
Japan_002509.xml,train
Japan_002319.xml,train
Japan_002183.xml,train
Japan_004868.xml,train
Japan_000019.xml,train
Japan_011464.xml,train
Japan_000741.xml,train
Japan_002349.xml,train
Japan_011708.xml,train
Japan_007878.xml,train
Japan_007037.xml,train
Japan_008586.xml,train
Japan_001148.xml,train
Japan_009862.xml,train
Japan_007586.xml,train
Japan_004496.xml,train
Japan_002617.xml,train
Japan_009429.xml,train
Japan_009106.xml,train
Japan_011797.xml,train
Japan_002716.xml,train
Japan_000721.xml,train
Japan_001374.xml,train
Japan_000926.xml,train
Japan_005197.xml,train
Japan_010818.xml,train
Japan_001351.xml,train
Japan_011875.xml,train
Japan_003911.xml,train
Japan_007753.xml,train
Japan_003074.xml,train
Japan_012028.xml,train
Japan_007661.xml,train
Japan_002361.xml,train
Japan_003791.xml,train
Japan_012803.xml,train
Japan_013129.xml,train
Japan_010212.xml,train
Japan_001417.xml,train
Japan_003629.xml,train
Japan_010900.xml,train
Japan_008416.xml,train
Japan_005742.xml,train
Japan_010978.xml,train
Japan_003626.xml,train
Japan_000448.xml,train
Japan_005969.xml,train
Japan_010089.xml,train
Japan_013124.xml,train
Japan_009911.xml,train
Japan_012487.xml,train
Japan_008144.xml,train
Japan_003581.xml,train
Japan_010683.xml,train
Japan_001904.xml,train
Japan_007938.xml,train
Japan_009614.xml,train
Japan_005235.xml,train
Japan_007401.xml,train
Japan_011796.xml,train
Japan_009505.xml,train
Japan_011840.xml,train
Japan_007613.xml,train
Japan_005690.xml,train
Japan_010861.xml,train
Japan_000751.xml,train
Japan_006566.xml,train
Japan_011332.xml,train
Japan_010057.xml,train
Japan_008895.xml,train
Japan_002714.xml,train
Japan_012644.xml,train
Japan_004688.xml,train
Japan_000740.xml,train
Japan_005332.xml,train
Japan_010302.xml,train
Japan_010177.xml,train
Japan_011848.xml,train
Japan_008734.xml,train
Japan_003655.xml,train
Japan_007573.xml,train
Japan_007817.xml,train
Japan_012874.xml,train
Japan_001981.xml,train
Japan_005546.xml,train
Japan_007734.xml,train
Japan_010801.xml,train
Japan_006656.xml,train
Japan_001516.xml,train
Japan_009813.xml,train
Japan_008173.xml,train
Japan_001447.xml,train
Japan_010661.xml,train
Japan_012311.xml,train
Japan_012218.xml,train
Japan_002787.xml,train
Japan_006251.xml,train
Japan_003611.xml,train
Japan_008949.xml,train
Japan_006653.xml,train
Japan_000460.xml,train
Japan_000478.xml,train
Japan_011472.xml,train
Japan_010805.xml,train
Japan_009275.xml,train
Japan_004018.xml,train
Japan_009528.xml,train
Japan_002510.xml,train
Japan_011391.xml,train
Japan_002339.xml,train
Japan_013110.xml,train
Japan_010564.xml,train
Japan_004547.xml,train
Japan_011466.xml,train
Japan_010669.xml,train
Japan_010213.xml,train
Japan_005852.xml,train
Japan_001892.xml,train
Japan_008406.xml,train
Japan_008975.xml,train
Japan_012473.xml,train
Japan_003360.xml,train
Japan_002983.xml,train
Japan_010513.xml,train
Japan_007448.xml,train
Japan_001810.xml,train
Japan_001442.xml,train
Japan_001584.xml,train
Japan_003268.xml,train
Japan_009779.xml,train
Japan_003826.xml,train
Japan_012155.xml,train
Japan_011264.xml,train
Japan_005654.xml,train
Japan_009940.xml,train
Japan_012746.xml,train
Japan_005119.xml,train
Japan_003873.xml,train
Japan_000476.xml,train
Japan_007203.xml,train
Japan_001350.xml,train
Japan_005520.xml,train
Japan_007023.xml,train
Japan_003153.xml,train
Japan_007790.xml,train
Japan_010507.xml,train
Japan_000146.xml,train
Japan_006908.xml,train
Japan_001903.xml,train
Japan_007209.xml,train
Japan_000593.xml,train
Japan_001919.xml,train
Japan_000252.xml,train
Japan_000533.xml,train
Japan_008168.xml,train
Japan_000757.xml,train
Japan_004095.xml,train
Japan_010173.xml,train
Japan_008079.xml,train
Japan_010325.xml,train
Japan_002944.xml,train
Japan_001212.xml,train
Japan_004824.xml,train
Japan_011064.xml,train
Japan_007886.xml,train
Japan_006541.xml,train
Japan_008779.xml,train
Japan_011189.xml,train
Japan_012245.xml,train
Japan_009599.xml,train
Japan_005279.xml,train
Japan_006266.xml,train
Japan_003583.xml,train
Japan_004904.xml,train
Japan_008794.xml,train
Japan_006928.xml,train
Japan_011650.xml,train
Japan_004267.xml,train
Japan_012924.xml,train
Japan_005234.xml,train
Japan_005050.xml,train
Japan_011201.xml,train
Japan_011026.xml,train
Japan_004967.xml,train
Japan_001362.xml,train
Japan_000518.xml,train
Japan_001446.xml,train
Japan_010568.xml,train
Japan_004254.xml,train
Japan_007328.xml,train
Japan_002186.xml,train
Japan_001972.xml,train
Japan_010426.xml,train
Japan_003901.xml,train
Japan_000658.xml,train
Japan_002205.xml,train
Japan_011530.xml,train
Japan_004982.xml,train
Japan_004184.xml,train
Japan_005543.xml,train
Japan_006658.xml,train
Japan_012787.xml,train
Japan_004764.xml,train
Japan_000834.xml,train
Japan_011628.xml,train
Japan_007171.xml,train
Japan_011428.xml,train
Japan_007963.xml,train
Japan_008889.xml,train
Japan_006655.xml,train
Japan_007352.xml,train
Japan_005440.xml,train
Japan_011963.xml,train
Japan_008967.xml,train
Japan_010370.xml,train
Japan_006693.xml,train
Japan_000430.xml,train
Japan_008422.xml,train
Japan_009416.xml,train
Japan_005727.xml,train
Japan_005034.xml,train
Japan_007798.xml,train
Japan_008064.xml,train
Japan_002870.xml,train
Japan_004426.xml,train
Japan_003342.xml,train
Japan_010499.xml,train
Japan_010807.xml,train
Japan_002495.xml,train
Japan_003520.xml,train
Japan_011845.xml,train
Japan_006443.xml,train
Japan_002063.xml,train
Japan_001304.xml,train
Japan_011894.xml,train
Japan_002209.xml,train
Japan_006183.xml,train
Japan_007695.xml,train
Japan_006031.xml,train
Japan_000675.xml,train
Japan_009269.xml,train
Japan_010200.xml,train
Japan_013008.xml,train
Japan_005002.xml,train
Japan_011255.xml,train
Japan_012812.xml,train
Japan_003236.xml,train
Japan_002564.xml,train
Japan_006070.xml,train
Japan_010060.xml,train
Japan_003422.xml,train
Japan_009428.xml,train
Japan_003486.xml,train
Japan_003469.xml,train
Japan_004663.xml,train
Japan_000582.xml,train
Japan_004346.xml,train
Japan_012524.xml,train
Japan_012571.xml,train
Japan_007675.xml,train
Japan_011972.xml,train
Japan_009676.xml,train
Japan_006492.xml,train
Japan_011742.xml,train
Japan_001886.xml,train
Japan_003747.xml,train
Japan_008143.xml,train
Japan_008813.xml,train
Japan_003169.xml,train
Japan_012876.xml,train
Japan_003386.xml,train
Japan_005398.xml,train
Japan_006966.xml,train
Japan_003916.xml,train
Japan_002588.xml,train
Japan_005957.xml,train
Japan_004877.xml,train
Japan_005800.xml,train
Japan_011549.xml,train
Japan_004107.xml,train
Japan_005645.xml,train
Japan_010681.xml,train
Japan_004093.xml,train
Japan_002241.xml,train
Japan_003305.xml,train
Japan_010033.xml,train
Japan_003905.xml,train
Japan_007575.xml,train
Japan_007565.xml,train
Japan_002879.xml,train
Japan_004536.xml,train
Japan_004977.xml,train
Japan_000597.xml,train
Japan_004867.xml,train
Japan_012634.xml,train
Japan_007083.xml,train
Japan_013054.xml,train
Japan_001627.xml,train
Japan_012983.xml,train
Japan_008145.xml,train
Japan_001764.xml,train
Japan_008003.xml,train
Japan_005583.xml,train
Japan_005329.xml,train
Japan_000996.xml,train
Japan_009864.xml,train
Japan_012287.xml,train
Japan_006944.xml,train
Japan_003601.xml,train
Japan_011692.xml,train
Japan_007090.xml,train
Japan_001725.xml,train
Japan_010044.xml,train
Japan_004385.xml,train
Japan_003702.xml,train
Japan_012039.xml,train
Japan_008888.xml,train
Japan_002905.xml,train
Japan_007029.xml,train
Japan_012037.xml,train
Japan_008140.xml,train
Japan_010140.xml,train
Japan_006054.xml,train
Japan_003196.xml,train
Japan_004449.xml,train
Japan_009094.xml,train
Japan_004725.xml,train
Japan_003602.xml,train
Japan_003222.xml,train
Japan_006811.xml,train
Japan_008116.xml,train
Japan_002152.xml,train
Japan_003180.xml,train
Japan_001207.xml,train
Japan_011079.xml,train
Japan_006030.xml,train
Japan_004157.xml,train
Japan_008964.xml,train
Japan_011721.xml,train
Japan_009463.xml,train
Japan_011275.xml,train
Japan_000270.xml,train
Japan_010836.xml,train
Japan_008294.xml,train
Japan_000090.xml,train
Japan_008819.xml,train
Japan_008486.xml,train
Japan_002738.xml,train
Japan_003442.xml,train
Japan_001193.xml,train
Japan_010761.xml,train
Japan_000246.xml,train
Japan_003301.xml,train
Japan_011240.xml,train
Japan_002785.xml,train
Japan_012420.xml,train
Japan_009274.xml,train
Japan_013131.xml,train
Japan_006895.xml,train
Japan_007391.xml,train
Japan_006674.xml,train
Japan_012387.xml,train
Japan_012382.xml,train
Japan_002508.xml,train
Japan_000200.xml,train
Japan_006199.xml,train
Japan_011682.xml,train
Japan_010197.xml,train
Japan_007126.xml,train
Japan_011922.xml,train
Japan_004390.xml,train
Japan_010362.xml,train
Japan_006416.xml,train
Japan_004054.xml,train
Japan_007654.xml,train
Japan_004119.xml,train
Japan_005404.xml,train
Japan_012811.xml,train
Japan_009520.xml,train
Japan_011268.xml,train
Japan_008634.xml,train
Japan_010789.xml,train
Japan_004188.xml,train
Japan_008697.xml,train
Japan_002167.xml,train
Japan_011221.xml,train
Japan_000526.xml,train
Japan_010868.xml,train
Japan_010923.xml,train
Japan_000585.xml,train
Japan_008297.xml,train
Japan_000389.xml,train
Japan_005080.xml,train
Japan_005313.xml,train
Japan_001721.xml,train
Japan_010827.xml,train
Japan_006682.xml,train
Japan_003494.xml,train
Japan_013099.xml,train
Japan_002979.xml,train
Japan_003660.xml,train
Japan_010468.xml,train
Japan_011981.xml,train
Japan_005848.xml,train
Japan_010940.xml,train
Japan_008364.xml,train
Japan_011591.xml,train
Japan_005643.xml,train
Japan_011983.xml,train
Japan_005499.xml,train
Japan_011016.xml,train
Japan_005095.xml,train
Japan_009825.xml,train
Japan_009496.xml,train
Japan_008689.xml,train
Japan_006318.xml,train
Japan_000628.xml,train
Japan_006314.xml,train
Japan_007013.xml,train
Japan_013125.xml,train
Japan_010896.xml,train
Japan_009935.xml,train
Japan_007507.xml,train
Japan_009951.xml,train
Japan_012369.xml,train
Japan_007461.xml,train
Japan_005464.xml,train
Japan_004926.xml,train
Japan_005114.xml,train
Japan_008728.xml,train
Japan_006523.xml,train
Japan_012246.xml,train
Japan_012605.xml,train
Japan_001216.xml,train
Japan_002724.xml,train
Japan_011821.xml,train
Japan_008858.xml,train
Japan_010924.xml,train
Japan_008067.xml,train
Japan_008425.xml,train
Japan_000465.xml,train
Japan_005964.xml,train
Japan_002497.xml,train
Japan_003421.xml,train
Japan_000680.xml,train
Japan_008226.xml,train
Japan_006644.xml,train
Japan_009540.xml,train
Japan_002285.xml,train
Japan_011861.xml,train
Japan_012136.xml,train
Japan_008800.xml,train
Japan_004790.xml,train
Japan_004734.xml,train
Japan_008642.xml,train
Japan_010103.xml,train
Japan_001199.xml,train
Japan_007882.xml,train
Japan_000136.xml,train
Japan_006840.xml,train
Japan_002514.xml,train
Japan_006809.xml,train
Japan_006839.xml,train
Japan_002021.xml,train
Japan_000117.xml,train
Japan_010748.xml,train
Japan_011043.xml,train
Japan_002372.xml,train
Japan_010859.xml,train
Japan_001495.xml,train
Japan_011668.xml,train
Japan_000301.xml,train
Japan_010887.xml,train
Japan_011369.xml,train
Japan_011134.xml,train
Japan_008363.xml,train
Japan_001553.xml,train
Japan_002362.xml,train
Japan_000684.xml,train
Japan_003830.xml,train
Japan_011125.xml,train
Japan_000076.xml,train
Japan_008093.xml,train
Japan_009942.xml,train
Japan_003871.xml,train
Japan_002965.xml,train
Japan_003242.xml,train
Japan_004147.xml,train
Japan_006766.xml,train
Japan_007927.xml,train
Japan_009506.xml,train
Japan_010962.xml,train
Japan_006881.xml,train
Japan_005655.xml,train
Japan_000358.xml,train
Japan_004894.xml,train
Japan_009125.xml,train
Japan_012270.xml,train
Japan_005748.xml,train
Japan_002411.xml,train
Japan_003000.xml,train
Japan_000221.xml,train
Japan_000902.xml,train
Japan_008060.xml,train
Japan_005207.xml,train
Japan_008050.xml,train
Japan_002730.xml,train
Japan_001768.xml,train
Japan_008164.xml,train
Japan_003186.xml,train
Japan_011211.xml,train
Japan_003676.xml,train
Japan_007361.xml,train
Japan_005102.xml,train
Japan_009826.xml,train
Japan_008890.xml,train
Japan_009191.xml,train
Japan_007071.xml,train
Japan_007408.xml,train
Japan_008878.xml,train
Japan_011790.xml,train
Japan_001815.xml,train
Japan_004168.xml,train
Japan_000535.xml,train
Japan_007690.xml,train
Japan_011480.xml,train
Japan_004659.xml,train
Japan_005490.xml,train
Japan_005126.xml,train
Japan_001669.xml,train
Japan_012232.xml,train
Japan_000634.xml,train
Japan_002766.xml,train
Japan_007432.xml,train
Japan_010881.xml,train
Japan_002382.xml,train
Japan_006238.xml,train
Japan_007881.xml,train
Japan_010183.xml,train
Japan_008314.xml,train
Japan_004078.xml,train
Japan_005371.xml,train
Japan_005675.xml,train
Japan_010405.xml,train
Japan_001255.xml,train
Japan_007723.xml,train
Japan_000668.xml,train
Japan_005923.xml,train
Japan_002327.xml,train
Japan_008860.xml,train
Japan_005618.xml,train
Japan_004161.xml,train
Japan_006113.xml,train
Japan_012013.xml,train
Japan_008770.xml,train
Japan_002428.xml,train
Japan_008985.xml,train
Japan_008692.xml,train
Japan_012904.xml,train
Japan_011959.xml,train
Japan_001518.xml,train
Japan_011229.xml,train
Japan_009143.xml,train
Japan_006334.xml,train
Japan_011743.xml,train
Japan_008463.xml,train
Japan_007865.xml,train
Japan_004955.xml,train
Japan_002188.xml,train
Japan_003135.xml,train
Japan_011088.xml,train
Japan_002901.xml,train
Japan_003795.xml,train
Japan_001110.xml,train
Japan_012689.xml,train
Japan_010759.xml,train
Japan_011724.xml,train
Japan_005498.xml,train
Japan_007607.xml,train
Japan_000490.xml,train
Japan_003021.xml,train
Japan_008061.xml,train
Japan_003397.xml,train
Japan_009382.xml,train
Japan_004336.xml,train
Japan_004846.xml,train
Japan_008288.xml,train
Japan_008103.xml,train
Japan_002060.xml,train
Japan_000827.xml,train
Japan_006101.xml,train
Japan_003678.xml,train
Japan_008864.xml,train
Japan_003168.xml,train
Japan_001044.xml,train
Japan_000801.xml,train
Japan_005389.xml,train
Japan_009866.xml,train
Japan_000886.xml,train
Japan_001502.xml,train
Japan_006736.xml,train
Japan_001159.xml,train
Japan_001241.xml,train
Japan_010158.xml,train
Japan_013036.xml,train
Japan_007595.xml,train
Japan_005360.xml,train
Japan_011160.xml,train
Japan_001052.xml,train
Japan_009474.xml,train
Japan_011295.xml,train
Japan_006550.xml,train
Japan_006472.xml,train
Japan_009809.xml,train
Japan_000503.xml,train
Japan_009271.xml,train
Japan_003265.xml,train
Japan_005022.xml,train
Japan_002859.xml,train
Japan_005890.xml,train
Japan_002242.xml,train
Japan_009902.xml,train
Japan_002118.xml,train
Japan_000875.xml,train
Japan_005291.xml,train
Japan_001946.xml,train
Japan_000371.xml,train
Japan_003106.xml,train
Japan_011363.xml,train
Japan_010972.xml,train
Japan_000406.xml,train
Japan_007644.xml,train
Japan_010005.xml,train
Japan_004629.xml,train
Japan_012326.xml,train
Japan_000282.xml,train
Japan_002119.xml,train
Japan_008898.xml,train
Japan_008397.xml,train
Japan_006825.xml,train
Japan_000673.xml,train
Japan_000088.xml,train
Japan_006354.xml,train
Japan_001329.xml,train
Japan_001896.xml,train
Japan_012427.xml,train
Japan_010517.xml,train
Japan_001030.xml,train
Japan_008540.xml,train
Japan_003015.xml,train
Japan_006716.xml,train
Japan_003257.xml,train
Japan_005390.xml,train
Japan_007028.xml,train
Japan_000826.xml,train
Japan_001560.xml,train
Japan_004125.xml,train
Japan_004211.xml,train
Japan_006041.xml,train
Japan_012703.xml,train
Japan_008427.xml,train
Japan_000679.xml,train
Japan_001176.xml,train
Japan_005700.xml,train
Japan_002460.xml,train
Japan_006073.xml,train
Japan_000774.xml,train
Japan_001799.xml,train
Japan_004109.xml,train
Japan_009586.xml,train
Japan_012641.xml,train
Japan_004124.xml,train
Japan_002284.xml,train
Japan_006694.xml,train
Japan_005105.xml,train
Japan_002549.xml,train
Japan_000197.xml,train
Japan_006709.xml,train
Japan_006216.xml,train
Japan_002091.xml,train
Japan_012975.xml,train
Japan_002244.xml,train
Japan_012859.xml,train
Japan_012242.xml,train
Japan_006367.xml,train
Japan_010221.xml,train
Japan_005435.xml,train
Japan_010685.xml,train
Japan_007761.xml,train
Japan_010706.xml,train
Japan_012426.xml,train
Japan_004795.xml,train
Japan_013064.xml,train
Japan_006609.xml,train
Japan_005351.xml,train
Japan_010244.xml,train
Japan_001419.xml,train
Japan_006405.xml,train
Japan_011110.xml,train
Japan_007555.xml,train
Japan_001757.xml,train
Japan_009300.xml,train
Japan_010871.xml,train
Japan_005718.xml,train
Japan_000914.xml,train
Japan_003322.xml,train
Japan_005330.xml,train
Japan_005333.xml,train
Japan_000035.xml,train
Japan_005140.xml,train
Japan_006918.xml,train
Japan_013012.xml,train
Japan_001308.xml,train
Japan_001019.xml,train
Japan_011601.xml,train
Japan_010282.xml,train
Japan_003343.xml,train
Japan_006512.xml,train
Japan_008787.xml,train
Japan_006578.xml,train
Japan_010657.xml,train
Japan_000228.xml,train
Japan_008686.xml,train
Japan_009626.xml,train
Japan_005422.xml,train
Japan_009559.xml,train
Japan_000291.xml,train
Japan_007270.xml,train
Japan_011960.xml,train
Japan_008672.xml,train
Japan_004537.xml,train
Japan_000296.xml,train
Japan_005243.xml,train
Japan_007346.xml,train
Japan_007650.xml,train
Japan_004383.xml,train
Japan_001685.xml,train
Japan_008998.xml,train
Japan_011553.xml,train
Japan_009344.xml,train
Japan_007194.xml,train
Japan_001435.xml,train
Japan_007457.xml,train
Japan_002280.xml,train
Japan_006371.xml,train
Japan_005803.xml,train
Japan_011855.xml,train
Japan_002325.xml,train
Japan_000332.xml,train
Japan_006065.xml,train
Japan_007954.xml,train
Japan_005663.xml,train
Japan_004583.xml,train
Japan_000336.xml,train
Japan_005178.xml,train
Japan_008207.xml,train
Japan_009975.xml,train
Japan_011308.xml,train
Japan_002311.xml,train
Japan_008718.xml,train
Japan_010153.xml,train
Japan_001279.xml,train
Japan_002808.xml,train
Japan_012702.xml,train
Japan_007866.xml,train
Japan_001472.xml,train
Japan_010182.xml,train
Japan_009831.xml,train
Japan_000412.xml,train
Japan_005188.xml,train
Japan_001938.xml,train
Japan_006901.xml,train
Japan_012356.xml,train
Japan_009220.xml,train
Japan_009529.xml,train
Japan_000362.xml,train
Japan_008183.xml,train
Japan_009689.xml,train
Japan_011212.xml,train
Japan_007659.xml,train
Japan_001301.xml,train
Japan_005324.xml,train
Japan_003444.xml,train
Japan_001365.xml,train
Japan_011042.xml,train
Japan_008178.xml,train
Japan_002607.xml,train
Japan_012870.xml,train
Japan_007184.xml,train
Japan_007421.xml,train
Japan_000945.xml,train
Japan_012536.xml,train
Japan_003005.xml,train
Japan_004662.xml,train
Japan_002999.xml,train
Japan_007718.xml,train
Japan_008461.xml,train
Japan_003798.xml,train
Japan_000340.xml,train
Japan_000726.xml,train
Japan_007182.xml,train
Japan_003198.xml,train
Japan_000388.xml,train
Japan_008219.xml,train
Japan_002995.xml,train
Japan_000085.xml,train
Japan_009361.xml,train
Japan_002957.xml,train
Japan_007958.xml,train
Japan_002395.xml,train
Japan_000851.xml,train
Japan_006842.xml,train
Japan_000001.xml,train
Japan_008991.xml,train
Japan_005052.xml,train
Japan_012378.xml,train
Japan_007674.xml,train
Japan_012985.xml,train
Japan_005536.xml,train
Japan_012103.xml,train
Japan_006794.xml,train
Japan_009339.xml,train
Japan_008622.xml,train
Japan_002041.xml,train
Japan_003125.xml,train
Japan_006353.xml,train
Japan_002281.xml,train
Japan_009981.xml,train
Japan_004690.xml,train
Japan_004192.xml,train
Japan_010884.xml,train
Japan_002300.xml,train
Japan_011510.xml,train
Japan_012817.xml,train
Japan_004155.xml,train
Japan_003865.xml,train
Japan_007279.xml,train
Japan_006519.xml,train
Japan_008022.xml,train
Japan_004112.xml,train
Japan_006893.xml,train
Japan_007165.xml,train
Japan_012834.xml,train
Japan_005698.xml,train
Japan_008070.xml,train
Japan_005595.xml,train
Japan_006975.xml,train
Japan_011659.xml,train
Japan_007158.xml,train
Japan_001633.xml,train
Japan_005750.xml,train
Japan_002988.xml,train
Japan_000691.xml,train
Japan_009986.xml,train
Japan_006611.xml,train
Japan_007287.xml,train
Japan_007860.xml,train
Japan_007170.xml,train
Japan_007911.xml,train
Japan_011217.xml,train
Japan_006450.xml,train
Japan_000483.xml,train
Japan_007957.xml,train
Japan_012333.xml,train
Japan_012089.xml,train
Japan_004049.xml,train
Japan_004274.xml,train
Japan_000839.xml,train
Japan_005277.xml,train
Japan_010039.xml,train
Japan_002942.xml,train
Japan_006358.xml,train
Japan_012385.xml,train
Japan_003287.xml,train
Japan_007506.xml,train
Japan_001962.xml,train
Japan_002283.xml,train
Japan_000738.xml,train
Japan_011286.xml,train
Japan_006695.xml,train
Japan_010328.xml,train
Japan_009019.xml,train
Japan_002451.xml,train
Japan_007093.xml,train
Japan_006738.xml,train
Japan_008903.xml,train
Japan_011559.xml,train
Japan_002055.xml,train
Japan_003201.xml,train
Japan_008309.xml,train
Japan_012574.xml,train
Japan_003416.xml,train
Japan_004292.xml,train
Japan_006630.xml,train
Japan_006994.xml,train
Japan_011629.xml,train
Japan_011277.xml,train
Japan_008047.xml,train
Japan_001840.xml,train
Japan_007358.xml,train
Japan_003851.xml,train
Japan_004940.xml,train
Japan_011976.xml,train
Japan_009017.xml,train
Japan_010045.xml,train
Japan_009488.xml,train
Japan_011036.xml,train
Japan_012476.xml,train
Japan_000882.xml,train
Japan_003225.xml,train
Japan_010986.xml,train
Japan_009027.xml,train
Japan_003310.xml,train
Japan_011791.xml,train
Japan_008157.xml,train
Japan_002720.xml,train
Japan_007576.xml,train
Japan_010922.xml,train
Japan_009652.xml,train
Japan_004143.xml,train
Japan_006201.xml,train
Japan_003708.xml,train
Japan_008115.xml,train
Japan_003182.xml,train
Japan_012675.xml,train
Japan_009443.xml,train
Japan_008625.xml,train
Japan_008974.xml,train
Japan_007804.xml,train
Japan_010964.xml,train
Japan_012244.xml,train
Japan_002546.xml,train
Japan_001543.xml,train
Japan_005717.xml,train
Japan_001177.xml,train
Japan_008380.xml,train
Japan_003962.xml,train
Japan_003267.xml,train
Japan_002143.xml,train
Japan_008460.xml,train
Japan_012187.xml,train
Japan_010366.xml,train
Japan_005764.xml,train
Japan_004026.xml,train
Japan_002524.xml,train
Japan_012684.xml,train
Japan_010951.xml,train
Japan_000272.xml,train
Japan_003451.xml,train
Japan_009574.xml,train
Japan_001359.xml,train
Japan_011766.xml,train
Japan_006246.xml,train
Japan_004579.xml,train
Japan_003056.xml,train
Japan_002184.xml,train
Japan_005323.xml,train
Japan_007601.xml,train
Japan_006923.xml,train
Japan_005699.xml,train
Japan_007068.xml,train
Japan_002222.xml,train
Japan_006889.xml,train
Japan_000985.xml,train
Japan_010702.xml,train
Japan_012630.xml,train
Japan_012615.xml,train
Japan_006619.xml,train
Japan_000281.xml,train
Japan_004366.xml,train
Japan_011001.xml,train
Japan_012987.xml,train
Japan_003768.xml,train
Japan_000267.xml,train
Japan_002998.xml,train
Japan_000098.xml,train
Japan_009475.xml,train
Japan_011152.xml,train
Japan_010061.xml,train
Japan_004548.xml,train
Japan_006507.xml,train
Japan_007614.xml,train
Japan_005607.xml,train
Japan_007019.xml,train
Japan_000203.xml,train
Japan_011114.xml,train
Japan_008752.xml,train
Japan_002479.xml,train
Japan_009291.xml,train
Japan_003383.xml,train
Japan_001375.xml,train
Japan_004435.xml,train
Japan_007313.xml,train
Japan_008491.xml,train
Japan_001423.xml,train
Japan_005246.xml,train
Japan_007021.xml,train
Japan_007113.xml,train
Japan_003935.xml,train
Japan_008429.xml,train
Japan_007172.xml,train
Japan_004202.xml,train
Japan_000963.xml,train
Japan_000495.xml,train
Japan_010742.xml,train
Japan_006029.xml,train
Japan_009743.xml,train
Japan_010570.xml,train
Japan_004901.xml,train
Japan_008839.xml,train
Japan_010565.xml,train
Japan_004231.xml,train
Japan_002807.xml,train
Japan_006022.xml,train
Japan_009210.xml,train
Japan_001151.xml,train
Japan_009781.xml,train
Japan_011807.xml,train
Japan_001967.xml,train
Japan_007669.xml,train
Japan_000033.xml,train
Japan_007983.xml,train
Japan_005972.xml,train
Japan_009166.xml,train
Japan_004780.xml,train
Japan_001907.xml,train
Japan_004840.xml,train
Japan_005238.xml,train
Japan_006392.xml,train
Japan_004327.xml,train
Japan_012880.xml,train
Japan_008745.xml,train
Japan_011269.xml,train
Japan_005707.xml,train
Japan_003485.xml,train
Japan_000328.xml,train
Japan_006503.xml,train
Japan_008760.xml,train
Japan_005895.xml,train
Japan_007242.xml,train
Japan_006990.xml,train
Japan_003495.xml,train
Japan_007782.xml,train
Japan_008259.xml,train
Japan_007475.xml,train
Japan_004752.xml,train
Japan_006357.xml,train
Japan_010720.xml,train
Japan_003098.xml,train
Japan_006095.xml,train
Japan_000127.xml,train
Japan_002592.xml,train
Japan_003260.xml,train
Japan_007072.xml,train
Japan_004911.xml,train
Japan_011817.xml,train
Japan_002902.xml,train
Japan_001118.xml,train
Japan_001969.xml,train
Japan_007162.xml,train
Japan_002649.xml,train
Japan_005524.xml,train
Japan_008816.xml,train
Japan_002666.xml,train
Japan_002343.xml,train
Japan_004912.xml,train
Japan_005185.xml,train
Japan_006673.xml,train
Japan_002676.xml,train
Japan_005834.xml,train
Japan_006999.xml,train
Japan_010385.xml,train
Japan_004489.xml,train
Japan_007042.xml,train
Japan_009390.xml,train
Japan_007536.xml,train
Japan_011681.xml,train
Japan_002599.xml,train
Japan_008013.xml,train
Japan_005165.xml,train
Japan_012790.xml,train
Japan_011699.xml,train
Japan_011443.xml,train
Japan_003537.xml,train
Japan_012046.xml,train
Japan_006300.xml,train
Japan_001723.xml,train
Japan_012034.xml,train
Japan_005917.xml,train
Japan_012562.xml,train
Japan_012944.xml,train
Japan_011867.xml,train
Japan_002070.xml,train
Japan_005334.xml,train
Japan_009159.xml,train
Japan_004508.xml,train
Japan_009563.xml,train
Japan_002172.xml,train
Japan_008146.xml,train
Japan_011647.xml,train
Japan_009538.xml,train
Japan_003207.xml,train
Japan_003801.xml,train
Japan_003217.xml,train
Japan_009769.xml,train
Japan_005733.xml,train
Japan_006557.xml,train
Japan_002212.xml,train
Japan_008516.xml,train
Japan_011873.xml,train
Japan_000648.xml,train
Japan_000122.xml,train
Japan_006508.xml,train
Japan_009470.xml,train
Japan_006356.xml,train
Japan_006259.xml,train
Japan_002954.xml,train
Japan_002910.xml,train
Japan_005316.xml,train
Japan_011838.xml,train
Japan_006506.xml,train
Japan_013111.xml,train
Japan_008971.xml,train
Japan_003424.xml,train
Japan_003878.xml,train
Japan_004691.xml,train
Japan_012791.xml,train
Japan_004498.xml,train
Japan_004220.xml,train
Japan_008673.xml,train
Japan_001437.xml,train
Japan_008527.xml,train
Japan_000971.xml,train
Japan_009608.xml,train
Japan_004580.xml,train
Japan_008963.xml,train
Japan_011787.xml,train
Japan_011646.xml,train
Japan_003661.xml,train
Japan_011635.xml,train
Japan_010494.xml,train
Japan_009193.xml,train
Japan_007453.xml,train
Japan_005233.xml,train
Japan_008554.xml,train
Japan_006483.xml,train
Japan_004256.xml,train
Japan_012978.xml,train
Japan_008102.xml,train
Japan_001818.xml,train
Japan_004411.xml,train
Japan_004300.xml,train
Japan_007716.xml,train
Japan_004544.xml,train
Japan_006162.xml,train
Japan_008834.xml,train
Japan_004616.xml,train
Japan_000213.xml,train
Japan_001032.xml,train
Japan_000324.xml,train
Japan_008034.xml,train
Japan_006321.xml,train
Japan_008274.xml,train
Japan_000284.xml,train
Japan_008815.xml,train
Japan_005608.xml,train
Japan_011752.xml,train
Japan_005831.xml,train
Japan_008932.xml,train
Japan_001568.xml,train
Japan_011725.xml,train
Japan_008835.xml,train
Japan_009160.xml,train
Japan_010585.xml,train
Japan_004187.xml,train
Japan_002009.xml,train
Japan_002560.xml,train
Japan_004875.xml,train
Japan_002580.xml,train
Japan_005681.xml,train
Japan_003766.xml,train
Japan_009565.xml,train
Japan_012490.xml,train
Japan_006651.xml,train
Japan_007469.xml,train
Japan_006461.xml,train
Japan_007160.xml,train
Japan_012350.xml,train
Japan_006756.xml,train
Japan_008010.xml,train
Japan_011030.xml,train
Japan_013122.xml,train
Japan_003388.xml,train
Japan_006423.xml,train
Japan_009648.xml,train
Japan_012337.xml,train
Japan_000602.xml,train
Japan_004736.xml,train
Japan_000186.xml,train
Japan_001559.xml,train
Japan_001569.xml,train
Japan_006863.xml,train
Japan_006164.xml,train
Japan_005597.xml,train
Japan_010613.xml,train
Japan_001059.xml,train
Japan_007631.xml,train
Japan_009328.xml,train
Japan_006431.xml,train
Japan_006108.xml,train
Japan_004293.xml,train
Japan_001131.xml,train
Japan_011063.xml,train
Japan_006264.xml,train
Japan_002970.xml,train
Japan_010162.xml,train
Japan_005212.xml,train
Japan_007993.xml,train
Japan_001015.xml,train
Japan_009402.xml,train
Japan_007414.xml,train
Japan_002908.xml,train
Japan_005219.xml,train
Japan_011077.xml,train
Japan_003373.xml,train
Japan_003509.xml,train
Japan_012004.xml,train
Japan_007648.xml,train
Japan_007163.xml,train
Japan_000144.xml,train
Japan_009822.xml,train
Japan_008563.xml,train
Japan_003903.xml,train
Japan_000766.xml,train
Japan_003014.xml,train
Japan_000540.xml,train
Japan_007024.xml,train
Japan_003463.xml,train
Japan_013074.xml,train
Japan_007689.xml,train
Japan_007478.xml,train
Japan_008281.xml,train
Japan_009879.xml,train
Japan_009790.xml,train
Japan_011375.xml,train
Japan_008002.xml,train
Japan_010711.xml,train
Japan_005163.xml,train
Japan_006558.xml,train
Japan_008776.xml,train
Japan_003880.xml,train
Japan_003359.xml,train
Japan_011081.xml,train
Japan_007821.xml,train
Japan_005296.xml,train
Japan_005802.xml,train
Japan_001663.xml,train
Japan_002344.xml,train
Japan_007433.xml,train
Japan_008155.xml,train
Japan_009236.xml,train
Japan_012115.xml,train
Japan_004565.xml,train
Japan_005276.xml,train
Japan_012884.xml,train
Japan_002473.xml,train
Japan_008843.xml,train
Japan_000437.xml,train
Japan_012234.xml,train
Japan_009742.xml,train
Japan_002938.xml,train
Japan_005199.xml,train
Japan_010866.xml,train
Japan_007727.xml,train
Japan_001773.xml,train
Japan_001537.xml,train
Japan_000473.xml,train
Japan_007501.xml,train
Japan_011677.xml,train
Japan_011245.xml,train
Japan_000760.xml,train
Japan_007074.xml,train
Japan_004013.xml,train
Japan_012614.xml,train
Japan_010317.xml,train
Japan_011763.xml,train
Japan_001641.xml,train
Japan_004355.xml,train
Japan_002997.xml,train
Japan_004998.xml,train
Japan_009133.xml,train
Japan_005139.xml,train
Japan_003040.xml,train
Japan_013081.xml,train
Japan_012814.xml,train
Japan_009151.xml,train
Japan_002358.xml,train
Japan_013041.xml,train
Japan_008560.xml,train
Japan_009298.xml,train
Japan_008496.xml,train
Japan_002868.xml,train
Japan_009759.xml,train
Japan_008035.xml,train
Japan_011982.xml,train
Japan_007462.xml,train
Japan_005656.xml,train
Japan_009932.xml,train
Japan_006778.xml,train
Japan_001964.xml,train
Japan_005741.xml,train
Japan_003976.xml,train
Japan_011997.xml,train
Japan_006995.xml,train
Japan_004027.xml,train
Japan_001245.xml,train
Japan_000434.xml,train
Japan_000583.xml,train
Japan_005065.xml,train
Japan_000183.xml,train
Japan_002537.xml,train
Japan_000605.xml,train
Japan_006464.xml,train
Japan_000752.xml,train
Japan_007953.xml,train
Japan_007970.xml,train
Japan_006724.xml,train
Japan_009679.xml,train
Japan_006686.xml,train
Japan_001583.xml,train
Japan_008135.xml,train
Japan_012233.xml,train
Japan_001661.xml,train
Japan_004071.xml,train
Japan_013030.xml,train
Japan_011576.xml,train
Japan_012610.xml,train
Japan_002511.xml,train
Japan_008916.xml,train
Japan_007500.xml,train
Japan_003686.xml,train
Japan_001578.xml,train
Japan_007348.xml,train
Japan_005856.xml,train
Japan_003568.xml,train
Japan_011315.xml,train
Japan_011665.xml,train
Japan_008166.xml,train
Japan_005526.xml,train
Japan_008676.xml,train
Japan_012006.xml,train
Japan_010628.xml,train
Japan_012260.xml,train
Japan_004985.xml,train
Japan_009182.xml,train
Japan_010114.xml,train
Japan_002584.xml,train
Japan_005922.xml,train
Japan_009208.xml,train
Japan_009394.xml,train
Japan_000717.xml,train
Japan_005754.xml,train
Japan_003478.xml,train
Japan_007134.xml,train
Japan_000337.xml,train
Japan_003530.xml,train
Japan_000989.xml,train
Japan_002812.xml,train
Japan_001081.xml,train
Japan_004407.xml,train
Japan_008312.xml,train
Japan_009800.xml,train
Japan_009181.xml,train
Japan_003507.xml,train
Japan_012558.xml,train
Japan_010423.xml,train
Japan_011832.xml,train
Japan_007609.xml,train
Japan_013082.xml,train
Japan_001399.xml,train
Japan_005007.xml,train
Japan_004447.xml,train
Japan_012087.xml,train
Japan_010267.xml,train
Japan_007249.xml,train
Japan_002610.xml,train
Japan_005554.xml,train
Japan_003706.xml,train
Japan_010989.xml,train
Japan_004525.xml,train
Japan_010767.xml,train
Japan_002712.xml,train
Japan_002695.xml,train
Japan_012493.xml,train
Japan_006819.xml,train
Japan_003593.xml,train
Japan_000883.xml,train
Japan_000464.xml,train
Japan_007755.xml,train
Japan_002481.xml,train
Japan_008865.xml,train
Japan_011377.xml,train
Japan_003013.xml,train
Japan_003639.xml,train
Japan_009490.xml,train
Japan_010050.xml,train
Japan_012294.xml,train
Japan_001675.xml,train
Japan_005186.xml,train
Japan_011816.xml,train
Japan_000068.xml,train
Japan_009512.xml,train
Japan_007041.xml,train
Japan_002981.xml,train
Japan_006616.xml,train
Japan_011872.xml,train
Japan_010363.xml,train
Japan_003690.xml,train
Japan_011020.xml,train
Japan_009073.xml,train
Japan_011296.xml,train
Japan_003036.xml,train
Japan_000276.xml,train
Japan_010605.xml,train
Japan_008710.xml,train
Japan_000263.xml,train
Japan_001397.xml,train
Japan_008241.xml,train
Japan_012095.xml,train
Japan_005364.xml,train
Japan_003879.xml,train
Japan_000557.xml,train
Japan_003215.xml,train
Japan_004721.xml,train
Japan_011492.xml,train
Japan_010159.xml,train
Japan_000559.xml,train
Japan_011239.xml,train
Japan_011610.xml,train
Japan_012344.xml,train
Japan_005367.xml,train
Japan_009765.xml,train
Japan_004957.xml,train
Japan_008648.xml,train
Japan_005346.xml,train
Japan_009799.xml,train
Japan_007367.xml,train
Japan_002004.xml,train
Japan_009297.xml,train
Japan_001112.xml,train
Japan_004032.xml,train
Japan_009682.xml,train
Japan_011463.xml,train
Japan_011751.xml,train
Japan_005240.xml,train
Japan_002844.xml,train
Japan_012769.xml,train
Japan_001145.xml,train
Japan_011462.xml,train
Japan_009111.xml,train
Japan_003522.xml,train
Japan_003464.xml,train
Japan_007370.xml,train
Japan_004849.xml,train
Japan_002142.xml,train
Japan_005941.xml,train
Japan_006481.xml,train
Japan_010333.xml,train
Japan_006400.xml,train
Japan_008343.xml,train
Japan_003974.xml,train
Japan_010990.xml,train
Japan_001029.xml,train
Japan_004201.xml,train
Japan_012743.xml,train
Japan_007809.xml,train
Japan_012961.xml,train
Japan_004481.xml,train
Japan_007464.xml,train
Japan_009857.xml,train
Japan_003299.xml,train
Japan_003141.xml,train
Japan_004667.xml,train
Japan_007905.xml,train
Japan_007132.xml,train
Japan_011483.xml,train
Japan_002239.xml,train
Japan_008927.xml,train
Japan_011871.xml,train
Japan_010009.xml,train
Japan_007540.xml,train
Japan_012440.xml,train
Japan_011934.xml,train
Japan_007385.xml,train
Japan_001728.xml,train
Japan_001079.xml,train
Japan_004992.xml,train
Japan_008532.xml,train
Japan_008675.xml,train
Japan_007330.xml,train
Japan_012712.xml,train
Japan_004880.xml,train
Japan_000990.xml,train
Japan_008669.xml,train
Japan_009945.xml,train
Japan_010232.xml,train
Japan_009969.xml,train
Japan_001237.xml,train
Japan_004412.xml,train
Japan_000908.xml,train
Japan_005558.xml,train
Japan_009431.xml,train
Japan_010799.xml,train
Japan_010118.xml,train
Japan_011679.xml,train
Japan_006269.xml,train
Japan_000121.xml,train
Japan_000856.xml,train
Japan_004729.xml,train
Japan_011287.xml,train
Japan_002732.xml,train
Japan_011676.xml,train
Japan_002146.xml,train
Japan_006531.xml,train
Japan_010627.xml,train
Japan_004799.xml,train
Japan_002637.xml,train
Japan_005043.xml,train
Japan_010429.xml,train
Japan_011072.xml,train
Japan_001367.xml,train
Japan_000093.xml,train
Japan_005070.xml,train
Japan_012355.xml,train
Japan_009640.xml,train
Japan_007802.xml,train
Japan_006292.xml,train
Japan_005548.xml,train
Japan_000244.xml,train
Japan_002627.xml,train
Japan_004055.xml,train
Japan_007175.xml,train
Japan_010462.xml,train
Japan_011204.xml,train
Japan_005747.xml,train
Japan_010018.xml,train
Japan_012174.xml,train
Japan_002943.xml,train
Japan_004664.xml,train
Japan_007600.xml,train
Japan_003129.xml,train
Japan_011232.xml,train
Japan_004779.xml,train
Japan_001338.xml,train
Japan_001733.xml,train
Japan_008316.xml,train
Japan_005795.xml,train
Japan_005416.xml,train
Japan_006848.xml,train
Japan_007547.xml,train
Japan_002234.xml,train
Japan_001528.xml,train
Japan_009678.xml,train
Japan_008526.xml,train
Japan_004743.xml,train
Japan_005489.xml,train
Japan_002171.xml,train
Japan_008289.xml,train
Japan_002862.xml,train
Japan_011364.xml,train
Japan_011372.xml,train
Japan_003439.xml,train
Japan_004589.xml,train
Japan_008746.xml,train
Japan_011899.xml,train
Japan_005141.xml,train
Japan_000654.xml,train
Japan_005573.xml,train
Japan_011127.xml,train
Japan_012446.xml,train
Japan_005879.xml,train
Japan_005509.xml,train
Japan_011992.xml,train
Japan_009916.xml,train
Japan_007513.xml,train
Japan_005477.xml,train
Japan_005273.xml,train
Japan_012673.xml,train
Japan_012819.xml,train
Japan_009818.xml,train
Japan_001113.xml,train
Japan_007931.xml,train
Japan_004986.xml,train
Japan_003462.xml,train
Japan_010055.xml,train
Japan_007837.xml,train
Japan_009774.xml,train
Japan_012131.xml,train
Japan_007245.xml,train
Japan_008424.xml,train
Japan_011497.xml,train
Japan_007307.xml,train
Japan_001991.xml,train
Japan_006838.xml,train
Japan_009267.xml,train
Japan_010455.xml,train
Japan_012116.xml,train
Japan_009859.xml,train
Japan_012049.xml,train
Japan_000952.xml,train
Japan_010290.xml,train
Japan_003162.xml,train
Japan_008344.xml,train
Japan_001683.xml,train
Japan_009043.xml,train
Japan_009706.xml,train
Japan_011203.xml,train
Japan_012918.xml,train
Japan_004643.xml,train
Japan_010038.xml,train
Japan_002324.xml,train
Japan_006479.xml,train
Japan_004016.xml,train
Japan_012917.xml,train
Japan_003996.xml,train
Japan_009570.xml,train
Japan_008521.xml,train
Japan_008731.xml,train
Japan_001575.xml,train
Japan_006882.xml,train
Japan_007736.xml,train
Japan_011849.xml,train
Japan_001101.xml,train
Japan_011573.xml,train
Japan_003853.xml,train
Japan_008063.xml,train
Japan_004658.xml,train
Japan_006827.xml,train
Japan_011768.xml,train
Japan_007396.xml,train
Japan_009273.xml,train
Japan_007921.xml,train
Japan_008049.xml,train
Japan_009327.xml,train
Japan_008497.xml,train
Japan_006084.xml,train
Japan_006042.xml,train
Japan_009684.xml,train
Japan_005599.xml,train
Japan_007971.xml,train
Japan_008569.xml,train
Japan_002229.xml,train
Japan_001825.xml,train
Japan_002939.xml,train
Japan_012865.xml,train
Japan_009173.xml,train
Japan_009955.xml,train
Japan_003945.xml,train
Japan_006617.xml,train
Japan_005584.xml,train
Japan_011630.xml,train
Japan_002641.xml,train
Japan_001394.xml,train
Japan_009345.xml,train
Japan_009761.xml,train
Japan_004922.xml,train
Japan_006905.xml,train
Japan_005625.xml,train
Japan_000384.xml,train
Japan_012175.xml,train
Japan_011144.xml,train
Japan_000788.xml,train
Japan_006810.xml,train
Japan_008247.xml,train
Japan_010300.xml,train
Japan_006515.xml,train
Japan_007484.xml,train
Japan_007257.xml,train
Japan_008978.xml,train
Japan_012966.xml,train
Japan_009238.xml,train
Japan_004362.xml,train
Japan_000570.xml,train
Japan_008039.xml,train
Japan_001847.xml,train
Japan_010403.xml,train
Japan_010763.xml,train
Japan_008587.xml,train
Japan_006295.xml,train
Japan_008875.xml,train
Japan_011989.xml,train
Japan_003070.xml,train
Japan_008880.xml,train
Japan_008915.xml,train
Japan_001281.xml,train
Japan_000704.xml,train
Japan_008753.xml,train
Japan_012266.xml,train
Japan_003693.xml,train
Japan_004626.xml,train
Japan_012584.xml,train
Japan_004273.xml,train
Japan_011339.xml,train
Japan_010512.xml,train
Japan_011206.xml,train
Japan_001098.xml,train
Japan_006954.xml,train
Japan_004140.xml,train
Japan_003085.xml,train
Japan_012262.xml,train
Japan_008837.xml,train
Japan_005244.xml,train
Japan_002737.xml,train
Japan_001877.xml,train
Japan_010323.xml,train
Japan_000532.xml,train
Japan_000101.xml,train
Japan_003752.xml,train
Japan_006186.xml,train
Japan_005650.xml,train
Japan_002900.xml,train
Japan_004614.xml,train
Japan_000610.xml,train
Japan_004342.xml,train
Japan_012002.xml,train
Japan_011297.xml,train
Japan_000105.xml,train
Japan_010785.xml,train
Japan_005355.xml,train
Japan_010327.xml,train
Japan_010656.xml,train
Japan_004689.xml,train
Japan_008137.xml,train
Japan_010930.xml,train
Japan_009852.xml,train
Japan_011595.xml,train
Japan_003584.xml,train
Japan_008382.xml,train
Japan_011566.xml,train
Japan_003059.xml,train
Japan_005730.xml,train
Japan_006961.xml,train
Japan_003814.xml,train
Japan_001644.xml,train
Japan_001026.xml,train
Japan_002816.xml,train
Japan_000070.xml,train
Japan_009376.xml,train
Japan_003156.xml,train
Japan_009989.xml,train
Japan_000823.xml,train
Japan_009874.xml,train
Japan_005542.xml,train
Japan_007303.xml,train
Japan_007056.xml,train
Japan_001659.xml,train
Japan_009296.xml,train
Japan_011746.xml,train
Japan_000271.xml,train
Japan_000805.xml,train
Japan_004070.xml,train
Japan_012483.xml,train
Japan_000735.xml,train
Japan_003465.xml,train
Japan_006255.xml,train
Japan_012371.xml,train
Japan_005676.xml,train
Japan_005653.xml,train
Japan_011415.xml,train
Japan_006317.xml,train
Japan_010815.xml,train
Japan_012392.xml,train
Japan_005297.xml,train
Japan_004521.xml,train
Japan_011024.xml,train
Japan_012624.xml,train
Japan_002700.xml,train
Japan_000028.xml,train
Japan_000672.xml,train
Japan_004605.xml,train
Japan_003093.xml,train
Japan_004612.xml,train
Japan_000644.xml,train
Japan_003052.xml,train
Japan_000948.xml,train
Japan_005414.xml,train
Japan_008073.xml,train
Japan_003004.xml,train
Japan_005562.xml,train
Japan_002416.xml,train
Japan_011396.xml,train
Japan_008983.xml,train
Japan_000997.xml,train
Japan_010411.xml,train
Japan_011179.xml,train
Japan_006440.xml,train
Japan_001703.xml,train
Japan_002709.xml,train
Japan_001470.xml,train
Japan_000356.xml,train
Japan_003939.xml,train
Japan_011882.xml,train
Japan_007081.xml,train
Japan_003026.xml,train
Japan_005974.xml,train
Japan_009442.xml,train
Japan_000939.xml,train
Japan_008322.xml,train
Japan_010780.xml,train
Japan_012964.xml,train
Japan_006614.xml,train
Japan_006253.xml,train
Japan_004916.xml,train
Japan_008346.xml,train
Japan_011605.xml,train
Japan_007152.xml,train
Japan_005144.xml,train
Japan_008441.xml,train
Japan_005354.xml,train
Japan_012008.xml,train
Japan_005468.xml,train
Japan_001696.xml,train
Japan_007539.xml,train
Japan_004640.xml,train
Japan_003800.xml,train
Japan_008369.xml,train
Japan_010586.xml,train
Japan_003112.xml,train
Japan_006894.xml,train
Japan_010547.xml,train
Japan_000793.xml,train
Japan_003796.xml,train
Japan_005737.xml,train
Japan_012240.xml,train
Japan_009445.xml,train
Japan_007944.xml,train
Japan_003704.xml,train
Japan_005977.xml,train
Japan_002567.xml,train
Japan_000309.xml,train
Japan_009795.xml,train
Japan_006185.xml,train
Japan_006790.xml,train
Japan_000256.xml,train
Japan_000797.xml,train
Japan_006835.xml,train
Japan_005326.xml,train
Japan_007960.xml,train
Japan_001355.xml,train
Japan_008796.xml,train
Japan_007199.xml,train
Japan_002077.xml,train
Japan_006991.xml,train
Japan_006360.xml,train
Japan_010132.xml,train
Japan_001048.xml,train
Japan_002579.xml,train
Japan_003641.xml,train
Japan_000488.xml,train
Japan_003394.xml,train
Japan_001573.xml,train
Japan_008534.xml,train
Japan_010142.xml,train
Japan_010786.xml,train
Japan_001706.xml,train
Japan_010777.xml,train
Japan_012674.xml,train
Japan_000467.xml,train
Japan_012422.xml,train
Japan_000862.xml,train
Japan_005648.xml,train
Japan_008243.xml,train
Japan_012375.xml,train
Japan_012800.xml,train
Japan_009635.xml,train
Japan_010905.xml,train
Japan_012762.xml,train
Japan_005545.xml,train
Japan_003369.xml,train
Japan_004391.xml,train
Japan_006636.xml,train
Japan_009644.xml,train
Japan_009516.xml,train
Japan_008066.xml,train
Japan_009074.xml,train
Japan_008735.xml,train
Japan_009908.xml,train
Japan_007714.xml,train
Japan_003605.xml,train
Japan_003656.xml,train
Japan_000425.xml,train
Japan_000852.xml,train
Japan_000096.xml,train
Japan_002692.xml,train
Japan_012328.xml,train
Japan_004675.xml,train
Japan_010665.xml,train
Japan_005586.xml,train
Japan_005919.xml,train
Japan_009787.xml,train
Japan_004075.xml,train
Japan_002354.xml,train
Japan_010723.xml,train
Japan_008828.xml,train
Japan_012522.xml,train
Japan_003503.xml,train
Japan_001121.xml,train
Japan_009483.xml,train
Japan_012188.xml,train
Japan_008149.xml,train
Japan_002539.xml,train
Japan_007096.xml,train
Japan_011145.xml,train
Japan_003978.xml,train
Japan_009661.xml,train
Japan_013003.xml,train
Japan_010891.xml,train
Japan_007388.xml,train
Japan_012052.xml,train
Japan_000190.xml,train
Japan_006628.xml,train
Japan_006135.xml,train
Japan_009068.xml,train
Japan_002256.xml,train
Japan_000739.xml,train
Japan_005386.xml,train
Japan_010937.xml,train
Japan_004436.xml,train
Japan_000401.xml,train
Japan_013033.xml,train
Japan_000979.xml,train
Japan_001009.xml,train
Japan_009331.xml,train
Japan_009266.xml,train
Japan_006282.xml,train
Japan_012774.xml,train
Japan_009421.xml,train
Japan_011352.xml,train
Japan_002602.xml,train
Japan_001078.xml,train
Japan_005572.xml,train
Japan_004918.xml,train
Japan_009030.xml,train
Japan_005465.xml,train
Japan_009163.xml,train
Japan_000930.xml,train
Japan_000164.xml,train
Japan_008594.xml,train
Japan_010575.xml,train
Japan_009962.xml,train
Japan_010268.xml,train
Japan_004919.xml,train
Japan_008872.xml,train
Japan_000198.xml,train
Japan_010428.xml,train
Japan_001598.xml,train
Japan_005347.xml,train
Japan_012212.xml,train
Japan_006384.xml,train
Japan_008836.xml,train
Japan_010209.xml,train
Japan_005169.xml,train
Japan_005121.xml,train
Japan_008947.xml,train
Japan_001357.xml,train
Japan_005963.xml,train
Japan_011368.xml,train
Japan_002752.xml,train
Japan_001269.xml,train
Japan_008112.xml,train
Japan_010437.xml,train
Japan_008679.xml,train
Japan_002020.xml,train
Japan_013065.xml,train
Japan_009309.xml,train
Japan_011424.xml,train
Japan_002534.xml,train
Japan_001652.xml,train
Japan_003834.xml,train
Japan_008270.xml,train
Japan_010073.xml,train
Japan_011984.xml,train
Japan_006012.xml,train
Japan_003745.xml,train
Japan_000377.xml,train
Japan_004448.xml,train
Japan_010382.xml,train
Japan_004490.xml,train
Japan_012785.xml,train
Japan_012367.xml,train
Japan_000438.xml,train
Japan_000241.xml,train
Japan_004420.xml,train
Japan_004545.xml,train
Japan_010756.xml,train
Japan_001832.xml,train
Japan_006040.xml,train
Japan_012744.xml,train
Japan_002665.xml,train
Japan_003670.xml,train
Japan_000041.xml,train
Japan_008216.xml,train
Japan_011021.xml,train
Japan_007841.xml,train
Japan_008206.xml,train
Japan_008353.xml,train
Japan_001315.xml,train
Japan_002381.xml,train
Japan_005079.xml,train
Japan_007683.xml,train
Japan_000466.xml,train
Japan_005250.xml,train
Japan_006883.xml,train
Japan_006748.xml,train
Japan_005609.xml,train
Japan_003952.xml,train
Japan_009730.xml,train
Japan_011298.xml,train
Japan_004099.xml,train
Japan_010928.xml,train
Japan_010095.xml,train
Japan_006046.xml,train
Japan_005210.xml,train
Japan_011707.xml,train
Japan_010821.xml,train
Japan_007504.xml,train
Japan_010160.xml,train
Japan_004965.xml,train
Japan_012949.xml,train
Japan_004136.xml,train
Japan_006397.xml,train
Japan_002302.xml,train
Japan_006236.xml,train
Japan_006100.xml,train
Japan_008667.xml,train
Japan_003934.xml,train
Japan_008636.xml,train
Japan_009789.xml,train
Japan_006231.xml,train
Japan_006167.xml,train
Japan_000374.xml,train
Japan_003352.xml,train
Japan_004845.xml,train
Japan_001994.xml,train
Japan_000211.xml,train
Japan_010874.xml,train
Japan_013080.xml,train
Japan_010710.xml,train
Japan_003157.xml,train
Japan_008481.xml,train
Japan_000712.xml,train
Japan_008687.xml,train
Japan_012594.xml,train
Japan_005880.xml,train
Japan_004025.xml,train
Japan_013032.xml,train
Japan_009316.xml,train
Japan_002953.xml,train
Japan_005749.xml,train
Japan_004466.xml,train
Japan_011248.xml,train
Japan_001196.xml,train
Japan_005908.xml,train
Japan_004476.xml,train
Japan_004460.xml,train
Japan_007717.xml,train
Japan_008458.xml,train
Japan_011499.xml,train
Japan_004870.xml,train
Japan_006263.xml,train
Japan_007498.xml,train
Japan_001103.xml,train
Japan_003488.xml,train
Japan_012701.xml,train
Japan_012472.xml,train
Japan_005441.xml,train
Japan_005216.xml,train
Japan_007912.xml,train
Japan_012626.xml,train
Japan_010691.xml,train
Japan_004586.xml,train
Japan_000059.xml,train
Japan_000586.xml,train
Japan_003240.xml,train
Japan_005038.xml,train
Japan_006051.xml,train
Japan_006214.xml,train
Japan_011324.xml,train
Japan_002326.xml,train
Japan_004123.xml,train
Japan_011187.xml,train
Japan_003915.xml,train
Japan_003252.xml,train
Japan_008023.xml,train
Japan_004960.xml,train
Japan_004314.xml,train
Japan_008785.xml,train
Japan_000999.xml,train
Japan_011814.xml,train
Japan_007544.xml,train
Japan_008682.xml,train
Japan_011857.xml,train
Japan_010714.xml,train
Japan_010837.xml,train
Japan_004817.xml,train
Japan_005806.xml,train
Japan_004964.xml,train
Japan_012214.xml,train
Japan_012189.xml,train
Japan_010696.xml,train
Japan_005148.xml,train
Japan_004905.xml,train
Japan_009662.xml,train
Japan_005270.xml,train
Japan_007579.xml,train
Japan_002671.xml,train
Japan_009325.xml,train
Japan_003152.xml,train
Japan_011968.xml,train
Japan_009690.xml,train
Japan_000864.xml,train
Japan_001867.xml,train
Japan_007598.xml,train
Japan_006438.xml,train
Japan_010796.xml,train
Japan_012956.xml,train
Japan_000706.xml,train
Japan_004884.xml,train
Japan_003673.xml,train
Japan_013106.xml,train
Japan_005031.xml,train
Japan_008052.xml,train
Japan_008808.xml,train
Japan_002925.xml,train
Japan_011584.xml,train
Japan_007102.xml,train
Japan_005568.xml,train
Japan_011458.xml,train
Japan_005067.xml,train
Japan_003652.xml,train
Japan_010176.xml,train
Japan_000596.xml,train
Japan_010956.xml,train
Japan_002741.xml,train
Japan_003466.xml,train
Japan_007349.xml,train
Japan_011014.xml,train
Japan_009749.xml,train
Japan_003027.xml,train
Japan_010180.xml,train
Japan_006983.xml,train
Japan_011538.xml,train
Japan_008071.xml,train
Japan_000398.xml,train
Japan_013006.xml,train
Japan_009731.xml,train
Japan_001682.xml,train
Japan_012220.xml,train
Japan_012868.xml,train
Japan_000978.xml,train
Japan_012191.xml,train
Japan_000123.xml,train
Japan_009373.xml,train
Japan_009569.xml,train
Japan_009065.xml,train
Japan_003570.xml,train
Japan_012942.xml,train
Japan_006032.xml,train
Japan_008334.xml,train
Japan_011829.xml,train
Japan_005122.xml,train
Japan_010273.xml,train
Japan_010670.xml,train
Japan_009091.xml,train
Japan_003046.xml,train
Japan_008965.xml,train
Japan_001508.xml,train
Japan_002025.xml,train
Japan_009258.xml,train
Japan_010995.xml,train
Japan_000397.xml,train
Japan_002591.xml,train
Japan_004993.xml,train
Japan_012416.xml,train
Japan_002024.xml,train
Japan_010534.xml,train
Japan_001236.xml,train
Japan_010595.xml,train
Japan_001673.xml,train
Japan_001169.xml,train
Japan_003837.xml,train
Japan_012130.xml,train
Japan_007429.xml,train
Japan_000366.xml,train
Japan_012224.xml,train
Japan_008617.xml,train
Japan_006564.xml,train
Japan_006446.xml,train
Japan_012054.xml,train
Japan_002487.xml,train
Japan_003987.xml,train
Japan_007521.xml,train
Japan_011515.xml,train
Japan_003885.xml,train
Japan_001612.xml,train
Japan_005672.xml,train
Japan_006283.xml,train
Japan_006669.xml,train
Japan_012889.xml,train
Japan_000204.xml,train
Japan_008926.xml,train
Japan_003938.xml,train
Japan_012926.xml,train
Japan_009312.xml,train
Japan_009849.xml,train
Japan_008204.xml,train
Japan_011311.xml,train
Japan_004692.xml,train
Japan_012560.xml,train
Japan_004279.xml,train
Japan_006584.xml,train
Japan_008953.xml,train
Japan_010452.xml,train
Japan_001603.xml,train
Japan_009575.xml,train
Japan_008174.xml,train
Japan_000269.xml,train
Japan_005593.xml,train
Japan_000325.xml,train
Japan_010099.xml,train
Japan_005801.xml,train
Japan_002443.xml,train
Japan_002422.xml,train
Japan_010464.xml,train
Japan_007334.xml,train
Japan_011052.xml,train
Japan_000517.xml,train
Japan_011216.xml,train
Japan_002023.xml,train
Japan_009549.xml,train
Japan_001970.xml,train
Japan_008099.xml,train
Japan_001187.xml,train
Japan_009441.xml,train
Japan_007729.xml,train
Japan_010795.xml,train
Japan_011831.xml,train
Japan_005026.xml,train
Japan_012747.xml,train
Japan_002496.xml,train
Japan_009807.xml,train
Japan_002079.xml,train
Japan_001488.xml,train
Japan_000707.xml,train
Japan_004377.xml,train
Japan_001834.xml,train
Japan_004730.xml,train
Japan_005592.xml,train
Japan_002655.xml,train
Japan_000034.xml,train
Japan_009547.xml,train
Japan_008951.xml,train
Japan_002489.xml,train
Japan_005231.xml,train
Japan_002316.xml,train
Japan_011354.xml,train
Japan_002937.xml,train
Japan_007014.xml,train
Japan_000376.xml,train
Japan_000097.xml,train
Japan_012123.xml,train
Japan_002417.xml,train
Japan_012027.xml,train
Japan_005248.xml,train
Japan_000381.xml,train
Japan_001715.xml,train
Japan_003863.xml,train
Japan_003117.xml,train
Japan_008677.xml,train
Japan_004228.xml,train
Japan_009436.xml,train
Japan_001521.xml,train
Japan_005247.xml,train
Japan_010867.xml,train
Japan_007335.xml,train
Japan_004242.xml,train
Japan_004882.xml,train
Japan_010243.xml,train
Japan_008403.xml,train
Japan_007230.xml,train
Japan_009008.xml,train
Japan_000959.xml,train
Japan_000233.xml,train
Japan_002682.xml,train
Japan_012951.xml,train
Japan_006425.xml,train
Japan_011978.xml,train
Japan_006398.xml,train
Japan_009950.xml,train
Japan_002763.xml,train
Japan_004096.xml,train
Japan_001116.xml,train
Japan_004132.xml,train
Japan_011060.xml,train
Japan_006697.xml,train
Japan_000888.xml,train
Japan_011017.xml,train
Japan_003454.xml,train
Japan_002911.xml,train
Japan_008451.xml,train
Japan_001515.xml,train
Japan_012547.xml,train
Japan_003793.xml,train
Japan_007861.xml,train
Japan_003797.xml,train
Japan_002291.xml,train
Japan_007528.xml,train
Japan_004655.xml,train
Japan_009700.xml,train
Japan_011602.xml,train
Japan_008161.xml,train
Japan_003651.xml,train
Japan_006780.xml,train
Japan_008948.xml,train
Japan_010619.xml,train
Japan_012180.xml,train
Japan_011035.xml,train
Japan_003844.xml,train
Japan_009419.xml,train
Japan_007667.xml,train
Japan_006406.xml,train
Japan_001405.xml,train
Japan_002841.xml,train
Japan_009778.xml,train
Japan_005999.xml,train
Japan_008495.xml,train
Japan_013115.xml,train
Japan_007148.xml,train
Japan_001534.xml,train
Japan_003576.xml,train
Japan_010447.xml,train
Japan_000453.xml,train
Japan_006924.xml,train
Japan_003731.xml,train
Japan_000179.xml,train
Japan_008175.xml,train
Japan_005564.xml,train
Japan_006090.xml,train
Japan_006847.xml,train
Japan_003587.xml,train
Japan_013090.xml,train
Japan_010839.xml,train
Japan_012504.xml,train
Japan_009919.xml,train
Japan_006845.xml,train
Japan_003789.xml,train
Japan_005606.xml,train
Japan_006624.xml,train
Japan_004930.xml,train
Japan_009970.xml,train
Japan_007672.xml,train
Japan_003597.xml,train
Japan_007272.xml,train
Japan_008242.xml,train
Japan_002176.xml,train
Japan_003859.xml,train
Japan_004524.xml,train
Japan_012947.xml,train
Japan_011425.xml,train
Japan_012666.xml,train
Japan_000507.xml,train
Japan_007660.xml,train
Japan_002894.xml,train
Japan_005815.xml,train
Japan_003326.xml,train
Japan_005756.xml,train
Japan_002210.xml,train
Japan_012989.xml,train
Japan_011033.xml,train
Japan_003892.xml,train
Japan_010127.xml,train
Japan_008631.xml,train
Japan_006867.xml,train
Japan_003825.xml,train
Japan_005772.xml,train
Japan_007301.xml,train
Japan_012570.xml,train
Japan_011420.xml,train
Japan_001792.xml,train
Japan_010381.xml,train
Japan_009178.xml,train
Japan_007532.xml,train
Japan_010834.xml,train
Japan_004509.xml,train
Japan_006911.xml,train
Japan_012937.xml,train
Japan_007063.xml,train
Japan_003902.xml,train
Japan_001072.xml,train
Japan_007903.xml,train
Japan_006133.xml,train
Japan_002374.xml,train
Japan_003937.xml,train
Japan_012286.xml,train
Japan_008973.xml,train
Japan_005773.xml,train
Japan_010634.xml,train
Japan_005208.xml,train
Japan_002155.xml,train
Japan_007549.xml,train
Japan_004683.xml,train
Japan_009993.xml,train
Japan_010255.xml,train
Japan_012041.xml,train
Japan_002823.xml,train
Japan_008674.xml,train
Japan_003672.xml,train
Japan_004276.xml,train
Japan_006459.xml,train
Japan_010624.xml,train
Japan_011714.xml,train
Japan_003238.xml,train
Japan_009100.xml,train
Japan_000802.xml,train
Japan_001984.xml,train
Japan_006729.xml,train
Japan_006935.xml,train
Japan_010347.xml,train
Japan_010546.xml,train
Japan_010787.xml,train
Japan_005821.xml,train
Japan_004030.xml,train
Japan_004100.xml,train
Japan_006534.xml,train
Japan_009217.xml,train
Japan_003849.xml,train
Japan_003255.xml,train
Japan_003172.xml,train
Japan_001505.xml,train
Japan_004573.xml,train
Japan_006760.xml,train
Japan_010996.xml,train
Japan_007284.xml,train
Japan_001630.xml,train
Japan_003998.xml,train
Japan_011900.xml,train
Japan_004953.xml,train
Japan_006732.xml,train
Japan_012886.xml,train
Japan_002753.xml,train
Japan_001770.xml,train
Japan_004682.xml,train
Japan_011902.xml,train
Japan_003025.xml,train
Japan_003815.xml,train
Japan_008997.xml,train
Japan_007628.xml,train
Japan_008881.xml,train
Japan_002605.xml,train
Japan_008571.xml,train
Japan_006912.xml,train
Japan_000011.xml,train
Japan_009153.xml,train
Japan_007691.xml,train
Japan_004103.xml,train
Japan_005035.xml,train
Japan_001434.xml,train
Japan_005062.xml,train
Japan_010216.xml,train
Japan_010373.xml,train
Japan_004994.xml,train
Japan_011803.xml,train
Japan_011280.xml,train
Japan_007439.xml,train
Japan_004497.xml,train
Japan_010931.xml,train
Japan_011460.xml,train
Japan_002977.xml,train
Japan_006265.xml,train
Japan_001339.xml,train
Japan_009342.xml,train
Japan_005452.xml,train
Japan_008098.xml,train
Japan_000015.xml,train
Japan_006132.xml,train
Japan_009367.xml,train
Japan_002267.xml,train
Japan_005600.xml,train
Japan_012929.xml,train
Japan_001849.xml,train
Japan_005443.xml,train
Japan_001223.xml,train
Japan_012945.xml,train
Japan_006779.xml,train
Japan_001202.xml,train
Japan_010374.xml,train
Japan_008765.xml,train
Japan_001976.xml,train
Japan_009167.xml,train
Japan_005143.xml,train
Japan_002211.xml,train
Japan_002274.xml,train
Japan_001498.xml,train
Japan_010961.xml,train
Japan_013015.xml,train
Japan_002634.xml,train
Japan_001591.xml,train
Japan_010577.xml,train
Japan_002238.xml,train
Japan_006721.xml,train
Japan_012056.xml,train
Japan_012808.xml,train
Japan_008633.xml,train
Japan_006727.xml,train
Japan_001369.xml,train
Japan_005471.xml,train
Japan_001149.xml,train
Japan_007646.xml,train
Japan_008277.xml,train
Japan_012500.xml,train
Japan_005683.xml,train
Japan_004811.xml,train
Japan_008108.xml,train
Japan_005760.xml,train
Japan_003160.xml,train
Japan_001200.xml,train
Japan_010376.xml,train
Japan_012454.xml,train
Japan_003907.xml,train
Japan_005068.xml,train
Japan_006888.xml,train
Japan_000341.xml,train
Japan_002888.xml,train
Japan_011238.xml,train
Japan_004577.xml,train
Japan_005771.xml,train
Japan_010479.xml,train
Japan_011253.xml,train
Japan_011153.xml,train
Japan_012465.xml,train
Japan_007308.xml,train
Japan_010942.xml,train
Japan_003542.xml,train
Japan_010625.xml,train
Japan_008619.xml,train
Japan_001337.xml,train
Japan_010496.xml,train
Japan_009892.xml,train
Japan_000129.xml,train
Japan_008573.xml,train
Japan_000494.xml,train
Japan_005467.xml,train
Japan_006563.xml,train
Japan_006189.xml,train
Japan_008222.xml,train
Japan_010504.xml,train
Japan_004920.xml,train
Japan_012973.xml,train
Japan_008658.xml,train
Japan_005640.xml,train
Japan_008480.xml,train
Japan_011891.xml,train
Japan_011634.xml,train
Japan_009891.xml,train
Japan_012334.xml,train
Japan_000355.xml,train
Japan_003995.xml,train
Japan_004753.xml,train
Japan_004185.xml,train
Japan_006808.xml,train
Japan_000630.xml,train
Japan_011199.xml,train
Japan_004921.xml,train
Japan_006096.xml,train
Japan_005266.xml,train
Japan_002548.xml,train
Japan_007767.xml,train
Japan_010480.xml,train
Japan_011544.xml,train
Japan_004750.xml,train
Japan_006222.xml,train
Japan_004726.xml,train
Japan_006544.xml,train
Japan_005018.xml,train
Japan_003669.xml,train
Japan_007779.xml,train
Japan_001172.xml,train
Japan_008248.xml,train
Japan_005569.xml,train
Japan_009070.xml,train
Japan_010920.xml,train
Japan_002982.xml,train
Japan_004318.xml,train
Japan_000725.xml,train
Japan_008529.xml,train
Japan_000773.xml,train
Japan_009714.xml,train
Japan_002623.xml,train
Japan_006411.xml,train
Japan_004698.xml,train
Japan_008504.xml,train
Japan_008134.xml,train
Japan_012521.xml,train
Japan_006342.xml,train
Japan_009796.xml,train
Japan_012411.xml,train
Japan_005868.xml,train
Japan_011392.xml,train
Japan_004121.xml,train
Japan_010229.xml,train
Japan_002931.xml,train
Japan_004948.xml,train
Japan_004999.xml,train
Japan_001150.xml,train
Japan_001120.xml,train
Japan_007274.xml,train
Japan_008008.xml,train
Japan_013028.xml,train
Japan_007066.xml,train
Japan_005696.xml,train
Japan_006434.xml,train
Japan_007612.xml,train
Japan_005072.xml,train
Japan_007040.xml,train
Japan_001406.xml,train
Japan_000881.xml,train
Japan_009508.xml,train
Japan_012361.xml,train
Japan_010128.xml,train
Japan_008907.xml,train
Japan_004372.xml,train
Japan_005720.xml,train
Japan_006349.xml,train
Japan_007552.xml,train
Japan_007888.xml,train
Japan_008853.xml,train
Japan_000577.xml,train
Japan_001045.xml,train
Japan_001828.xml,train
Japan_004826.xml,train
Japan_000835.xml,train
Japan_012852.xml,train
Japan_010241.xml,train
Japan_007559.xml,train
Japan_008402.xml,train
Japan_011834.xml,train
Japan_010035.xml,train
Japan_010068.xml,train
Japan_005445.xml,train
Japan_004483.xml,train
Japan_002380.xml,train
Japan_005952.xml,train
Japan_002996.xml,train
Japan_012083.xml,train
Japan_008275.xml,train
Japan_004617.xml,train
Japan_008876.xml,train
Japan_011802.xml,train
Japan_002708.xml,train
Japan_011084.xml,train
Japan_011219.xml,train
Japan_000719.xml,train
Japan_006127.xml,train
Japan_002038.xml,train
Japan_006549.xml,train
Japan_008372.xml,train
Japan_011075.xml,train
Japan_009154.xml,train
Japan_001931.xml,train
Japan_008038.xml,train
Japan_007269.xml,train
Japan_011958.xml,train
Japan_010031.xml,train
Japan_004456.xml,train
Japan_002756.xml,train
Japan_001665.xml,train
Japan_005783.xml,train
Japan_006846.xml,train
Japan_002825.xml,train
Japan_006942.xml,train
Japan_009660.xml,train
Japan_004996.xml,train
Japan_008610.xml,train
Japan_006381.xml,train
Japan_000574.xml,train
Japan_012061.xml,train
Japan_010764.xml,train
Japan_010418.xml,train
Japan_012163.xml,train
Japan_004203.xml,train
Japan_002545.xml,train
Japan_011697.xml,train
Japan_004928.xml,train
Japan_012991.xml,train
Japan_005570.xml,train
Japan_010067.xml,train
Japan_000295.xml,train
Japan_003306.xml,train
Japan_002240.xml,train
Japan_011975.xml,train
Japan_000920.xml,train
Japan_006177.xml,train
Japan_011445.xml,train
Japan_000225.xml,train
Japan_008982.xml,train
Japan_000767.xml,train
Japan_001137.xml,train
Japan_008882.xml,train
Japan_008352.xml,train
Japan_007832.xml,train
Japan_005975.xml,train
Japan_004197.xml,train
Japan_011173.xml,train
Japan_008934.xml,train
Japan_003001.xml,train
Japan_009246.xml,train
Japan_010130.xml,train
Japan_001420.xml,train
Japan_008892.xml,train
Japan_010314.xml,train
Japan_005635.xml,train
Japan_001574.xml,train
Japan_012147.xml,train
Japan_009976.xml,train
Japan_006150.xml,train
Japan_006179.xml,train
Japan_007891.xml,train
Japan_008741.xml,train
Japan_001908.xml,train
Japan_002699.xml,train
Japan_007256.xml,train
Japan_012662.xml,train
Japan_004038.xml,train
Japan_001119.xml,train
Japan_001455.xml,train
Japan_010185.xml,train
Japan_011695.xml,train
Japan_011034.xml,train
Japan_004863.xml,train
Japan_008027.xml,train
Japan_009823.xml,train
Japan_011971.xml,train
Japan_008159.xml,train
Japan_007318.xml,train
Japan_007377.xml,train
Japan_006866.xml,train
Japan_012911.xml,train
Japan_006396.xml,train
Japan_011039.xml,train
Japan_005394.xml,train
Japan_010001.xml,train
Japan_002759.xml,train
Japan_002921.xml,train
Japan_004979.xml,train
Japan_010129.xml,train
Japan_010419.xml,train
Japan_001628.xml,train
Japan_007354.xml,train
Japan_010862.xml,train
Japan_001855.xml,train
Japan_009817.xml,train
Japan_005762.xml,train
Japan_011122.xml,train
Japan_002425.xml,train
Japan_012992.xml,train
Japan_004428.xml,train
Japan_005129.xml,train
Japan_009396.xml,train
Japan_001783.xml,train
Japan_001743.xml,train
Japan_006714.xml,train
Japan_006260.xml,train
Japan_010660.xml,train
Japan_006499.xml,train
Japan_003555.xml,train
Japan_001002.xml,train
Japan_003754.xml,train
Japan_009738.xml,train
Japan_001620.xml,train
Japan_004945.xml,train
Japan_004216.xml,train
Japan_006469.xml,train
Japan_010399.xml,train
Japan_007140.xml,train
Japan_009232.xml,train
Japan_002247.xml,train
Japan_006305.xml,train
Japan_008736.xml,train
Japan_004131.xml,train
Japan_007851.xml,train
Japan_012578.xml,train
Japan_006348.xml,train
Japan_002656.xml,train
Japan_009591.xml,train
Japan_001117.xml,train
Japan_000887.xml,train
Japan_008688.xml,train
Japan_008394.xml,train
Japan_007698.xml,train
Japan_006592.xml,train
Japan_003917.xml,train
Japan_001593.xml,train
Japan_007119.xml,train
Japan_012300.xml,train
Japan_002838.xml,train
Japan_004889.xml,train
Japan_004854.xml,train
Japan_007867.xml,train
Japan_010085.xml,train
Japan_010248.xml,train
Japan_006118.xml,train
Japan_001707.xml,train
Japan_012853.xml,train
Japan_006844.xml,train
Japan_002781.xml,train
Japan_000581.xml,train
Japan_005816.xml,train
Japan_012875.xml,train
Japan_006945.xml,train
Japan_008113.xml,train
Japan_009059.xml,train
Japan_003705.xml,train
Japan_009503.xml,train
Japan_007105.xml,train
Japan_005466.xml,train
Japan_005305.xml,train
Japan_003382.xml,train
Japan_008279.xml,train
Japan_002832.xml,train
Japan_006574.xml,train
Japan_002660.xml,train
Japan_005195.xml,train
Japan_003295.xml,train
Japan_000659.xml,train
Japan_000442.xml,train
Japan_011501.xml,train
Japan_007978.xml,train
Japan_011141.xml,train
Japan_008852.xml,train
Japan_000209.xml,train
Japan_001421.xml,train
Japan_001755.xml,train
Japan_000091.xml,train
Japan_002223.xml,train
Japan_000429.xml,train
Japan_000763.xml,train
Japan_008725.xml,train
Japan_009259.xml,train
Japan_006606.xml,train
Japan_001383.xml,train
Japan_009695.xml,train
Japan_012998.xml,train
Japan_004387.xml,train
Japan_002726.xml,train
Japan_000866.xml,train
Japan_005423.xml,train
Japan_011435.xml,train
Japan_012010.xml,train
Japan_000625.xml,train
Japan_010341.xml,train
Japan_006715.xml,train
Japan_006001.xml,train
Japan_003529.xml,train
Japan_010945.xml,train
Japan_009279.xml,train
Japan_004104.xml,train
Japan_005602.xml,train
Japan_009858.xml,train
Japan_012405.xml,train
Japan_006581.xml,train
Japan_000515.xml,train
Japan_000976.xml,train
Japan_010472.xml,train
Japan_003237.xml,train
Japan_012928.xml,train
Japan_012601.xml,train
Japan_009430.xml,train
Japan_009600.xml,train
Japan_005761.xml,train
Japan_010343.xml,train
Japan_012835.xml,train
Japan_007781.xml,train
Japan_002710.xml,train
Japan_011231.xml,train
Japan_005446.xml,train
Japan_009307.xml,train
Japan_005706.xml,train
Japan_004639.xml,train
Japan_001319.xml,train
Japan_010562.xml,train
Japan_001618.xml,train
Japan_009625.xml,train
Japan_001679.xml,train
Japan_000175.xml,train
Japan_011931.xml,train
Japan_007379.xml,train
Japan_007835.xml,train
Japan_007103.xml,train
Japan_011705.xml,train
Japan_003841.xml,train
Japan_007477.xml,train
Japan_002777.xml,train
Japan_003443.xml,train
Japan_000049.xml,train
Japan_012366.xml,train
Japan_003919.xml,train
Japan_001629.xml,train
Japan_008375.xml,train
Japan_009710.xml,train
Japan_004349.xml,train
Japan_001812.xml,train
Japan_012637.xml,train
Japan_004403.xml,train
Japan_012258.xml,train
Japan_008031.xml,train
Japan_012491.xml,train
Japan_011583.xml,train
Japan_008712.xml,train
Japan_003900.xml,train
Japan_010687.xml,train
Japan_001610.xml,train
Japan_000573.xml,train
Japan_008246.xml,train
Japan_000050.xml,train
Japan_005995.xml,train
Japan_012806.xml,train
Japan_002758.xml,train
Japan_002363.xml,train
Japan_012271.xml,train
Japan_001494.xml,train
Japan_010842.xml,train
Japan_003171.xml,train
Japan_001887.xml,train
Japan_001744.xml,train
Japan_008272.xml,train
Japan_003038.xml,train
Japan_003557.xml,train
Japan_004434.xml,train
Japan_006812.xml,train
Japan_010591.xml,train
Japan_005405.xml,train
Japan_000611.xml,train
Japan_005124.xml,train
Japan_001240.xml,train
Japan_002959.xml,train
Japan_001318.xml,train
Japan_006345.xml,train
Japan_007899.xml,train
Japan_012121.xml,train
Japan_003698.xml,train
Japan_000214.xml,train
Japan_006500.xml,train
Japan_012452.xml,train
Japan_010684.xml,train
Japan_001020.xml,train
Japan_013113.xml,train
Japan_005673.xml,train
Japan_006952.xml,train
Japan_012396.xml,train
Japan_000110.xml,train
Japan_001395.xml,train
Japan_005514.xml,train
Japan_007404.xml,train
Japan_008327.xml,train
Japan_006530.xml,train
Japan_005871.xml,train
Japan_002701.xml,train
Japan_011865.xml,train
Japan_004533.xml,train
Japan_008333.xml,train
Japan_008121.xml,train
Japan_009301.xml,train
Japan_011722.xml,train
Japan_012526.xml,train
Japan_011433.xml,train
Japan_006103.xml,train
Japan_005988.xml,train
Japan_003648.xml,train
Japan_004044.xml,train
Japan_004429.xml,train
Japan_003253.xml,train
Japan_005223.xml,train
Japan_013071.xml,train
Japan_002377.xml,train
Japan_006212.xml,train
Japan_006182.xml,train
Japan_004706.xml,train
Japan_007155.xml,train
Japan_008074.xml,train
Japan_008945.xml,train
Japan_009480.xml,train
Japan_003758.xml,train
Japan_002108.xml,train
Japan_007384.xml,train
Japan_009088.xml,train
Japan_000450.xml,train
Japan_000238.xml,train
Japan_012676.xml,train
Japan_001235.xml,train
Japan_012962.xml,train
Japan_007635.xml,train
Japan_007760.xml,train
Japan_001928.xml,train
Japan_000670.xml,train
Japan_011644.xml,train
Japan_010054.xml,train
Japan_008338.xml,train
Japan_010296.xml,train
Japan_009785.xml,train
Japan_009984.xml,train
Japan_003608.xml,train
Japan_004927.xml,train
Japan_006951.xml,train
Japan_004924.xml,train
Japan_001934.xml,train
Japan_008154.xml,train
Japan_000027.xml,train
Japan_004657.xml,train
Japan_007278.xml,train
Japan_009645.xml,train
Japan_008955.xml,train
Japan_011741.xml,train
Japan_012757.xml,train
Japan_000413.xml,train
Japan_012073.xml,train
Japan_006950.xml,train
Japan_004208.xml,train
Japan_006993.xml,train
Japan_008771.xml,train
Japan_002638.xml,train
Japan_011186.xml,train
Japan_012198.xml,train
Japan_001698.xml,train
Japan_004937.xml,train
Japan_002914.xml,train
Japan_011316.xml,train
Japan_012267.xml,train
Japan_001377.xml,train
Japan_003167.xml,train
Japan_008507.xml,train
Japan_004399.xml,train
Japan_000457.xml,train
Japan_000354.xml,train
Japan_001546.xml,train
Japan_007989.xml,train
Japan_010906.xml,train
Japan_001436.xml,train
Japan_010148.xml,train
Japan_005184.xml,train
Japan_011696.xml,train
Japan_002940.xml,train
Japan_001983.xml,train
Japan_001065.xml,train
Japan_005131.xml,train
Japan_008917.xml,train
Japan_012438.xml,train
Japan_005189.xml,train
Japan_005150.xml,train
Japan_003440.xml,train
Japan_012534.xml,train
Japan_009139.xml,train
Japan_001748.xml,train
Japan_005869.xml,train
Japan_008665.xml,train
Japan_004041.xml,train
Japan_006153.xml,train
Japan_006843.xml,train
Japan_000143.xml,train
Japan_007603.xml,train
Japan_012979.xml,train
Japan_008908.xml,train
Japan_003757.xml,train
Japan_006202.xml,train
Japan_004200.xml,train
Japan_000799.xml,train
Japan_005966.xml,train
Japan_004888.xml,train
Japan_006376.xml,train
Japan_003336.xml,train
Japan_005892.xml,train
Japan_003720.xml,train
Japan_000584.xml,train
Japan_008992.xml,train
Japan_001955.xml,train
Japan_003400.xml,train
Japan_000744.xml,train
Japan_000716.xml,train
Japan_004219.xml,train
Japan_001370.xml,train
Japan_009561.xml,train
Japan_003003.xml,train
Japan_001888.xml,train
Japan_012764.xml,train
Japan_008411.xml,train
Japan_006340.xml,train
Japan_008488.xml,train
Japan_011759.xml,train
Japan_001782.xml,train
Japan_010949.xml,train
Japan_005687.xml,train
Japan_008651.xml,train
Japan_004145.xml,train
Japan_004149.xml,train
Japan_006047.xml,train
Japan_005225.xml,train
Japan_007739.xml,train
Japan_003635.xml,train
Japan_000477.xml,train
Japan_003812.xml,train
Japan_011812.xml,train
Japan_004393.xml,train
Japan_009544.xml,train
Japan_008193.xml,train
Japan_011452.xml,train
Japan_012484.xml,train
Japan_004622.xml,train
Japan_007535.xml,train
Japan_004053.xml,train
Japan_006571.xml,train
Japan_006789.xml,train
Japan_001957.xml,train
Japan_003575.xml,train
Japan_003829.xml,train
Japan_002248.xml,train
Japan_007634.xml,train
Japan_007707.xml,train
Japan_003500.xml,train
Japan_001140.xml,train
Japan_008716.xml,train
Japan_011524.xml,train
Japan_007275.xml,train
Japan_006870.xml,train
Japan_007285.xml,train
Japan_012045.xml,train
Japan_012970.xml,train
Japan_001010.xml,train
Japan_001238.xml,train
Japan_005341.xml,train
Japan_007468.xml,train
Japan_005245.xml,train
Japan_000168.xml,train
Japan_003449.xml,train
Japan_011304.xml,train
Japan_007752.xml,train
Japan_011616.xml,train
Japan_004971.xml,train
Japan_005166.xml,train
Japan_002220.xml,train
Japan_008966.xml,train
Japan_008565.xml,train
Japan_000463.xml,train
Japan_010692.xml,train
Japan_004183.xml,train
Japan_008541.xml,train
Japan_011854.xml,train
Japan_003662.xml,train
Japan_007724.xml,train
Japan_013100.xml,train
Japan_007794.xml,train
Japan_003091.xml,train
Japan_006986.xml,train
Japan_006510.xml,train
Japan_012282.xml,train
Japan_002003.xml,train
Japan_007400.xml,train
Japan_006833.xml,train
Japan_008501.xml,train
Japan_009414.xml,train
Japan_011994.xml,train
Japan_003078.xml,train
Japan_011758.xml,train
Japan_007833.xml,train
Japan_005200.xml,train
Japan_007906.xml,train
Japan_008592.xml,train
Japan_010199.xml,train
Japan_002263.xml,train
Japan_009656.xml,train
Japan_003532.xml,train
Japan_002570.xml,train
Japan_005629.xml,train
Japan_012019.xml,train
Japan_000112.xml,train
Japan_004627.xml,train
Japan_001385.xml,train
Japan_005581.xml,train
Japan_001027.xml,train
Japan_012623.xml,train
Japan_000880.xml,train
Japan_012900.xml,train
Japan_005846.xml,train
Japan_007622.xml,train
Japan_011403.xml,train
Japan_012347.xml,train
Japan_006489.xml,train
Japan_010109.xml,train
Japan_007574.xml,train
Japan_010053.xml,train
Japan_007142.xml,train
Japan_008324.xml,train
Japan_011293.xml,train
Japan_003610.xml,train
Japan_012759.xml,train
Japan_006688.xml,train
Japan_005818.xml,train
Japan_004886.xml,train
Japan_004148.xml,train
Japan_012760.xml,train
Japan_012225.xml,train
Japan_003419.xml,train
Japan_011685.xml,train
Japan_006399.xml,train
Japan_008659.xml,train
Japan_008435.xml,train
Japan_004384.xml,train
Japan_011747.xml,train
Japan_004492.xml,train
Japan_002835.xml,train
Japan_007409.xml,train
Japan_010713.xml,train
Japan_009293.xml,train
Japan_001146.xml,train
Japan_009000.xml,train
Japan_006559.xml,train
Japan_006131.xml,train
Japan_001288.xml,train
Japan_003808.xml,train
Japan_012813.xml,train
Japan_012014.xml,train
Japan_002008.xml,train
Japan_006875.xml,train
Japan_000745.xml,train
Japan_009042.xml,train
Japan_004720.xml,train
Japan_012081.xml,train
Japan_006853.xml,train
Japan_000454.xml,train
Japan_010967.xml,train
Japan_010644.xml,train
Japan_002845.xml,train
Japan_010810.xml,train
Japan_003482.xml,train
Japan_007100.xml,train
Japan_005807.xml,train
Japan_003868.xml,train
Japan_008287.xml,train
Japan_002237.xml,train
Japan_004175.xml,train
Japan_000821.xml,train
Japan_004638.xml,train
Japan_005397.xml,train
Japan_002078.xml,train
Japan_006815.xml,train
Japan_001278.xml,train
Japan_006885.xml,train
Japan_004814.xml,train
Japan_002976.xml,train
Japan_012467.xml,train
Japan_001958.xml,train
Japan_006444.xml,train
Japan_008773.xml,train
Japan_008345.xml,train
Japan_008256.xml,train
Japan_005832.xml,train
Japan_005566.xml,train
Japan_008842.xml,train
Japan_012958.xml,train
Japan_003769.xml,train
Japan_008824.xml,train
Japan_009123.xml,train
Japan_010443.xml,train
Japan_006595.xml,train
Japan_004076.xml,train
Japan_000733.xml,train
Japan_002313.xml,train
Japan_005032.xml,train
Japan_000135.xml,train
Japan_010011.xml,train
Japan_008840.xml,train
Japan_005203.xml,train
Japan_001490.xml,train
Japan_000372.xml,train
Japan_001830.xml,train
Japan_011194.xml,train
Japan_008214.xml,train
Japan_007965.xml,train
Japan_012561.xml,train
Japan_000106.xml,train
Japan_001138.xml,train
Japan_004929.xml,train
Japan_011427.xml,train
Japan_002420.xml,train
Japan_010739.xml,train
Japan_010043.xml,train
Japan_003179.xml,train
Japan_007204.xml,train
Japan_000089.xml,train
Japan_006979.xml,train
Japan_012801.xml,train
Japan_012611.xml,train
Japan_001195.xml,train
Japan_000896.xml,train
Japan_009539.xml,train
Japan_000113.xml,train
Japan_009354.xml,train
Japan_011582.xml,train
Japan_009585.xml,train
Japan_007929.xml,train
Japan_012980.xml,train
Japan_000119.xml,train
Japan_007486.xml,train
Japan_001361.xml,train
Japan_001366.xml,train
Japan_010292.xml,train
Japan_010918.xml,train
Japan_002059.xml,train
Japan_009766.xml,train
Japan_004110.xml,train
Japan_003325.xml,train
Japan_011717.xml,train
Japan_008282.xml,train
Japan_012009.xml,train
Japan_001184.xml,train
Japan_013020.xml,train
Japan_000365.xml,train
Japan_003490.xml,train
Japan_009983.xml,train
Japan_005115.xml,train
Japan_012313.xml,train
Japan_000207.xml,train
Japan_007357.xml,train
Japan_007584.xml,train
Japan_000653.xml,train
Japan_001346.xml,train
Japan_009605.xml,train
Japan_011254.xml,train
Japan_008366.xml,train
Japan_012588.xml,train
Japan_005677.xml,train
Japan_008921.xml,train
Japan_006494.xml,train
Japan_001042.xml,train
Japan_002770.xml,train
Japan_002907.xml,train
Japan_000353.xml,train
Japan_012618.xml,train
Japan_005565.xml,train
Japan_001756.xml,train
Japan_002685.xml,train
Japan_012565.xml,train
Japan_005829.xml,train
Japan_009947.xml,train
Japan_000455.xml,train
Japan_011574.xml,train
Japan_010046.xml,train
Japan_008365.xml,train
Japan_010392.xml,train
Japan_011387.xml,train
Japan_008511.xml,train
Japan_003781.xml,train
Japan_010069.xml,train
Japan_008583.xml,train
Japan_011210.xml,train
Japan_005578.xml,train
Japan_003401.xml,train
Japan_004858.xml,train
Japan_011071.xml,train
Japan_011670.xml,train
Japan_011411.xml,train
Japan_011002.xml,train
Japan_004170.xml,train
Japan_002149.xml,train
Japan_003949.xml,train
Japan_003525.xml,train
Japan_001484.xml,train
Japan_007159.xml,train
Japan_008810.xml,train
Japan_010736.xml,train
Japan_003132.xml,train
Japan_005089.xml,train
Japan_001690.xml,train
Japan_005123.xml,train
Japan_007052.xml,train
Japan_011469.xml,train
Japan_004758.xml,train
Japan_000399.xml,train
Japan_004625.xml,train
Japan_006987.xml,train
Japan_006433.xml,train
Japan_012513.xml,train
Japan_004763.xml,train
Japan_003687.xml,train
Japan_000178.xml,train
Japan_000124.xml,train
Japan_011237.xml,train
Japan_007801.xml,train
Japan_007750.xml,train
Japan_004325.xml,train
Japan_002329.xml,train
Japan_003332.xml,train
Japan_006929.xml,train
Japan_007733.xml,train
Japan_012380.xml,train
Japan_001556.xml,train
Japan_001453.xml,train
Japan_006324.xml,train
Japan_005419.xml,train
Japan_003080.xml,train
Japan_012864.xml,train
Japan_010573.xml,train
Japan_009837.xml,train
Japan_000803.xml,train
Japan_005986.xml,train
Japan_012284.xml,train
Japan_013047.xml,train
Japan_003323.xml,train
Japan_010781.xml,train
Japan_012731.xml,train
Japan_012669.xml,train
Japan_006978.xml,train
Japan_005759.xml,train
Japan_008814.xml,train
Japan_008959.xml,train
Japan_006742.xml,train
Japan_012579.xml,train
Japan_007681.xml,train
Japan_010782.xml,train
Japan_011786.xml,train
Japan_009931.xml,train
Japan_007383.xml,train
Japan_000421.xml,train
Japan_011916.xml,train
Japan_009242.xml,train
Japan_009201.xml,train
Japan_003321.xml,train
Japan_008087.xml,train
Japan_008706.xml,train
Japan_009513.xml,train
Japan_006116.xml,train
Japan_001950.xml,train
Japan_003513.xml,train
Japan_006600.xml,train
Japan_007925.xml,train
Japan_004936.xml,train
Japan_001541.xml,train
Japan_000242.xml,train
Japan_007611.xml,train
Japan_003084.xml,train
Japan_012402.xml,train
Japan_011800.xml,train
Japan_011202.xml,train
Japan_010161.xml,train
Japan_011309.xml,train
Japan_002768.xml,train
Japan_004262.xml,train
Japan_001688.xml,train
Japan_006767.xml,train
Japan_010533.xml,train
Japan_006969.xml,train
Japan_008513.xml,train
Japan_011564.xml,train
Japan_000224.xml,train
Japan_002388.xml,train
Japan_008893.xml,train
Japan_001861.xml,train
Japan_011690.xml,train
Japan_010460.xml,train
Japan_012388.xml,train
Japan_007948.xml,train
Japan_000058.xml,train
Japan_011220.xml,train
Japan_005828.xml,train
Japan_008410.xml,train
Japan_005682.xml,train
Japan_005396.xml,train
Japan_005626.xml,train
Japan_006052.xml,train
Japan_007496.xml,train
Japan_000844.xml,train
Japan_008313.xml,train
Japan_006520.xml,train
Japan_007179.xml,train
Japan_012768.xml,train
Japan_006053.xml,train
Japan_002624.xml,train
Japan_001371.xml,train
Japan_012088.xml,train
Japan_000493.xml,train
Japan_002780.xml,train
Japan_005420.xml,train
Japan_002153.xml,train
Japan_000764.xml,train
Japan_000723.xml,train
Japan_000891.xml,train
Japan_007795.xml,train
Japan_006215.xml,train
Japan_004118.xml,train
Japan_012996.xml,train
Japan_005739.xml,train
Japan_009533.xml,train
Japan_000737.xml,train
Japan_003748.xml,train
Japan_004660.xml,train
Japan_001522.xml,train
Japan_000037.xml,train
Japan_001871.xml,train
Japan_004503.xml,train
Japan_006068.xml,train
Japan_012994.xml,train
Japan_004259.xml,train
Japan_004739.xml,train
Japan_011276.xml,train
Japan_007246.xml,train
Japan_007035.xml,train
Japan_005425.xml,train
Japan_003927.xml,train
Japan_009207.xml,train
Japan_008307.xml,train
Japan_007092.xml,train
Japan_007922.xml,train
Japan_006552.xml,train
Japan_007541.xml,train
Japan_004970.xml,train
Japan_005982.xml,train
Japan_003396.xml,train
Japan_005939.xml,train
Japan_001615.xml,train
Japan_001273.xml,train
Japan_004486.xml,train
Japan_004356.xml,train
Japan_010509.xml,train
Japan_004588.xml,train
Japan_006797.xml,train
Japan_006173.xml,train
Japan_011955.xml,train
Japan_010797.xml,train
Japan_009567.xml,train
Japan_000486.xml,train
Japan_002544.xml,train
Japan_004454.xml,train
Japan_005668.xml,train
Japan_007845.xml,train
Japan_005356.xml,train
Japan_008370.xml,train
Japan_009248.xml,train
Japan_002936.xml,train
Japan_006594.xml,train
Japan_010377.xml,train
Japan_002203.xml,train
Japan_005222.xml,train
Japan_000828.xml,train
Japan_003230.xml,train
Japan_002527.xml,train
Japan_006625.xml,train
Japan_008017.xml,train
Japan_009855.xml,train
Japan_011058.xml,train
Japan_005500.xml,train
Japan_007900.xml,train
Japan_009189.xml,train
Japan_008988.xml,train
Japan_005348.xml,train
Japan_005215.xml,train
Japan_003847.xml,train
Japan_007842.xml,train
Japan_003993.xml,train
Japan_008845.xml,train
Japan_006320.xml,train
Japan_009603.xml,train
Japan_005335.xml,train
Japan_007417.xml,train
Japan_006302.xml,train
Japan_005084.xml,train
Japan_005173.xml,train
Japan_003042.xml,train
Japan_011671.xml,train
Japan_000311.xml,train
Japan_007062.xml,train
Japan_005033.xml,train
Japan_000567.xml,train
Japan_001348.xml,train
Japan_011592.xml,train
Japan_008656.xml,train
Japan_007990.xml,train
Japan_009882.xml,train
Japan_009250.xml,train
Japan_010355.xml,train
Japan_007852.xml,train
Japan_009356.xml,train
Japan_008398.xml,train
Japan_005107.xml,train
Japan_012619.xml,train
Japan_003642.xml,train
Japan_002040.xml,train
Japan_005820.xml,train
Japan_002236.xml,train
Japan_007259.xml,train
Japan_004122.xml,train
Japan_009489.xml,train
Japan_010350.xml,train
Japan_004833.xml,train
Japan_003143.xml,train
Japan_001645.xml,train
Japan_003002.xml,train
Japan_006478.xml,train
Japan_002435.xml,train
Japan_012609.xml,train
Japan_002068.xml,train
Japan_004995.xml,train
Japan_002654.xml,train
Japan_002017.xml,train
Japan_001310.xml,train
Japan_007112.xml,train
Japan_001243.xml,train
Japan_002987.xml,train
Japan_010607.xml,train
Japan_010765.xml,train
Japan_010312.xml,train
Japan_012896.xml,train
Japan_004462.xml,train
Japan_003491.xml,train
Japan_011516.xml,train
Japan_001614.xml,train
Japan_002813.xml,train
Japan_004935.xml,train
Japan_003647.xml,train
Japan_009582.xml,train
Japan_007005.xml,train
Japan_004507.xml,train
Japan_002093.xml,train
Japan_010030.xml,train
Japan_004077.xml,train
Japan_003452.xml,train
Japan_004649.xml,train
Japan_011055.xml,train
Japan_008867.xml,train
Japan_012075.xml,train
Japan_008989.xml,train
Japan_011341.xml,train
Japan_008856.xml,train
Japan_013078.xml,train
Japan_000387.xml,train
Japan_002563.xml,train
Japan_004677.xml,train
Japan_001608.xml,train
Japan_003861.xml,train
Japan_000731.xml,train
Japan_004634.xml,train
Japan_007098.xml,train
Japan_008211.xml,train
Japan_006081.xml,train
Japan_008611.xml,train
Japan_003483.xml,train
Japan_007143.xml,train
Japan_001285.xml,train
Japan_000066.xml,train
Japan_004504.xml,train
Japan_002175.xml,train
Japan_009172.xml,train
Japan_012508.xml,train
Japan_008185.xml,train
Japan_007371.xml,train
Japan_009543.xml,train
Japan_012862.xml,train
Japan_003979.xml,train
Japan_006175.xml,train
Japan_009548.xml,train
Japan_005686.xml,train
Japan_006326.xml,train
Japan_004798.xml,train
Japan_006504.xml,train
Japan_011263.xml,train
Japan_010410.xml,train
Japan_008696.xml,train
Japan_012068.xml,train
Japan_004139.xml,train
Japan_000665.xml,train
Japan_001746.xml,train
Japan_012840.xml,train
Japan_011540.xml,train
Japan_003909.xml,train
Japan_005915.xml,train
Japan_002629.xml,train
Japan_006077.xml,train
Japan_011049.xml,train
Japan_006829.xml,train
Japan_007022.xml,train
Japan_002224.xml,train
Japan_009546.xml,train
Japan_001506.xml,train
Japan_002061.xml,train
Japan_002919.xml,train
Japan_002163.xml,train
Japan_009265.xml,train
Japan_006580.xml,train
Japan_007286.xml,train
Japan_006532.xml,train
Japan_008615.xml,train
Japan_007016.xml,train
Japan_009592.xml,train
Japan_002010.xml,train
Japan_003204.xml,train
Japan_005849.xml,train
Japan_010002.xml,train
Japan_008215.xml,train
Japan_008376.xml,train
Japan_002684.xml,train
Japan_004872.xml,train
Japan_002822.xml,train
Japan_006654.xml,train
Japan_004871.xml,train
Japan_005161.xml,train
Japan_008341.xml,train
Japan_011333.xml,train
Japan_008557.xml,train
Japan_010398.xml,train
Japan_006777.xml,train
Japan_006509.xml,train
Japan_000598.xml,train
Japan_002298.xml,train
Japan_006662.xml,train
Japan_001482.xml,train
Japan_005745.xml,train
Japan_012897.xml,train
Japan_004984.xml,train
Japan_006454.xml,train
Japan_001115.xml,train
Japan_008572.xml,train
Japan_009621.xml,train
Japan_012798.xml,train
Japan_006786.xml,train
Japan_005230.xml,train
Japan_001481.xml,train
Japan_003484.xml,train
Japan_004917.xml,train
Japan_012552.xml,train
Japan_001519.xml,train
Japan_003346.xml,train
Japan_010318.xml,train
Japan_005799.xml,train
Japan_010139.xml,train
Japan_003759.xml,train
Japan_010189.xml,train
Japan_004774.xml,train
Japan_009963.xml,train
Japan_000544.xml,train
Japan_009654.xml,train
Japan_008233.xml,train
Japan_004931.xml,train
Japan_008446.xml,train
Japan_008547.xml,train
Japan_006071.xml,train
Japan_005824.xml,train
Japan_000243.xml,train
Japan_003136.xml,train
Japan_003140.xml,train
Japan_010490.xml,train
Japan_005944.xml,train
Japan_010843.xml,train
Japan_013097.xml,train
Japan_007637.xml,train
Japan_000676.xml,train
Japan_008623.xml,train
Japan_008769.xml,train
Japan_000932.xml,train
Japan_007974.xml,train
Japan_002102.xml,train
Japan_010897.xml,train
Japan_001897.xml,train
Japan_001854.xml,train
Japan_001817.xml,train
Japan_010982.xml,train
Japan_010076.xml,train
Japan_002728.xml,train
Japan_006635.xml,train
Japan_004176.xml,train
Japan_010340.xml,train
Japan_000579.xml,train
Japan_010981.xml,train
Japan_003954.xml,train
Japan_003263.xml,train
Japan_003850.xml,train
Japan_009061.xml,train
Japan_000329.xml,train
Japan_012841.xml,train
Japan_012264.xml,train
Japan_009184.xml,train
Japan_000020.xml,train
Japan_008362.xml,train
Japan_006204.xml,train
Japan_011622.xml,train
Japan_005204.xml,train
Japan_000072.xml,train
Japan_010724.xml,train
Japan_002261.xml,train
Japan_010422.xml,train
Japan_009957.xml,train
Japan_013114.xml,train
Japan_007509.xml,train
Japan_009391.xml,train
Japan_000777.xml,train
Japan_009326.xml,train
Japan_003427.xml,train
Japan_001989.xml,train
Japan_003497.xml,train
Japan_006156.xml,train
Japan_005531.xml,train
Japan_011927.xml,train
Japan_003379.xml,train
Japan_011607.xml,train
Japan_010768.xml,train
Japan_002331.xml,train
Japan_003062.xml,train
Japan_012000.xml,train
Japan_007567.xml,train
Japan_004116.xml,train
Japan_006792.xml,train
Japan_007871.xml,train
Japan_003561.xml,train
Japan_009120.xml,train
Japan_008628.xml,train
Japan_005104.xml,train
Japan_006485.xml,train
Japan_007036.xml,train
Japan_004330.xml,train
Japan_002622.xml,train
Japan_000126.xml,train
Japan_005300.xml,train
Japan_004443.xml,train
Japan_011535.xml,train
Japan_009447.xml,train
Japan_003551.xml,train
Japan_004653.xml,train
Japan_009122.xml,train
Japan_010313.xml,train
Japan_010532.xml,train
Japan_012064.xml,train
Japan_003625.xml,train
Japan_012165.xml,train
Japan_012604.xml,train
Japan_005874.xml,train
Japan_011340.xml,train
Japan_004378.xml,train
Japan_009988.xml,train
Japan_011489.xml,train
Japan_006267.xml,train
Japan_007663.xml,train
Japan_009004.xml,train
Japan_011546.xml,train
Japan_002056.xml,train
Japan_010769.xml,train
Japan_011343.xml,train
Japan_008549.xml,train
Japan_004299.xml,train
Japan_005307.xml,train
Japan_012802.xml,train
Japan_006468.xml,train
Japan_006243.xml,train
Japan_000829.xml,train
Japan_010716.xml,train
Japan_000994.xml,train
Japan_007415.xml,train
Japan_008896.xml,train
Japan_003711.xml,train
Japan_009420.xml,train
Japan_000312.xml,train
Japan_000698.xml,train
Japan_007995.xml,train
Japan_002866.xml,train
Japan_001996.xml,train
Japan_007044.xml,train
Japan_009744.xml,train
Japan_002221.xml,train
Japan_006708.xml,train
Japan_000145.xml,train
Japan_002556.xml,train
Japan_006370.xml,train
Japan_001753.xml,train
Japan_004555.xml,train
Japan_000338.xml,train
Japan_002072.xml,train
Japan_003250.xml,train
Japan_007476.xml,train
Japan_006980.xml,train
Japan_011323.xml,train
Japan_005014.xml,train
Japan_012373.xml,train
Japan_003432.xml,train
Japan_012263.xml,train
Japan_010646.xml,train
Japan_007479.xml,train
Japan_010616.xml,train
Japan_007237.xml,train
Japan_001468.xml,train
Japan_005274.xml,train
Japan_011395.xml,train
Japan_007517.xml,train
Japan_004338.xml,train
Japan_000044.xml,train
Japan_001373.xml,train
Japan_009918.xml,train
Japan_008472.xml,train
Japan_008726.xml,train
Japan_011373.xml,train
Japan_003233.xml,train
Japan_002771.xml,train
Japan_010297.xml,train
Japan_004011.xml,train
Japan_011813.xml,train
Japan_004673.xml,train
Japan_010441.xml,train
Japan_001708.xml,train
Japan_010829.xml,train
Japan_009630.xml,train
Japan_003714.xml,train
Japan_011260.xml,train
Japan_012839.xml,train
Japan_007924.xml,train
Japan_000609.xml,train
Japan_009493.xml,train
Japan_009203.xml,train
Japan_002941.xml,train
Japan_004843.xml,train
Japan_002505.xml,train
Japan_003456.xml,train
Japan_008630.xml,train
Japan_008249.xml,train
Japan_006915.xml,train
Japan_010939.xml,train
Japan_011096.xml,train
Japan_012177.xml,train
Japan_007873.xml,train
Japan_011126.xml,train
Japan_000400.xml,train
Japan_008469.xml,train
Japan_001083.xml,train
Japan_000600.xml,train
Japan_010542.xml,train
Japan_002491.xml,train
Japan_002824.xml,train
Japan_010425.xml,train
Japan_001538.xml,train
Japan_010997.xml,train
Japan_009035.xml,train
Japan_001549.xml,train
Japan_012856.xml,train
Japan_011726.xml,train
Japan_000818.xml,train
Japan_011901.xml,train
Japan_007174.xml,train
Japan_008713.xml,train
Japan_002912.xml,train
Japan_005638.xml,train
Japan_011196.xml,train
Japan_009601.xml,train
Japan_010631.xml,train
Japan_012035.xml,train
Japan_012348.xml,train
Japan_006587.xml,train
Japan_009638.xml,train
Japan_009340.xml,train
Japan_012932.xml,train
Japan_007426.xml,train
Japan_008961.xml,train
Japan_000861.xml,train
Japan_002328.xml,train
Japan_010136.xml,train
Japan_005962.xml,train
Japan_003269.xml,train
Japan_002513.xml,train
Japan_009500.xml,train
Japan_012608.xml,train
Japan_007381.xml,train
Japan_002282.xml,train
Japan_007207.xml,train
Japan_008165.xml,train
Japan_010143.xml,train
Japan_007467.xml,train
Japan_002850.xml,train
Japan_003006.xml,train
Japan_000067.xml,train
Japan_008238.xml,train
Japan_000562.xml,train
Japan_000700.xml,train
Japan_012831.xml,train
Japan_004560.xml,train
Japan_001492.xml,train
Japan_009872.xml,train
Japan_001474.xml,train
Japan_007264.xml,train
Japan_000771.xml,train
Japan_006687.xml,train
Japan_007879.xml,train
Japan_005226.xml,train
Japan_008781.xml,train
Japan_012871.xml,train
Japan_010356.xml,train
Japan_009218.xml,train
Japan_009040.xml,train
Japan_005851.xml,train
Japan_000786.xml,train
Japan_007670.xml,train
Japan_003718.xml,train
Japan_007298.xml,train
Japan_006380.xml,train
Japan_004648.xml,train
Japan_007200.xml,train
Japan_010190.xml,train
Japan_002303.xml,train
Japan_011979.xml,train
Japan_006649.xml,train
Japan_002484.xml,train
Japan_006953.xml,train
Japan_007558.xml,train
Japan_006315.xml,train
Japan_011045.xml,train
Japan_006787.xml,train
Japan_009746.xml,train
Japan_001647.xml,train
Japan_007926.xml,train
Japan_009214.xml,train
Japan_004744.xml,train
Japan_009444.xml,train
Japan_005967.xml,train
Japan_002006.xml,train
Japan_005074.xml,train
Japan_010935.xml,train
Japan_010495.xml,train
Japan_010280.xml,train
Japan_000565.xml,train
Japan_009929.xml,train
Japan_007961.xml,train
Japan_003327.xml,train
Japan_007089.xml,train
Japan_002971.xml,train
Japan_006880.xml,train
Japan_010168.xml,train
Japan_001016.xml,train
Japan_012096.xml,train
Japan_009776.xml,train
Japan_008342.xml,train
Japan_004480.xml,train
Japan_003778.xml,train
Japan_001252.xml,train
Japan_007787.xml,train
Japan_009594.xml,train
Japan_011495.xml,train
Japan_001691.xml,train
Japan_004019.xml,train
Japan_001266.xml,train
Japan_001766.xml,train
Japan_011338.xml,train
Japan_004281.xml,train
Japan_012698.xml,train
Japan_010682.xml,train
Japan_002468.xml,train
Japan_000808.xml,train
Japan_007561.xml,train
Japan_011385.xml,train
Japan_001890.xml,train
Japan_009435.xml,train
Japan_004908.xml,train
Japan_011183.xml,train
Japan_008708.xml,train
Japan_009461.xml,train
Japan_013005.xml,train
Japan_012331.xml,train
Japan_001123.xml,train
Japan_007988.xml,train
Japan_010113.xml,train
Japan_003701.xml,train
Japan_002371.xml,train
Japan_008900.xml,train
Japan_004015.xml,train
Japan_004715.xml,train
Japan_010519.xml,train
Japan_008260.xml,train
Japan_001068.xml,train
Japan_005553.xml,train
Japan_008629.xml,train
Japan_009183.xml,train
Japan_001294.xml,train
Japan_008414.xml,train
Japan_004079.xml,train
Japan_011862.xml,train
Japan_011521.xml,train
Japan_007252.xml,train
Japan_009460.xml,train
Japan_012195.xml,train
Japan_007091.xml,train
Japan_000656.xml,train
Japan_011070.xml,train
Japan_006876.xml,train
Japan_012646.xml,train
Japan_001954.xml,train
Japan_009052.xml,train
Japan_010383.xml,train
Japan_010911.xml,train
Japan_005434.xml,train
Japan_001214.xml,train
Japan_009283.xml,train
Japan_003912.xml,train
Japan_012569.xml,train
Japan_011100.xml,train
Japan_000702.xml,train
Japan_011398.xml,train
Japan_006976.xml,train
Japan_011770.xml,train
Japan_009397.xml,train
Japan_000791.xml,train
Japan_005684.xml,train
Japan_003235.xml,train
Japan_008236.xml,train
Japan_010809.xml,train
Japan_002159.xml,train
Japan_012040.xml,train
Japan_003767.xml,train
Japan_002765.xml,train
Japan_010727.xml,train
Japan_012505.xml,train
Japan_007253.xml,train
Japan_004171.xml,train
Japan_003717.xml,train
Japan_003746.xml,train
Japan_010630.xml,train
Japan_011749.xml,train
Japan_008399.xml,train
Japan_011123.xml,train
Japan_008740.xml,train
Japan_003816.xml,train
Japan_003640.xml,train
Japan_009093.xml,train
Japan_007772.xml,train
Japan_003404.xml,train
Japan_000446.xml,train
Japan_009379.xml,train
Japan_001975.xml,train
Japan_011923.xml,train
Japan_010872.xml,train
Japan_000645.xml,train
Japan_010431.xml,train
Japan_002991.xml,train
Japan_011948.xml,train
Japan_008200.xml,train
Japan_003609.xml,train
Japan_002929.xml,train
Japan_007315.xml,train
Japan_000277.xml,train
Japan_008553.xml,train
Japan_004857.xml,train
Japan_003039.xml,train
Japan_006556.xml,train
Japan_006685.xml,train
Japan_004052.xml,train
Japan_006005.xml,train
Japan_004232.xml,train
Japan_000975.xml,train
Japan_004495.xml,train
Japan_004829.xml,train
Japan_007719.xml,train
Japan_000941.xml,train
Japan_000177.xml,train
Japan_009552.xml,train
Japan_009130.xml,train
Japan_004512.xml,train
Japan_000636.xml,train
Japan_007191.xml,train
Japan_007688.xml,train
Japan_006087.xml,train
Japan_010092.xml,train
Japan_009698.xml,train
Japan_005278.xml,train
Japan_005951.xml,train
Japan_005343.xml,train
Japan_006432.xml,train
Japan_012192.xml,train
Japan_009333.xml,train
Japan_007473.xml,train
Japan_009418.xml,train
Japan_000002.xml,train
Japan_003428.xml,train
Japan_010914.xml,train
Japan_001621.xml,train
Japan_007553.xml,train
Japan_009501.xml,train
Japan_000193.xml,train
Japan_009335.xml,train
Japan_005438.xml,train
Japan_003286.xml,train
Japan_000980.xml,train
Japan_010379.xml,train
Japan_002402.xml,train
Japan_012933.xml,train
Japan_002723.xml,train
Japan_004569.xml,train
Japan_011067.xml,train
Japan_003615.xml,train
Japan_006641.xml,train
Japan_006967.xml,train
Japan_009713.xml,train
Japan_004313.xml,train
Japan_004365.xml,train
Japan_002769.xml,train
Japan_001539.xml,train
Japan_012589.xml,train
Japan_009532.xml,train
Japan_004678.xml,train
Japan_009577.xml,train
Japan_010082.xml,train
Japan_003831.xml,train
Japan_008873.xml,train
Japan_001677.xml,train
Japan_011819.xml,train
Japan_007645.xml,train
Japan_006823.xml,train
Japan_000308.xml,train
Japan_003271.xml,train
Japan_012851.xml,train
Japan_000696.xml,train
Japan_009031.xml,train
Japan_012003.xml,train
Japan_005362.xml,train
Japan_001563.xml,train
Japan_011025.xml,train
Japan_007337.xml,train
Japan_000749.xml,train
Japan_007679.xml,train
Japan_010555.xml,train
Japan_002516.xml,train
Japan_002379.xml,train
Japan_012845.xml,train
Japan_005726.xml,train
Japan_009025.xml,train
Japan_006869.xml,train
Japan_009741.xml,train
Japan_003770.xml,train
Japan_005959.xml,train
Japan_005891.xml,train
Japan_005533.xml,train
Japan_009990.xml,train
Japan_005797.xml,train
Japan_005557.xml,train
Japan_008603.xml,train
Japan_006086.xml,train
Japan_003147.xml,train
Japan_001948.xml,train
Japan_013069.xml,train
Japan_007780.xml,train
Japan_000131.xml,train
Japan_006631.xml,train
Japan_011382.xml,train
Japan_003649.xml,train
Japan_006868.xml,train
Japan_004129.xml,train
Japan_012418.xml,train
Japan_006650.xml,train
Japan_012186.xml,train
Japan_006331.xml,train
Japan_001031.xml,train
Japan_002254.xml,train
Japan_007562.xml,train
Japan_008739.xml,train
Japan_005838.xml,train
Japan_012158.xml,train
Japan_005906.xml,train
Japan_005798.xml,train
Japan_007518.xml,train
Japan_010944.xml,train
Japan_002896.xml,train
Japan_006361.xml,train
Japan_004513.xml,train
Japan_010856.xml,train
Japan_003390.xml,train
Japan_009754.xml,train
Japan_009527.xml,train
Japan_009413.xml,train
Japan_007465.xml,train
Japan_007824.xml,train
Japan_001054.xml,train
Japan_012011.xml,train
Japan_012259.xml,train
Japan_009471.xml,train
Japan_006793.xml,train
Japan_012065.xml,train
Japan_004425.xml,train
Japan_008863.xml,train
Japan_000038.xml,train
Japan_001069.xml,train
Japan_009007.xml,train
Japan_007696.xml,train
Japan_004135.xml,train
Japan_005981.xml,train
Japan_000152.xml,train
Japan_012532.xml,train
Japan_006079.xml,train
Japan_013013.xml,train
Japan_009492.xml,train
Japan_007526.xml,train
Japan_002334.xml,train
Japan_007844.xml,train
Japan_003417.xml,train
Japan_005633.xml,train
Japan_007766.xml,train
Japan_000297.xml,train
Japan_010083.xml,train
Japan_007135.xml,train
Japan_005322.xml,train
Japan_004724.xml,train
Japan_010036.xml,train
Japan_009212.xml,train
Japan_007238.xml,train
Japan_000965.xml,train
Japan_000987.xml,train
Japan_001796.xml,train
Japan_007955.xml,train
Japan_001246.xml,train
Japan_000419.xml,train
Japan_002144.xml,train
Japan_004294.xml,train
Japan_005198.xml,train
Japan_001586.xml,train
Japan_001473.xml,train
Japan_001108.xml,train
Japan_001963.xml,train
Japan_012463.xml,train
Japan_008081.xml,train
Japan_012602.xml,train
Japan_001173.xml,train
Japan_002827.xml,train
Japan_002013.xml,train
Japan_002774.xml,train
Japan_007121.xml,train
Japan_007077.xml,train
Japan_003430.xml,train
Japan_006528.xml,train
Japan_000064.xml,train
Japan_012867.xml,train
Japan_005866.xml,train
Japan_005858.xml,train
Japan_009252.xml,train
Japan_012568.xml,train
Japan_003358.xml,train
Japan_003729.xml,train
Japan_001467.xml,train
Japan_006784.xml,train
Japan_005804.xml,train
Japan_010322.xml,train
Japan_003697.xml,train
Japan_006749.xml,train
Japan_002197.xml,train
Japan_012250.xml,train
Japan_011833.xml,train
Japan_010808.xml,train
Japan_008606.xml,train
Japan_009965.xml,train
Japan_005793.xml,train
Japan_001489.xml,train
Japan_004280.xml,train
Japan_011222.xml,train
Japan_002258.xml,train
Japan_012639.xml,train
Japan_006168.xml,train
Japan_005670.xml,train
Japan_009092.xml,train
Japan_004404.xml,train
Japan_002962.xml,train
Japan_011606.xml,train
Japan_007225.xml,train
Japan_012357.xml,train
Japan_001850.xml,train
Japan_008512.xml,train
Japan_002168.xml,train
Japan_001134.xml,train
Japan_010556.xml,train
Japan_000743.xml,train
Japan_010032.xml,train
Japan_007758.xml,train
Japan_000471.xml,train
Japan_011618.xml,train
Japan_008604.xml,train
Japan_010450.xml,train
Japan_000172.xml,train
Japan_004598.xml,train
Japan_005765.xml,train
Japan_002512.xml,train
Japan_005590.xml,train
Japan_008250.xml,train
Japan_002243.xml,train
Japan_002609.xml,train
Japan_011193.xml,train
Japan_006206.xml,train
Japan_003205.xml,train
Japan_001636.xml,train
Japan_000687.xml,train
Japan_003738.xml,train
Japan_010845.xml,train
Japan_012370.xml,train
Japan_005620.xml,train
Japan_003515.xml,train
Japan_007880.xml,train
Japan_004587.xml,train
Japan_005550.xml,train
Japan_007374.xml,train
Japan_004113.xml,train
Japan_007495.xml,train
Japan_005644.xml,train
Japan_005096.xml,train
Japan_005904.xml,train
Japan_008699.xml,train
Japan_004114.xml,train
Japan_012406.xml,train
Japan_001876.xml,train
Japan_011274.xml,train
Japan_004277.xml,train
Japan_006417.xml,train
Japan_012025.xml,train
Japan_010407.xml,train
Japan_000664.xml,train
Japan_000212.xml,train
Japan_004381.xml,train
Japan_010319.xml,train
Japan_009467.xml,train
Japan_005112.xml,train
Japan_004062.xml,train
Japan_009425.xml,train
Japan_006730.xml,train
Japan_004275.xml,train
Japan_010701.xml,train
Japan_011736.xml,train
Japan_007231.xml,train
Japan_003621.xml,train
Japan_009225.xml,train
Japan_012150.xml,train
Japan_010804.xml,train
Japan_001742.xml,train
Japan_003281.xml,train
Japan_005649.xml,train
Japan_012397.xml,train
Japan_004088.xml,train
Japan_000155.xml,train
Japan_010111.xml,train
Japan_006426.xml,train
Japan_012512.xml,train
Japan_002401.xml,train
Japan_011135.xml,train
Japan_008649.xml,train
Japan_001429.xml,train
Japan_012879.xml,train
Japan_002305.xml,train
Japan_003392.xml,train
Japan_009815.xml,train
Japan_000789.xml,train
Japan_001239.xml,train
Japan_011782.xml,train
Japan_007033.xml,train
Japan_004623.xml,train
Japan_000750.xml,train
Japan_000018.xml,train
Japan_000652.xml,train
Japan_006568.xml,train
Japan_001242.xml,train
Japan_004976.xml,train
Japan_002968.xml,train
Japan_001143.xml,train
Japan_009722.xml,train
Japan_007748.xml,train
Japan_003333.xml,train
Japan_006603.xml,train
Japan_005567.xml,train
Japan_002658.xml,train
Japan_003753.xml,train
Japan_006476.xml,train
Japan_011350.xml,train
Japan_007430.xml,train
Japan_002046.xml,train
Japan_010375.xml,train
Japan_006112.xml,train
Japan_003076.xml,train
Japan_001219.xml,train
Japan_003010.xml,train
Japan_012299.xml,train
Japan_010026.xml,train
Japan_007936.xml,train
Japan_003946.xml,train
Japan_007516.xml,train
Japan_010330.xml,train
Japan_012302.xml,train
Japan_012585.xml,train
Japan_000265.xml,train
Japan_005921.xml,train
Japan_010253.xml,train
Japan_013059.xml,train
Japan_002069.xml,train
Japan_005041.xml,train
Japan_007585.xml,train
Japan_002804.xml,train
Japan_001758.xml,train
Japan_005743.xml,train
Japan_005047.xml,train
Japan_012268.xml,train
Japan_006670.xml,train
Japan_010622.xml,train
Japan_004603.xml,train
Japan_006288.xml,train
Japan_004515.xml,train
Japan_006313.xml,train
Japan_001507.xml,train
Japan_009085.xml,train
Japan_000137.xml,train
Japan_009195.xml,train
Japan_001595.xml,train
Japan_000893.xml,train
Japan_000082.xml,train
Japan_009773.xml,train
Japan_004431.xml,train
Japan_009560.xml,train
Japan_007762.xml,train
Japan_012101.xml,train
Japan_008025.xml,train
Japan_004087.xml,train
Japan_003221.xml,train
Japan_006751.xml,train
Japan_005154.xml,train
Japan_000418.xml,train
Japan_011149.xml,train
Japan_005193.xml,train
Japan_007499.xml,train
Japan_001325.xml,train
Japan_006218.xml,train
Japan_004711.xml,train
Japan_006774.xml,train
Japan_000391.xml,train
Japan_005667.xml,train
Japan_000279.xml,train
Japan_012401.xml,train
Japan_005669.xml,train
Japan_003999.xml,train
Japan_007653.xml,train
Japan_011720.xml,train
Japan_010022.xml,train
Japan_008709.xml,train
Japan_009598.xml,train
Japan_011086.xml,train
Japan_004361.xml,train
Japan_006965.xml,train
Japan_005960.xml,train
Japan_010929.xml,train
Japan_007211.xml,train
Japan_006522.xml,train
Japan_004247.xml,train
Japan_003031.xml,train
Japan_012752.xml,train
Japan_005522.xml,train
Japan_010075.xml,train
Japan_011235.xml,train
Japan_008597.xml,train
Japan_000458.xml,train
Japan_004716.xml,train
Japan_002472.xml,train
Japan_003178.xml,train
Japan_009889.xml,train
Japan_006419.xml,train
Japan_010156.xml,train
Japan_011103.xml,train
Japan_009051.xml,train
Japan_012124.xml,train
Japan_011728.xml,train
Japan_008577.xml,train
Japan_005978.xml,train
Japan_007397.xml,train
Japan_010734.xml,train
Japan_000045.xml,train
Japan_000182.xml,train
Japan_006124.xml,train
Japan_013043.xml,train
Japan_002082.xml,train
Japan_008332.xml,train
Japan_003187.xml,train
Japan_009251.xml,train
Japan_008434.xml,train
Japan_010545.xml,train
Japan_005444.xml,train
Japan_004676.xml,train
Japan_011265.xml,train
Japan_007262.xml,train
Japan_003644.xml,train
Japan_009770.xml,train
Japan_011056.xml,train
Japan_009044.xml,train
Japan_001638.xml,train
Japan_004950.xml,train
Japan_001432.xml,train
Japan_012475.xml,train
Japan_000042.xml,train
Japan_009791.xml,train
Japan_012332.xml,train
Japan_012120.xml,train
Japan_009764.xml,train
Japan_007890.xml,train
Japan_010878.xml,train
Japan_000790.xml,train
Japan_010227.xml,train
Japan_007053.xml,train
Japan_003632.xml,train
Japan_004767.xml,train
Japan_011950.xml,train
Japan_011381.xml,train
Japan_006385.xml,train
Japan_006160.xml,train
Japan_000796.xml,train
Japan_001968.xml,train
Japan_010214.xml,train
Japan_009519.xml,train
Japan_008170.xml,train
Japan_003854.xml,train
Japan_001917.xml,train
Japan_010933.xml,train
Japan_002317.xml,train
Japan_006062.xml,train
Japan_011029.xml,train
Japan_012715.xml,train
Japan_010310.xml,train
Japan_011560.xml,train
Japan_011903.xml,train
Japan_011522.xml,train
Japan_003932.xml,train
Japan_005992.xml,train
Japan_011213.xml,train
Japan_001485.xml,train
Japan_003689.xml,train
Japan_009948.xml,train
Japan_012469.xml,train
Japan_012354.xml,train
Japan_000666.xml,train
Japan_007917.xml,train
Japan_002693.xml,train
Japan_011028.xml,train
Japan_005395.xml,train
Japan_005674.xml,train
Japan_002680.xml,train
Japan_011973.xml,train
Japan_000237.xml,train
Japan_004288.xml,train
Japan_010163.xml,train
Japan_005259.xml,train
Japan_012016.xml,train
Japan_004007.xml,train
Japan_006910.xml,train
Japan_004630.xml,train
Japan_003760.xml,train
Japan_008447.xml,train
Japan_011637.xml,train
Japan_003351.xml,train
Japan_004529.xml,train
Japan_008854.xml,train
Japan_009564.xml,train
Japan_002124.xml,train
Japan_009459.xml,train
Japan_011038.xml,train
Japan_012729.xml,train
Japan_011936.xml,train
Japan_011027.xml,train
Japan_004144.xml,train
Japan_003923.xml,train
Japan_011106.xml,train
Japan_010498.xml,train
Japan_009282.xml,train
Japan_009757.xml,train
Japan_012170.xml,train
Japan_001875.xml,train
Japan_012999.xml,train
Japan_001771.xml,train
Japan_009321.xml,train
Japan_001501.xml,train
Japan_012047.xml,train
Japan_010059.xml,train
Japan_009958.xml,train
Japan_001047.xml,train
Japan_000158.xml,train
Japan_011384.xml,train
Japan_012051.xml,train
Japan_010436.xml,train
Japan_008528.xml,train
Japan_007302.xml,train
Japan_007375.xml,train
Japan_001164.xml,train
Japan_011131.xml,train
Japan_012804.xml,train
Japan_003762.xml,train
Japan_007267.xml,train
Japan_006149.xml,train
Japan_012148.xml,train
Japan_008355.xml,train
Japan_001303.xml,train
Japan_005870.xml,train
Japan_007711.xml,train
Japan_002447.xml,train
Japan_001410.xml,train
Japan_001668.xml,train
Japan_006352.xml,train
Japan_007909.xml,train
Japan_011962.xml,train
Japan_003963.xml,train
Japan_009256.xml,train
Japan_002616.xml,train
Japan_000669.xml,train
Japan_011884.xml,train
Japan_008176.xml,train
Japan_003107.xml,train
Japan_007968.xml,train
Japan_012456.xml,train
Japan_011907.xml,train
Japan_003893.xml,train
Japan_006391.xml,train
Japan_013038.xml,train
Japan_009197.xml,train
Japan_011600.xml,train
Japan_006355.xml,train
Japan_009637.xml,train
Japan_008936.xml,train
Japan_004672.xml,train
Japan_008772.xml,train
Japan_006166.xml,train
Japan_007642.xml,train
Japan_009502.xml,train
Japan_009255.xml,train
Japan_011942.xml,train
Japan_007783.xml,train
Japan_009992.xml,train
Japan_002883.xml,train
Japan_006605.xml,train
Japan_010751.xml,train
Japan_011597.xml,train
Japan_000842.xml,train
Japan_003145.xml,train
Japan_005961.xml,train
Japan_010237.xml,train
Japan_002566.xml,train
Japan_008326.xml,train
Japan_010497.xml,train
Japan_006248.xml,train
Japan_011585.xml,train
Japan_008662.xml,train
Japan_008306.xml,train
Japan_004903.xml,train
Japan_010903.xml,train
Japan_000509.xml,train
Japan_000732.xml,train
Japan_005401.xml,train
Japan_010847.xml,train
Japan_001392.xml,train
Japan_008271.xml,train
Japan_012215.xml,train
Japan_003755.xml,train
Japan_012256.xml,train
Japan_011470.xml,train
Japan_012341.xml,train
Japan_011881.xml,train
Japan_000439.xml,train
Japan_009334.xml,train
Japan_003886.xml,train
Japan_000426.xml,train
Japan_004469.xml,train
Japan_006703.xml,train
Japan_005785.xml,train
Japan_009980.xml,train
Japan_004832.xml,train
Japan_001827.xml,train
Japan_001142.xml,train
Japan_003700.xml,train
Japan_008761.xml,train
Japan_005015.xml,train
Japan_007563.xml,train
Japan_012708.xml,train
Japan_000160.xml,train
Japan_003266.xml,train
Japan_009693.xml,train
Japan_007855.xml,train
Japan_000040.xml,train
Japan_000729.xml,train
Japan_000810.xml,train
Japan_011789.xml,train
Japan_006737.xml,train
Japan_002260.xml,train
Japan_002557.xml,train
Japan_002412.xml,train
Japan_009804.xml,train
Japan_002216.xml,train
Japan_006613.xml,train
Japan_001536.xml,train
Japan_003339.xml,train
Japan_012557.xml,train
Japan_000030.xml,train
Japan_012931.xml,train
Japan_006252.xml,train
Japan_010446.xml,train
Japan_003775.xml,train
Japan_001935.xml,train
Japan_002103.xml,train
Japan_006701.xml,train
Japan_008445.xml,train
Japan_004670.xml,train
Japan_009360.xml,train
Japan_008467.xml,train
Japan_005167.xml,train
Japan_012883.xml,train
Japan_005525.xml,train
Japan_001526.xml,train
Japan_002992.xml,train
Japan_009039.xml,train
Japan_010058.xml,train
Japan_007618.xml,train
Japan_003405.xml,train
Japan_008251.xml,train
Japan_007636.xml,train
Japan_007101.xml,train
Japan_006684.xml,train
Japan_003811.xml,train
Japan_005336.xml,train
Japan_002089.xml,train
Japan_001049.xml,train
Japan_000903.xml,train
Japan_012281.xml,train
Japan_005146.xml,train
Japan_010772.xml,train
Japan_003214.xml,train
Japan_009204.xml,train
Japan_000188.xml,train
Japan_012599.xml,train
Japan_010063.xml,train
Japan_003675.xml,train
Japan_006610.xml,train
Japan_004703.xml,train
Japan_012379.xml,train
Japan_007950.xml,train
Japan_006575.xml,train
Japan_008443.xml,train
Japan_010042.xml,train
Japan_012428.xml,train
Japan_005009.xml,train
Japan_008818.xml,train
Japan_007587.xml,train
Japan_004793.xml,train
Japan_009355.xml,train
Japan_010298.xml,train
Japan_003350.xml,train
Japan_010048.xml,train
Japan_004251.xml,train
Japan_008196.xml,train
Japan_008100.xml,train
Japan_005407.xml,train
Japan_002915.xml,train
Japan_009887.xml,train
Japan_003477.xml,train
Japan_012546.xml,train
Japan_007959.xml,train
Japan_007682.xml,train
Japan_002799.xml,train
Japan_003340.xml,train
Japan_010386.xml,train
Japan_008635.xml,train
Japan_005137.xml,train
Japan_003210.xml,train
Japan_006303.xml,train
Japan_013102.xml,train
Japan_006769.xml,train
Japan_007378.xml,train
Japan_002373.xml,train
Japan_006055.xml,train
Japan_012023.xml,train
Japan_001050.xml,train
Japan_010753.xml,train
Japan_009704.xml,train
Japan_006570.xml,train
Japan_006861.xml,train
Japan_012126.xml,train
Japan_002192.xml,train
Japan_003414.xml,train
Japan_006639.xml,train
Japan_001880.xml,train
Japan_010309.xml,train
Japan_000831.xml,train
Japan_006181.xml,train
Japan_011393.xml,train
Japan_005693.xml,train
Japan_002633.xml,train
Japan_004597.xml,train
Japan_007395.xml,train
Japan_000410.xml,train
Japan_012277.xml,train
Japan_005058.xml,train
Japan_004956.xml,train
Japan_004723.xml,train
Japan_002886.xml,train
Japan_001483.xml,train
Japan_003786.xml,train
Japan_000934.xml,train
Japan_001425.xml,train
Japan_001122.xml,train
Japan_000859.xml,train
Japan_003165.xml,train
Japan_007640.xml,train
Japan_008941.xml,train
Japan_004193.xml,train
Japan_003315.xml,train
Japan_001900.xml,train
Japan_011050.xml,train
Japan_000728.xml,train
Japan_004562.xml,train
Japan_009674.xml,train
Japan_005013.xml,train
Japan_002863.xml,train
Japan_008321.xml,train
Japan_009472.xml,train
Japan_005492.xml,train
Japan_002555.xml,train
Japan_009709.xml,train
Japan_007309.xml,train
Japan_012635.xml,train
Japan_009231.xml,train
Japan_011735.xml,train
Japan_007655.xml,train
Japan_006743.xml,train
Japan_010578.xml,train
Japan_011926.xml,train
Japan_005349.xml,train
Japan_007137.xml,train
Japan_010100.xml,train
Japan_003124.xml,train
Japan_005791.xml,train
Japan_003051.xml,train
Japan_007510.xml,train
Japan_009124.xml,train
Japan_013040.xml,train
Japan_011841.xml,train
Japan_010277.xml,train
Japan_000837.xml,train
Japan_004207.xml,train
Japan_006395.xml,train
Japan_001271.xml,train
Japan_005472.xml,train
Japan_004517.xml,train
Japan_006064.xml,train
Japan_003277.xml,train
Japan_009839.xml,train
Japan_011412.xml,train
Japan_003624.xml,train
Japan_002432.xml,train
Japan_007136.xml,train
Japan_007149.xml,train
Japan_009032.xml,train
Japan_004572.xml,train
Japan_007283.xml,train
Japan_000220.xml,train
Japan_003316.xml,train
Japan_003197.xml,train
Japan_004324.xml,train
Japan_001244.xml,train
Japan_011225.xml,train
Japan_009272.xml,train
Japan_000663.xml,train
Japan_005037.xml,train
Japan_006332.xml,train
Japan_008330.xml,train
Japan_003813.xml,train
Japan_000153.xml,train
Japan_011943.xml,train
Japan_003320.xml,train
Japan_000405.xml,train
Japan_008639.xml,train
Japan_008407.xml,train
Japan_000613.xml,train
Japan_011625.xml,train
Japan_008234.xml,train
Japan_006874.xml,train
Japan_009851.xml,train
Japan_003876.xml,train
Japan_010456.xml,train
Japan_012062.xml,train
Japan_005312.xml,train
Japan_004134.xml,train
Japan_012836.xml,train
Japan_012144.xml,train
Japan_004241.xml,train
Japan_005156.xml,train
Japan_006548.xml,train
Japan_010491.xml,train
Japan_004085.xml,train
Japan_005695.xml,train
Japan_012893.xml,train
Japan_006586.xml,train
Japan_010174.xml,train
Japan_004710.xml,train
Japan_006533.xml,train
Japan_010357.xml,train
Japan_012631.xml,train
Japan_005431.xml,train
Japan_004803.xml,train
Japan_006184.xml,train
Japan_005589.xml,train
Japan_006323.xml,train
Japan_001378.xml,train
Japan_006529.xml,train
Japan_004962.xml,train
Japan_005534.xml,train
Japan_006163.xml,train
Japan_013042.xml,train
Japan_004713.xml,train
Japan_009306.xml,train
Japan_010873.xml,train
Japan_012221.xml,train
Japan_008072.xml,train
Japan_011593.xml,train
Japan_010653.xml,train
Japan_010731.xml,train
Japan_008832.xml,train
Japan_001592.xml,train
Japan_005544.xml,train
Japan_012520.xml,train
Japan_009162.xml,train
Japan_013010.xml,train
Japan_001664.xml,train
Japan_008389.xml,train
Japan_002984.xml,train
Japan_003933.xml,train
Japan_003860.xml,train
Japan_002392.xml,train
Japan_009772.xml,train
Japan_002193.xml,train
Japan_008104.xml,train
Japan_006027.xml,train
Japan_003446.xml,train
Japan_003573.xml,train
Japan_003665.xml,train
Japan_001192.xml,train
Japan_000481.xml,train
Japan_002336.xml,train
Japan_005611.xml,train
Japan_009417.xml,train
Japan_007236.xml,train
Japan_001097.xml,train
Japan_000561.xml,train
Japan_002503.xml,train
Japan_000742.xml,train
Japan_010594.xml,train
Japan_010484.xml,train
Japan_003607.xml,train
Japan_009041.xml,train
Japan_005796.xml,train
Japan_003307.xml,train
Japan_005162.xml,train
Japan_004237.xml,train
Japan_005659.xml,train
Japan_005907.xml,train
Japan_002007.xml,train
Japan_000084.xml,train
Japan_004822.xml,train
Japan_007987.xml,train
Japan_007840.xml,train
Japan_009196.xml,train
Japan_004218.xml,train
Japan_003638.xml,train
Japan_011767.xml,train
Japan_010275.xml,train
Japan_013096.xml,train
Japan_002698.xml,train
Japan_002314.xml,train
Japan_010841.xml,train
Japan_011256.xml,train
Japan_002207.xml,train
Japan_006448.xml,train
Japan_000690.xml,train
Japan_007004.xml,train
Japan_002568.xml,train
Japan_011565.xml,train
Japan_002257.xml,train
Japan_001802.xml,train
Japan_012540.xml,train
Japan_004746.xml,train
Japan_009767.xml,train
Japan_012216.xml,train
Japan_001441.xml,train
Japan_009262.xml,train
Japan_007566.xml,train
Japan_011883.xml,train
Japan_002736.xml,train
Japan_007190.xml,train
Japan_003410.xml,train
Japan_005571.xml,train
Japan_011158.xml,train
Japan_001966.xml,train
Japan_007420.xml,train
Japan_012622.xml,train
Japan_004939.xml,train
Japan_006700.xml,train
Japan_008037.xml,train
Japan_012093.xml,train
Japan_011778.xml,train
Japan_000369.xml,train
Japan_005344.xml,train
Japan_008092.xml,train
Japan_005201.xml,train
Japan_007003.xml,train
Japan_004416.xml,train
Japan_005837.xml,train
Japan_010097.xml,train
Japan_006146.xml,train
Japan_003293.xml,train
Japan_003888.xml,train
Japan_009748.xml,train
Japan_002956.xml,train
Japan_001189.xml,train
Japan_007327.xml,train
Japan_000619.xml,train
Japan_002644.xml,train
Japan_004973.xml,train
Japan_006638.xml,train
Japan_005817.xml,train
Japan_006284.xml,train
Japan_003174.xml,train
Japan_003663.xml,train
Japan_009991.xml,train
Japan_001428.xml,train
Japan_005575.xml,train
Japan_002501.xml,train
Japan_002403.xml,train
Japan_010560.xml,train
Japan_002266.xml,train
Japan_006731.xml,train
Japan_012335.xml,train
Japan_009099.xml,train
Japan_001765.xml,train
Japan_001372.xml,train
Japan_006338.xml,train
Japan_011555.xml,train
Japan_006198.xml,train
Japan_009877.xml,train
Japan_007668.xml,train
Japan_009005.xml,train
Japan_001130.xml,train
Japan_004386.xml,train
Japan_012477.xml,train
Japan_004756.xml,train
Japan_005011.xml,train
Japan_000599.xml,train
Japan_012205.xml,train
Japan_008483.xml,train
Japan_007945.xml,train
Japan_001449.xml,train
Japan_008359.xml,train
Japan_007295.xml,train
Japan_011380.xml,train
Japan_010413.xml,train
Japan_004408.xml,train
Japan_010552.xml,train
Japan_005790.xml,train
Japan_007350.xml,train
Japan_007222.xml,train
Japan_011261.xml,train
Japan_006648.xml,train
Japan_002593.xml,train
Japan_007770.xml,train
Japan_010589.xml,train
Japan_008096.xml,train
Japan_010946.xml,train
Japan_000165.xml,train
Japan_004771.xml,train
Japan_003986.xml,train
Japan_001704.xml,train
Japan_000192.xml,train
Japan_000798.xml,train
Japan_005493.xml,train
Japan_012365.xml,train
Japan_012797.xml,train
Japan_003523.xml,train
Japan_002483.xml,train
Japan_008179.xml,train
Japan_008156.xml,train
Japan_007735.xml,train
Japan_006015.xml,train
Japan_011641.xml,train
Japan_012679.xml,train
Japan_005284.xml,train
Japan_005588.xml,train
Japan_002413.xml,train
Japan_000133.xml,train
Japan_005066.xml,train
Japan_012383.xml,train
Japan_005379.xml,train
Japan_005900.xml,train
Japan_000247.xml,train
Japan_007146.xml,train
Japan_011687.xml,train
Japan_004534.xml,train
Japan_011461.xml,train
Japan_002750.xml,train
Japan_007976.xml,train
Japan_007015.xml,train
Japan_001697.xml,train
Japan_000924.xml,train
Japan_004615.xml,train
Japan_007898.xml,train
Japan_009097.xml,train
Japan_009450.xml,train
Japan_002775.xml,train
Japan_012005.xml,train
Japan_010531.xml,train
Japan_004479.xml,train
Japan_011146.xml,train
Japan_000603.xml,train
Japan_002414.xml,test
Japan_005813.xml,test
Japan_006467.xml,test
Japan_011842.xml,test
Japan_009072.xml,test
Japan_008033.xml,test
Japan_003856.xml,test
Japan_000024.xml,test
Japan_001822.xml,test
Japan_012464.xml,test
Japan_007360.xml,test
Japan_006886.xml,test
Japan_005740.xml,test
Japan_005388.xml,test
Japan_005051.xml,test
Japan_006374.xml,test
Japan_009905.xml,test
Japan_012566.xml,test
Japan_001712.xml,test
Japan_002095.xml,test
Japan_008148.xml,test
Japan_011359.xml,test
Japan_006373.xml,test
Japan_009478.xml,test
Japan_004246.xml,test
Japan_012692.xml,test
Japan_008440.xml,test
Japan_007218.xml,test
Japan_007017.xml,test
Japan_007986.xml,test
Japan_006424.xml,test
Japan_009067.xml,test
Japan_004467.xml,test
Japan_009156.xml,test
Japan_001104.xml,test
Japan_003131.xml,test
Japan_001520.xml,test
Japan_007227.xml,test
Japan_011843.xml,test
Japan_002550.xml,test
Japan_013034.xml,test
Japan_003461.xml,test
Japan_001326.xml,test
Japan_002116.xml,test
Japan_004477.xml,test
Japan_002871.xml,test
Japan_006335.xml,test
Japan_001895.xml,test
Japan_008804.xml,test
Japan_003151.xml,test
Japan_010740.xml,test
Japan_000199.xml,test
Japan_004418.xml,test
Japan_004576.xml,test
Japan_005257.xml,test
Japan_004974.xml,test
Japan_002533.xml,test
Japan_008887.xml,test
Japan_005111.xml,test
Japan_007289.xml,test
Japan_000537.xml,test
Japan_010360.xml,test
Japan_012481.xml,test
Japan_012488.xml,test
Japan_001358.xml,test
Japan_009222.xml,test
Japan_009486.xml,test
Japan_008368.xml,test
Japan_008584.xml,test
Japan_007373.xml,test
Japan_011956.xml,test
Japan_002798.xml,test
Japan_011182.xml,test
Japan_012843.xml,test
Japan_011047.xml,test
Japan_011010.xml,test
Japan_010402.xml,test
Japan_009102.xml,test
Japan_003924.xml,test
Japan_003367.xml,test
Japan_006836.xml,test
Japan_011638.xml,test
Japan_011964.xml,test
Japan_006019.xml,test
Japan_013017.xml,test
Japan_006277.xml,test
Japan_005368.xml,test
Japan_012779.xml,test
Japan_010784.xml,test
Japan_001732.xml,test
Japan_000807.xml,test
Japan_004947.xml,test
Japan_010256.xml,test
Japan_010794.xml,test
Japan_009037.xml,test
Japan_005502.xml,test
Japan_008869.xml,test
Japan_011503.xml,test
Japan_009199.xml,test
Japan_012196.xml,test
Japan_006470.xml,test
Japan_003713.xml,test
Japan_010087.xml,test
Japan_009960.xml,test
Japan_011589.xml,test
Japan_006427.xml,test
Japan_006480.xml,test
Japan_007626.xml,test
Japan_009381.xml,test
Japan_004776.xml,test
Japan_009131.xml,test
Japan_012612.xml,test
Japan_000710.xml,test
Japan_010892.xml,test
Japan_003480.xml,test
Japan_009230.xml,test
Japan_007520.xml,test
Japan_004307.xml,test
Japan_007868.xml,test
Japan_002793.xml,test
Japan_011285.xml,test
Japan_007456.xml,test
Japan_011023.xml,test
Japan_012097.xml,test
Japan_011820.xml,test
Japan_004347.xml,test
Japan_004646.xml,test
Japan_011484.xml,test
Japan_011949.xml,test
Japan_010079.xml,test
Japan_004500.xml,test
Japan_007039.xml,test
Japan_012976.xml,test
Japan_003053.xml,test
Japan_006505.xml,test
Japan_012151.xml,test
Japan_011374.xml,test
Japan_011632.xml,test
Japan_009725.xml,test
Japan_003067.xml,test
Japan_005028.xml,test
Japan_010384.xml,test
Japan_009557.xml,test
Japan_012946.xml,test
Japan_003674.xml,test
Japan_004539.xml,test
Japan_012699.xml,test
Japan_000026.xml,test
Japan_005538.xml,test
Japan_004375.xml,test
Japan_004997.xml,test
Japan_012082.xml,test
Japan_009305.xml,test
Japan_006136.xml,test
Japan_001531.xml,test
Japan_006771.xml,test
Japan_005517.xml,test
Japan_002703.xml,test
Japan_011397.xml,test
Japan_010276.xml,test
Japan_004899.xml,test
Japan_011401.xml,test
Japan_010919.xml,test
Japan_009281.xml,test
Japan_012902.xml,test
Japan_010553.xml,test
Japan_008969.xml,test
Japan_002526.xml,test
Japan_009374.xml,test
Japan_002047.xml,test
Japan_010600.xml,test
Japan_001747.xml,test
Japan_007263.xml,test
Japan_003071.xml,test
Japan_008737.xml,test
Japan_004808.xml,test
Japan_002250.xml,test
Japan_005078.xml,test
Japan_003971.xml,test
Japan_013004.xml,test
Japan_006120.xml,test
Japan_007196.xml,test
Japan_010481.xml,test
Japan_006194.xml,test
Japan_004907.xml,test
Japan_010926.xml,test
Japan_006394.xml,test
Japan_003328.xml,test
Japan_009933.xml,test
Japan_005559.xml,test
Japan_007265.xml,test
Japan_010895.xml,test
Japan_003534.xml,test
Japan_003183.xml,test
Japan_012763.xml,test
Japan_001625.xml,test
Japan_013037.xml,test
Japan_012129.xml,test
Japan_011980.xml,test
Japan_003296.xml,test
Japan_008849.xml,test
Japan_007883.xml,test
Japan_011851.xml,test
Japan_004210.xml,test
Japan_010228.xml,test
Japan_000956.xml,test
Japan_008197.xml,test
Japan_008450.xml,test
Japan_009838.xml,test
Japan_008421.xml,test
Japan_005361.xml,test
Japan_010320.xml,test
Japan_012899.xml,test
Japan_009597.xml,test
Japan_012133.xml,test
Japan_011148.xml,test
Japan_001527.xml,test
Japan_010070.xml,test
Japan_009701.xml,test
Japan_004138.xml,test
Japan_003877.xml,test
Japan_004631.xml,test
Japan_004769.xml,test
Japan_011773.xml,test
Japan_001258.xml,test
Japan_011889.xml,test
Japan_005719.xml,test
Japan_003981.xml,test
Japan_000138.xml,test
Japan_000935.xml,test
Japan_010694.xml,test
Japan_004003.xml,test
Japan_012955.xml,test
Japan_012553.xml,test
Japan_012071.xml,test
Japan_003077.xml,test
Japan_005338.xml,test
Japan_003376.xml,test
Japan_004709.xml,test
Japan_005459.xml,test
Japan_004133.xml,test
Japan_001754.xml,test
Japan_011305.xml,test
Japan_009216.xml,test
Japan_008482.xml,test
Japan_007109.xml,test
Japan_003528.xml,test
Japan_009802.xml,test
Japan_007106.xml,test
Japan_005937.xml,test
Japan_012656.xml,test
Japan_010732.xml,test
Japan_010658.xml,test
Japan_001191.xml,test
Japan_007523.xml,test
Japan_005788.xml,test
Japan_007368.xml,test
Japan_001046.xml,test
Japan_001311.xml,test
Japan_004401.xml,test
Japan_010580.xml,test
Japan_010514.xml,test
Japan_011399.xml,test
Japan_002384.xml,test
Japan_010536.xml,test
Japan_004473.xml,test
Japan_007412.xml,test
Japan_011115.xml,test
Japan_008337.xml,test
Japan_009254.xml,test
Japan_000547.xml,test
Japan_000972.xml,test
Japan_002920.xml,test
Japan_006801.xml,test
Japan_002355.xml,test
Japan_006916.xml,test
Japan_007836.xml,test
Japan_004379.xml,test
Japan_010145.xml,test
Japan_012280.xml,test
Japan_001604.xml,test
Japan_011481.xml,test
Japan_003018.xml,test
Japan_010102.xml,test
Japan_002677.xml,test
Japan_010604.xml,test
Japan_000564.xml,test
Japan_010047.xml,test
Japan_008122.xml,test
Japan_000756.xml,test
Japan_001678.xml,test
Japan_001107.xml,test
Japan_000877.xml,test
Japan_002840.xml,test
Japan_011283.xml,test
Japan_001400.xml,test
Japan_000649.xml,test
Japan_005315.xml,test
Japan_003220.xml,test
Japan_009607.xml,test
Japan_002918.xml,test
Japan_012796.xml,test
Japan_012661.xml,test
Japan_005996.xml,test
Japan_001990.xml,test
Japan_001503.xml,test
Japan_006287.xml,test
Japan_002131.xml,test
Japan_007144.xml,test
Japan_003231.xml,test
Japan_005932.xml,test
Japan_004029.xml,test
Japan_004190.xml,test
Japan_010680.xml,test
Japan_002111.xml,test
Japan_009107.xml,test
Japan_002032.xml,test
Japan_004851.xml,test
Japan_011456.xml,test
Japan_003590.xml,test
Japan_009311.xml,test
Japan_004270.xml,test
Japan_004890.xml,test
Japan_003381.xml,test
Japan_005071.xml,test
Japan_010664.xml,test
Japan_009135.xml,test
Japan_007947.xml,test
Japan_010511.xml,test
Japan_012105.xml,test
Japan_004440.xml,test
Japan_009997.xml,test
Japan_004186.xml,test
Japan_012554.xml,test
Japan_004722.xml,test
Japan_009900.xml,test
Japan_008802.xml,test
Japan_007064.xml,test
Japan_008505.xml,test
Japan_003968.xml,test
Japan_011716.xml,test
Japan_010674.xml,test
Japan_010667.xml,test
Japan_001247.xml,test
Japan_001513.xml,test
Japan_012603.xml,test
Japan_010492.xml,test
Japan_010287.xml,test
Japan_012923.xml,test
Japan_002689.xml,test
Japan_007872.xml,test
Japan_001791.xml,test
Japan_010776.xml,test
Japan_012298.xml,test
Japan_002619.xml,test
Japan_000320.xml,test
Japan_009953.xml,test
Japan_009392.xml,test
Japan_002330.xml,test
Japan_012954.xml,test
Japan_002097.xml,test
Japan_012863.xml,test
Japan_002625.xml,test
Japan_006643.xml,test
Japan_010184.xml,test
Japan_008542.xml,test
Japan_008913.xml,test
Japan_000695.xml,test
Japan_008638.xml,test
Japan_006588.xml,test
Japan_007247.xml,test
Japan_012495.xml,test
Japan_012044.xml,test
Japan_009841.xml,test
Japan_005109.xml,test
Japan_004221.xml,test
Japan_010056.xml,test
Japan_007497.xml,test
Japan_000322.xml,test
Japan_008295.xml,test
Japan_002295.xml,test
Japan_007431.xml,test
Japan_007754.xml,test
Japan_004315.xml,test
Japan_012077.xml,test
Japan_009878.xml,test
Japan_001099.xml,test
Japan_008830.xml,test
Japan_001699.xml,test
Japan_003735.xml,test
Japan_005711.xml,test
Japan_005262.xml,test
Japan_004249.xml,test
Japan_002475.xml,test
Japan_008347.xml,test
Japan_009735.xml,test
Japan_000977.xml,test
Japan_010345.xml,test
Japan_012449.xml,test
Japan_008723.xml,test
Japan_010172.xml,test
Japan_009090.xml,test
Japan_006176.xml,test
Japan_006497.xml,test
Japan_007343.xml,test
Japan_004137.xml,test
Japan_000548.xml,test
Japan_007979.xml,test
Japan_002292.xml,test
Japan_009011.xml,test
Japan_012710.xml,test
Japan_003539.xml,test
Japan_005134.xml,test
Japan_008782.xml,test
Japan_012393.xml,test
Japan_012154.xml,test
Japan_011230.xml,test
Japan_007580.xml,test
Japan_004618.xml,test
Japan_007583.xml,test
Japan_012223.xml,test
Japan_010559.xml,test
Japan_003564.xml,test
Japan_008284.xml,test
Japan_005463.xml,test
Japan_011991.xml,test
Japan_011228.xml,test
Japan_007856.xml,test
Japan_005991.xml,test
Japan_003884.xml,test
Japan_009465.xml,test
Japan_003199.xml,test
Japan_005295.xml,test
Japan_006465.xml,test
Japan_008041.xml,test
Japan_001289.xml,test
Japan_000313.xml,test
Japan_010901.xml,test
Japan_003391.xml,test
Japan_009260.xml,test
Japan_006024.xml,test
Japan_008354.xml,test
Japan_000154.xml,test
Japan_004818.xml,test
Japan_012613.xml,test
Japan_003929.xml,test
Japan_007975.xml,test
Japan_008801.xml,test
Japan_010828.xml,test
Japan_004111.xml,test
Japan_005258.xml,test
Japan_009751.xml,test
Japan_010899.xml,test
Japan_000103.xml,test
Japan_006498.xml,test
Japan_005164.xml,test
Japan_005782.xml,test
Japan_011404.xml,test
Japan_001929.xml,test
Japan_009118.xml,test
Japan_003712.xml,test
Japan_005439.xml,test
Japan_012737.xml,test
Japan_009995.xml,test
Japan_009294.xml,test
Japan_004322.xml,test
Japan_008653.xml,test
Japan_004535.xml,test
Japan_005004.xml,test
Japan_001249.xml,test
Japan_003574.xml,test
Japan_001041.xml,test
Japan_008685.xml,test
Japan_004402.xml,test
Japan_013112.xml,test
Japan_008827.xml,test
Japan_002094.xml,test
Japan_008160.xml,test
Japan_003278.xml,test
Japan_000422.xml,test
Japan_011351.xml,test
Japan_011723.xml,test
Japan_011527.xml,test
Japan_011482.xml,test
Japan_012409.xml,test
Japan_011288.xml,test
Japan_005881.xml,test
Japan_009343.xml,test
Japan_002045.xml,test
Japan_008601.xml,test
Japan_003726.xml,test
Japan_009912.xml,test
Japan_007305.xml,test
Japan_005836.xml,test
Japan_001824.xml,test
Japan_004341.xml,test
Japan_011431.xml,test
Japan_002104.xml,test
Japan_012977.xml,test
Japan_002926.xml,test
Japan_006502.xml,test
Japan_000855.xml,test
Japan_004000.xml,test
Japan_013094.xml,test
Japan_007347.xml,test
Japan_006890.xml,test
Japan_005290.xml,test
Japan_002182.xml,test
Japan_006675.xml,test
Japan_001062.xml,test
Japan_006719.xml,test
Japan_009775.xml,test
Japan_002453.xml,test
Japan_011164.xml,test
Japan_010396.xml,test
Japan_001643.xml,test
Japan_001763.xml,test
Japan_012079.xml,test
Japan_005130.xml,test
Japan_007266.xml,test
Japan_010389.xml,test
Japan_005036.xml,test
Japan_007604.xml,test
Japan_011207.xml,test
Japan_002066.xml,test
Japan_000566.xml,test
Japan_007895.xml,test
Japan_012407.xml,test
Japan_002115.xml,test
Japan_000925.xml,test
Japan_011529.xml,test
Japan_005402.xml,test
Japan_002532.xml,test
Japan_010137.xml,test
Japan_006803.xml,test
Japan_006453.xml,test
Japan_008614.xml,test
Japan_012296.xml,test
Japan_011215.xml,test
Japan_012642.xml,test
Japan_013073.xml,test
Japan_007632.xml,test
Japan_010618.xml,test
Japan_010303.xml,test
Japan_013091.xml,test
Japan_010636.xml,test
Japan_000850.xml,test
Japan_010529.xml,test
Japan_012595.xml,test
Japan_009147.xml,test
Japan_008431.xml,test
Japan_000685.xml,test
Japan_004782.xml,test
Japan_007243.xml,test
Japan_008977.xml,test
Japan_009064.xml,test
Japan_001096.xml,test
Japan_010135.xml,test
Japan_002849.xml,test
Japan_003694.xml,test
Japan_009288.xml,test
Japan_013132.xml,test
Japan_004046.xml,test
Japan_011733.xml,test
Japan_005714.xml,test
Japan_002646.xml,test
Japan_006057.xml,test
Japan_007992.xml,test
Japan_006992.xml,test
Japan_012479.xml,test
Japan_007294.xml,test
Japan_010526.xml,test
Japan_005064.xml,test
Japan_002129.xml,test
Japan_005366.xml,test
Japan_010576.xml,test
Japan_007018.xml,test
Japan_011863.xml,test
Japan_007055.xml,test
Japan_006304.xml,test
Japan_012960.xml,test
Japan_003191.xml,test
Japan_011102.xml,test
Japan_003970.xml,test
Japan_012172.xml,test
Japan_004611.xml,test
Japan_003896.xml,test
Japan_002058.xml,test
Japan_005304.xml,test
Japan_007223.xml,test
Japan_001003.xml,test
Japan_003361.xml,test
Japan_005271.xml,test
Japan_011552.xml,test
Japan_012530.xml,test
Japan_007139.xml,test
Japan_000521.xml,test
Japan_012582.xml,test
Japan_001364.xml,test
Japan_001921.xml,test
Japan_005172.xml,test
Japan_005883.xml,test
Japan_002134.xml,test
Japan_007342.xml,test
Japan_002916.xml,test
Japan_004567.xml,test
Japan_013029.xml,test
Japan_011402.xml,test
Japan_009522.xml,test
Japan_001561.xml,test
Japan_007933.xml,test
Japan_006740.xml,test
Japan_004290.xml,test
Japan_001422.xml,test
Japan_005357.xml,test
Japan_003058.xml,test
Japan_000302.xml,test
Japan_011168.xml,test
Japan_000080.xml,test
Japan_006262.xml,test
Japan_012849.xml,test
Japan_006482.xml,test
Japan_006117.xml,test
Japan_009494.xml,test
Japan_005345.xml,test
Japan_007364.xml,test
Japan_008485.xml,test
Japan_011467.xml,test
Japan_009551.xml,test
Japan_009938.xml,test
Japan_012432.xml,test
Japan_006059.xml,test
Japan_012709.xml,test
Japan_007070.xml,test
Japan_009388.xml,test
Japan_004063.xml,test
Japan_012717.xml,test
Japan_005192.xml,test
Japan_001021.xml,test
Japan_004628.xml,test
Japan_009452.xml,test
Japan_000910.xml,test
Japan_007629.xml,test
Japan_007808.xml,test
Japan_012269.xml,test
Japan_011609.xml,test
Japan_006278.xml,test
Japan_000895.xml,test
Japan_009685.xml,test
Japan_007625.xml,test
Japan_011249.xml,test
Japan_000560.xml,test
Japan_001321.xml,test
Japan_010164.xml,test
Japan_008993.xml,test
Japan_008590.xml,test
Japan_008139.xml,test
Japan_006369.xml,test
Japan_003668.xml,test
Japan_007684.xml,test
Japan_008296.xml,test
Japan_010699.xml,test
Japan_010883.xml,test
Japan_001456.xml,test
Japan_008846.xml,test
Japan_001701.xml,test
Japan_000824.xml,test
Japan_003869.xml,test
Japan_011755.xml,test
Japan_001617.xml,test
Japan_007319.xml,test
Japan_010336.xml,test
Japan_007130.xml,test
Japan_008269.xml,test
Japan_002434.xml,test
Japan_012939.xml,test
Japan_005898.xml,test
Japan_001651.xml,test
Japan_009507.xml,test
Japan_000013.xml,test
Japan_000326.xml,test
Japan_004432.xml,test
Japan_007030.xml,test
Japan_004422.xml,test
Japan_009777.xml,test
Japan_009832.xml,test
Japan_000440.xml,test
Japan_010535.xml,test
Japan_002523.xml,test
Japan_008043.xml,test
Japan_006717.xml,test
Japan_001313.xml,test
Japan_004056.xml,test
Japan_010501.xml,test
Japan_010421.xml,test
Japan_004874.xml,test
Japan_004827.xml,test
Japan_007722.xml,test
Japan_008558.xml,test
Japan_000005.xml,test
Japan_005535.xml,test
Japan_000447.xml,test
Japan_011627.xml,test
Japan_004243.xml,test
Japan_010078.xml,test
Japan_010880.xml,test
Japan_008261.xml,test
Japan_011117.xml,test
Japan_012551.xml,test
Japan_006033.xml,test
Japan_008302.xml,test
Japan_010838.xml,test
Japan_011479.xml,test
Japan_000130.xml,test
Japan_009896.xml,test
Japan_008848.xml,test
Japan_012413.xml,test
Japan_010121.xml,test
Japan_004367.xml,test
Japan_004972.xml,test
Japan_001251.xml,test
Japan_010466.xml,test
Japan_006339.xml,test
Japan_003354.xml,test
Japan_010541.xml,test
Japan_001739.xml,test
Japan_006188.xml,test
Japan_004595.xml,test
Japan_007811.xml,test
Japan_000998.xml,test
Japan_012194.xml,test
Japan_011429.xml,test
Japan_003913.xml,test
Japan_004158.xml,test
Japan_002694.xml,test
Japan_006940.xml,test
Japan_006623.xml,test
Japan_001589.xml,test
Japan_001705.xml,test
Japan_001161.xml,test
Japan_004900.xml,test
Japan_008798.xml,test
Japan_009926.xml,test
Japan_007079.xml,test
Japan_007011.xml,test
Japan_009410.xml,test
Japan_002536.xml,test
Japan_004172.xml,test
Japan_006569.xml,test
Japan_006234.xml,test
Japan_002161.xml,test
Japan_002117.xml,test
Japan_001156.xml,test
Japan_007107.xml,test
Japan_011554.xml,test
Japan_007153.xml,test
Japan_003887.xml,test
Japan_010299.xml,test
Japan_010571.xml,test
Japan_012474.xml,test
Japan_003270.xml,test
Japan_001637.xml,test
Japan_002721.xml,test
Japan_011511.xml,test
Japan_000065.xml,test
Japan_005984.xml,test
Japan_011548.xml,test
Japan_011172.xml,test
Japan_004417.xml,test
Japan_007658.xml,test
Japan_000508.xml,test
Japan_011562.xml,test
Japan_000361.xml,test
Japan_011663.xml,test
Japan_000420.xml,test
Japan_008644.xml,test
Japan_002857.xml,test
Japan_000722.xml,test
Japan_005865.xml,test
Japan_002553.xml,test
Japan_007784.xml,test
Japan_000468.xml,test
Japan_007738.xml,test
Japan_000189.xml,test
Japan_003910.xml,test
Japan_003914.xml,test
Japan_000081.xml,test
Japan_011147.xml,test
Japan_004778.xml,test
Japan_008006.xml,test
Japan_012164.xml,test
Japan_011162.xml,test
Japan_011171.xml,test
Japan_004405.xml,test
Japan_006080.xml,test
Japan_012846.xml,test
Japan_000780.xml,test
Japan_011967.xml,test
Japan_002642.xml,test
Japan_007082.xml,test
Japan_012461.xml,test
Japan_009243.xml,test
Japan_005753.xml,test
Japan_011353.xml,test
Japan_000936.xml,test
Japan_006997.xml,test
Japan_000616.xml,test
Japan_004708.xml,test
Japan_010672.xml,test
Japan_012489.xml,test
Japan_008759.xml,test
Japan_007624.xml,test
Japan_008045.xml,test
Japan_002107.xml,test
Japan_011335.xml,test
Japan_007702.xml,test
Japan_004213.xml,test
Japan_012485.xml,test
Japan_005261.xml,test
Japan_003060.xml,test
Japan_013072.xml,test
Japan_004876.xml,test
Japan_011444.xml,test
Japan_012912.xml,test
Japan_000480.xml,test
Japan_009854.xml,test
Japan_011233.xml,test
Japan_012765.xml,test
Japan_002899.xml,test
Japan_008714.xml,test
Japan_010558.xml,test
Japan_009793.xml,test
Japan_007012.xml,test
Japan_007045.xml,test
Japan_006169.xml,test
Japan_006306.xml,test
Japan_002833.xml,test
Japan_011057.xml,test
Japan_007147.xml,test
Japan_000635.xml,test
Japan_011347.xml,test
Japan_011675.xml,test
Japan_011104.xml,test
Japan_012162.xml,test
Japan_012638.xml,test
Japan_004820.xml,test
Japan_010864.xml,test
Japan_007123.xml,test
Japan_004022.xml,test
Japan_003990.xml,test
Japan_000216.xml,test
Japan_005903.xml,test
Japan_009319.xml,test
Japan_004896.xml,test
Japan_010420.xml,test
Japan_008328.xml,test
Japan_011011.xml,test
Japan_000580.xml,test
Japan_010278.xml,test
Japan_012200.xml,test
Japan_011108.xml,test
Japan_009245.xml,test
Japan_012682.xml,test
Japan_004189.xml,test
Japan_010620.xml,test
Japan_006932.xml,test
Japan_000489.xml,test
Japan_003330.xml,test
Japan_012275.xml,test
Japan_002892.xml,test
Japan_009801.xml,test
Japan_010954.xml,test
Japan_004083.xml,test
Japan_005100.xml,test
Japan_001514.xml,test
Japan_007721.xml,test
Japan_004694.xml,test
Japan_009213.xml,test
Japan_011870.xml,test
Japan_006711.xml,test
Japan_012140.xml,test
Japan_000632.xml,test
Japan_000846.xml,test
Japan_008454.xml,test
Japan_010718.xml,test
Japan_003556.xml,test
Japan_002308.xml,test
Japan_006878.xml,test
Japan_010987.xml,test
Japan_006984.xml,test
Japan_012770.xml,test
Japan_001992.xml,test
Japan_007488.xml,test
Japan_011414.xml,test
Japan_011693.xml,test
Japan_011568.xml,test
Japan_012113.xml,test
Japan_001282.xml,test
Japan_009593.xml,test
Japan_006593.xml,test
Japan_006106.xml,test
Japan_011322.xml,test
Japan_010084.xml,test
Japan_000449.xml,test
Japan_008188.xml,test
Japan_009477.xml,test
Japan_001174.xml,test
Japan_000118.xml,test
Japan_002731.xml,test
Japan_005621.xml,test
Japan_000641.xml,test
Japan_000889.xml,test
Japan_005370.xml,test
Japan_001978.xml,test
Japan_010948.xml,test
Japan_011914.xml,test
Japan_011542.xml,test
Japan_012458.xml,test
Japan_010835.xml,test
Japan_001257.xml,test
Japan_001407.xml,test
Japan_009784.xml,test
Japan_007857.xml,test
Japan_011655.xml,test
Japan_002048.xml,test
Japan_002963.xml,test
Japan_000074.xml,test
Japan_010705.xml,test
Japan_008426.xml,test
Japan_006229.xml,test
Japan_003035.xml,test
Japan_010857.xml,test
Japan_012573.xml,test
Japan_000115.xml,test
Japan_010851.xml,test
Japan_001793.xml,test
Japan_001807.xml,test
Japan_005448.xml,test
Japan_001529.xml,test
Japan_006516.xml,test
Japan_009525.xml,test
Japan_005183.xml,test
Japan_002865.xml,test
Japan_009378.xml,test
Japan_000575.xml,test
Japan_009330.xml,test
Japan_008109.xml,test
Japan_007699.xml,test
Japan_009206.xml,test
Japan_006560.xml,test
Japan_005158.xml,test
Japan_001910.xml,test
Japan_004770.xml,test
Japan_012125.xml,test
Japan_001730.xml,test
Japan_009188.xml,test
Japan_008158.xml,test
Japan_004352.xml,test
Japan_011887.xml,test
Japan_009619.xml,test
Japan_009411.xml,test
Japan_008704.xml,test
Japan_005421.xml,test
Japan_001264.xml,test
Japan_012704.xml,test
Japan_005317.xml,test
Japan_004069.xml,test
Japan_011326.xml,test
Japan_007981.xml,test
Japan_011175.xml,test
Japan_004679.xml,test
Japan_005501.xml,test
Japan_009427.xml,test
Japan_007984.xml,test
Japan_001700.xml,test
Japan_010171.xml,test
Japan_000245.xml,test
Japan_005530.xml,test
Japan_009726.xml,test
Japan_008593.xml,test
Japan_000546.xml,test
Japan_005541.xml,test
Japan_005481.xml,test
Japan_001940.xml,test
Japan_009719.xml,test
Japan_005518.xml,test
Japan_008019.xml,test
Japan_010433.xml,test
Japan_001662.xml,test
Japan_005647.xml,test
Japan_008727.xml,test
Japan_010442.xml,test
Japan_000162.xml,test
Japan_005475.xml,test
Japan_000375.xml,test
Japan_011744.xml,test
Japan_004002.xml,test
Japan_000840.xml,test
Japan_009127.xml,test
Japan_005850.xml,test
Japan_000350.xml,test
Japan_012556.xml,test
Japan_010217.xml,test
Japan_001930.xml,test
Japan_009588.xml,test
Japan_003502.xml,test
Japan_002498.xml,test
Japan_003090.xml,test
Japan_003365.xml,test
Japan_002100.xml,test
Japan_006172.xml,test
Japan_000062.xml,test
Japan_004287.xml,test
Japan_006657.xml,test
Japan_009628.xml,test
Japan_009384.xml,test
Japan_004570.xml,test
Japan_002259.xml,test
Japan_013051.xml,test
Japan_000703.xml,test
Japan_008124.xml,test
Japan_002442.xml,test
Japan_003631.xml,test
Japan_011224.xml,test
Japan_004897.xml,test
Japan_004613.xml,test
Japan_011599.xml,test
Japan_002826.xml,test
Japan_004606.xml,test
Japan_010971.xml,test
Japan_000554.xml,test
Japan_006725.xml,test
Japan_011815.xml,test
Japan_004354.xml,test
Japan_005810.xml,test
Japan_012166.xml,test
Japan_009734.xml,test
Japan_011804.xml,test
Japan_008524.xml,test
Japan_002519.xml,test
Japan_012583.xml,test
Japan_001790.xml,test
Japan_000836.xml,test
Japan_003821.xml,test
Japan_006157.xml,test
Japan_011281.xml,test
Japan_008062.xml,test
Japan_010264.xml,test
Japan_009013.xml,test
Japan_005403.xml,test
Japan_001889.xml,test
Japan_003009.xml,test
Japan_006545.xml,test
Japan_007678.xml,test
Japan_008065.xml,test
Japan_007704.xml,test
Japan_002928.xml,test
Japan_010707.xml,test
Japan_010120.xml,test
Japan_005678.xml,test
Japan_007676.xml,test
Japan_010587.xml,test
Japan_003149.xml,test
Japan_004008.xml,test
Japan_006123.xml,test
Japan_002779.xml,test
Japan_005840.xml,test
Japan_000196.xml,test
Japan_011957.xml,test
Japan_005359.xml,test
Japan_010052.xml,test
Japan_008748.xml,test
Japan_011706.xml,test
Japan_005151.xml,test
Japan_007455.xml,test
Japan_007623.xml,test
Japan_008195.xml,test
Japan_012295.xml,test
Japan_008911.xml,test
Japan_005576.xml,test
Japan_010408.xml,test
Japan_000590.xml,test
Japan_010647.xml,test
Japan_001033.xml,test
Japan_002128.xml,test
Japan_002120.xml,test
Japan_011329.xml,test
Japan_010518.xml,test
Japan_006187.xml,test
Japan_004975.xml,test
Japan_003290.xml,test
Japan_007941.xml,test
Japan_010977.xml,test
Japan_010020.xml,test
Japan_007046.xml,test
Japan_005560.xml,test
Japan_009814.xml,test
Japan_005077.xml,test
Japan_001809.xml,test
Japan_002552.xml,test
Japan_000523.xml,test
Japan_003219.xml,test
Japan_002663.xml,test
Japan_011161.xml,test
Japan_000615.xml,test
Japan_011580.xml,test
Japan_012048.xml,test
Japan_005218.xml,test
Japan_007027.xml,test
Japan_011920.xml,test
Japan_007282.xml,test
Japan_001999.xml,test
Japan_011053.xml,test
Japan_002933.xml,test
Japan_008791.xml,test
Japan_011477.xml,test
Japan_009618.xml,test
Japan_008730.xml,test
Japan_000898.xml,test
Japan_004554.xml,test
Japan_000974.xml,test
Japan_009534.xml,test
Japan_008792.xml,test
Japan_011313.xml,test
Japan_004363.xml,test
Japan_000077.xml,test
Japan_008862.xml,test
Japan_009433.xml,test
Japan_004866.xml,test
Japan_007167.xml,test
Japan_007314.xml,test
Japan_005617.xml,test
Japan_001413.xml,test
Japan_004105.xml,test
Japan_009491.xml,test
Japan_012640.xml,test
Japan_009329.xml,test
Japan_013063.xml,test
Japan_005488.xml,test
Japan_001943.xml,test
Japan_001605.xml,test
Japan_002016.xml,test
Japan_008361.xml,test
Japan_005863.xml,test
Japan_012435.xml,test
Japan_009750.xml,test
Japan_003947.xml,test
Japan_005054.xml,test
Japan_006972.xml,test
Japan_012053.xml,test
Japan_010645.xml,test
Japan_000219.xml,test
Japan_004472.xml,test
Japan_008015.xml,test
Japan_005021.xml,test
Japan_008300.xml,test
Japan_006089.xml,test
Japan_002198.xml,test
Japan_004101.xml,test
Japan_002672.xml,test
Japan_001554.xml,test
Japan_008224.xml,test
Japan_001060.xml,test
Japan_008939.xml,test
Japan_002618.xml,test
Japan_011785.xml,test
Japan_005721.xml,test
Japan_005712.xml,test
Japan_003256.xml,test
Japan_009666.xml,test
Japan_000259.xml,test
Japan_006415.xml,test
Japan_003658.xml,test
Japan_004191.xml,test
Japan_007336.xml,test
Japan_009129.xml,test
Japan_004296.xml,test
Japan_001012.xml,test
Japan_001600.xml,test
Japan_000428.xml,test
Japan_012381.xml,test
Japan_005925.xml,test
Japan_009047.xml,test
Japan_003600.xml,test
Japan_002368.xml,test
Japan_002657.xml,test
Japan_007051.xml,test
Japan_004164.xml,test
Japan_007458.xml,test
Japan_007187.xml,test
Japan_006537.xml,test
Japan_003550.xml,test
Japan_004809.xml,test
Japan_001305.xml,test
Japan_002195.xml,test
Japan_001334.xml,test
Japan_008508.xml,test
Japan_003089.xml,test
Japan_003095.xml,test
Japan_006192.xml,test
Japan_007915.xml,test
Japan_006634.xml,test
Japan_009828.xml,test
Japan_003375.xml,test
Japan_011640.xml,test
Japan_010215.xml,test
Japan_007512.xml,test
Japan_000014.xml,test
Japan_005228.xml,test
Japan_004268.xml,test
Japan_000292.xml,test
Japan_011877.xml,test
Japan_010788.xml,test
Japan_010992.xml,test
Japan_003721.xml,test
Japan_008152.xml,test
Japan_010126.xml,test
Japan_005206.xml,test
Japan_007982.xml,test
Japan_008912.xml,test
Japan_000205.xml,test
Japan_006316.xml,test
Japan_001037.xml,test
Japan_000285.xml,test
Japan_001111.xml,test
Japan_010372.xml,test
Japan_008660.xml,test
Japan_006679.xml,test
Japan_001129.xml,test
Japan_001914.xml,test
Japan_001000.xml,test
Japan_010549.xml,test
Japan_009609.xml,test
Japan_003262.xml,test
Japan_005308.xml,test
Japan_002137.xml,test
Japan_001444.xml,test
Japan_004397.xml,test
Japan_000273.xml,test
Japan_007219.xml,test
Japan_001382.xml,test
Japan_001043.xml,test
Japan_006107.xml,test
Japan_012855.xml,test
Japan_010358.xml,test
Japan_010434.xml,test
Japan_000917.xml,test
Japan_005409.xml,test
Japan_000667.xml,test
Japan_011965.xml,test
Japan_012857.xml,test
Japan_000897.xml,test
Japan_006938.xml,test
Japan_007338.xml,test
Japan_004584.xml,test
Japan_001061.xml,test
Japan_012036.xml,test
Japan_012523.xml,test
Japan_007839.xml,test
Japan_009152.xml,test
Japan_005631.xml,test
Japan_005705.xml,test
Japan_011218.xml,test
Japan_006968.xml,test
Japan_003596.xml,test
Japan_005887.xml,test
Japan_007078.xml,test
Japan_009026.xml,test
Japan_012660.xml,test
Japan_002424.xml,test
Japan_010395.xml,test
Japan_007731.xml,test
Japan_007048.xml,test
Japan_005055.xml,test
Japan_010802.xml,test
Japan_001217.xml,test
Japan_006818.xml,test
Japan_004115.xml,test
Japan_005236.xml,test
Japan_005651.xml,test
Japan_002139.xml,test
Japan_003029.xml,test
Japan_010548.xml,test
Japan_001893.xml,test
Japan_012683.xml,test
Japan_003115.xml,test
Japan_003845.xml,test
Japan_003403.xml,test
Japan_006704.xml,test
Japan_003506.xml,test
Japan_007114.xml,test
Japan_003304.xml,test
Japan_010295.xml,test
Japan_006038.xml,test
Japan_008738.xml,test
Japan_006573.xml,test
Japan_009063.xml,test
Japan_003870.xml,test
Japan_000646.xml,test
Japan_012514.xml,test
Japan_012596.xml,test
Japan_001860.xml,test
Japan_009904.xml,test
Japan_006723.xml,test
Japan_001926.xml,test
Japan_008151.xml,test
Japan_007217.xml,test
Japan_008522.xml,test
Japan_009050.xml,test
Japan_002034.xml,test
Japan_008722.xml,test
Japan_000268.xml,test
Japan_001487.xml,test
Japan_002335.xml,test
Japan_010737.xml,test
Japan_004173.xml,test
Japan_005579.xml,test
Japan_007322.xml,test
Japan_011386.xml,test
Japan_007652.xml,test
Japan_011299.xml,test
Japan_004316.xml,test
Japan_001007.xml,test
Japan_009215.xml,test
Japan_010744.xml,test
Japan_006043.xml,test
Japan_010368.xml,test
Japan_012149.xml,test
Japan_010663.xml,test
Japan_000046.xml,test
Japan_008439.xml,test
Japan_006802.xml,test
Japan_003387.xml,test
Japan_009175.xml,test
Japan_011139.xml,test
Japan_002576.xml,test
Japan_010146.xml,test
Japan_003722.xml,test
Japan_011140.xml,test
Japan_012460.xml,test
Japan_006018.xml,test
Japan_003302.xml,test
Japan_005889.xml,test
Japan_012439.xml,test
Japan_010927.xml,test
Japan_004952.xml,test
Japan_009424.xml,test
Japan_011783.xml,test
Japan_009109.xml,test
Japan_005731.xml,test
Japan_004881.xml,test
Japan_002969.xml,test
Japan_013109.xml,test
Japan_008470.xml,test
Japan_004828.xml,test
Japan_006312.xml,test
Japan_009146.xml,test
Japan_008790.xml,test
Japan_003279.xml,test
Japan_005529.xml,test
Japan_012742.xml,test
Japan_009806.xml,test
Japan_011094.xml,test
Japan_010976.xml,test
Japan_001995.xml,test
Japan_011507.xml,test
Japan_010101.xml,test
Japan_011539.xml,test
Japan_003646.xml,test
Japan_012971.xml,test
Japan_004014.xml,test
Japan_001804.xml,test
Japan_004427.xml,test
Japan_000779.xml,test
Japan_010708.xml,test
Japan_007529.xml,test
Japan_001579.xml,test
Japan_004861.xml,test
Japan_003399.xml,test
Japan_002253.xml,test
Japan_011446.xml,test
Japan_002278.xml,test
Japan_008884.xml,test
Japan_004283.xml,test
Japan_012468.xml,test
Japan_006293.xml,test
Japan_012828.xml,test
Japan_005000.xml,test
Japan_003941.xml,test
Japan_012749.xml,test
Japan_000404.xml,test
Japan_010516.xml,test
Japan_005069.xml,test
Japan_007786.xml,test
Japan_003127.xml,test
Japan_005418.xml,test
Japan_011227.xml,test
Japan_011909.xml,test
Japan_000114.xml,test
Japan_007073.xml,test
Japan_005604.xml,test
Japan_007920.xml,test
Japan_005885.xml,test
Japan_000550.xml,test
Japan_006971.xml,test
Japan_011688.xml,test
Japan_009408.xml,test
Japan_003088.xml,test
Japan_013016.xml,test
Japan_002464.xml,test
Japan_010147.xml,test
Japan_003950.xml,test
Japan_010138.xml,test
Japan_008351.xml,test
Japan_011869.xml,test
Japan_002190.xml,test
Japan_003518.xml,test
Japan_012067.xml,test
Japan_004369.xml,test
Japan_011389.xml,test
Japan_001402.xml,test
Japan_008733.xml,test
Japan_010489.xml,test
Japan_011087.xml,test
Japan_003560.xml,test
Japan_004747.xml,test
Japan_005301.xml,test
Japan_009964.xml,test
Japan_005723.xml,test
Japan_011969.xml,test
Japan_004271.xml,test
Japan_004559.xml,test
Japan_010007.xml,test
Japan_009352.xml,test
Japan_006093.xml,test
Japan_002074.xml,test
Japan_001017.xml,test
Japan_007398.xml,test
Japan_012168.xml,test
Japan_005563.xml,test
Japan_005136.xml,test
Japan_007277.xml,test
Japan_005099.xml,test
Japan_002122.xml,test
Japan_000230.xml,test
Japan_009884.xml,test
Japan_001254.xml,test
Japan_005483.xml,test
Japan_003412.xml,test
Japan_008589.xml,test
Japan_006590.xml,test
Japan_008910.xml,test
Japan_009423.xml,test
Japan_000841.xml,test
Japan_000415.xml,test
Japan_001085.xml,test
Japan_006772.xml,test
Japan_005017.xml,test
Japan_011970.xml,test
Japan_005260.xml,test
Japan_008235.xml,test
Japan_002426.xml,test
Japan_003803.xml,test
Japan_012887.xml,test
Japan_011806.xml,test
Japan_003715.xml,test
Japan_001985.xml,test
Japan_012404.xml,test
Japan_010269.xml,test
Japan_006279.xml,test
Japan_011317.xml,test
Japan_005293.xml,test
Japan_009573.xml,test
Japan_002697.xml,test
Japan_002323.xml,test
Japan_000822.xml,test
Japan_000100.xml,test
Japan_004735.xml,test
Japan_002581.xml,test
Japan_007212.xml,test
Japan_002429.xml,test
Japan_009956.xml,test
Japan_001024.xml,test
Japan_006115.xml,test
Japan_008475.xml,test
Japan_006800.xml,test
Japan_011874.xml,test
Japan_001462.xml,test
Japan_011709.xml,test
Japan_010415.xml,test
Japan_002231.xml,test
Japan_010096.xml,test
Japan_002873.xml,test
Japan_003275.xml,test
Japan_003696.xml,test
Japan_010098.xml,test
Japan_009542.xml,test
Japan_008914.xml,test
Japan_006037.xml,test
Japan_010773.xml,test
Japan_006466.xml,test
Japan_003134.xml,test
Japan_003991.xml,test
Japan_011801.xml,test
Japan_002201.xml,test
Japan_008518.xml,test
Japan_002806.xml,test
Japan_005751.xml,test
Japan_009049.xml,test
Japan_000671.xml,test
Japan_008550.xml,test
Japan_001144.xml,test
Japan_002269.xml,test
Japan_007261.xml,test
Japan_008191.xml,test
Japan_003154.xml,test
Japan_004742.xml,test
Japan_010840.xml,test
Japan_006430.xml,test
Japan_005842.xml,test
Japan_007320.xml,test
Japan_002273.xml,test
Japan_004520.xml,test
Japan_000783.xml,test
Japan_000964.xml,test
Japan_001835.xml,test
Japan_001450.xml,test
Japan_012755.xml,test
Japan_012276.xml,test
Japan_001927.xml,test
Japan_004574.xml,test
Japan_000643.xml,test
Japan_011761.xml,test
Japan_004804.xml,test
Japan_010062.xml,test
Japan_001039.xml,test
Japan_000929.xml,test
Japan_005494.xml,test
Japan_003047.xml,test
Japan_003843.xml,test
Japan_002394.xml,test
Japan_008874.xml,test
Japan_005854.xml,test
Japan_005255.xml,test
Japan_006351.xml,test
Japan_008051.xml,test
Japan_006412.xml,test
Japan_009893.xml,test
Japan_011273.xml,test
Japan_010486.xml,test
Japan_005331.xml,test
Japan_000612.xml,test
Japan_010064.xml,test
Japan_009448.xml,test
Japan_008142.xml,test
Japan_011701.xml,test
Japan_000918.xml,test
Japan_003965.xml,test
Japan_002831.xml,test
Japan_002794.xml,test
Japan_011579.xml,test
Japan_004204.xml,test
Japan_011328.xml,test
Japan_006884.xml,test
Japan_005003.xml,test
Japan_001352.xml,test
Japan_010770.xml,test
Japan_001562.xml,test
Japan_005220.xml,test
Japan_001843.xml,test
Japan_002632.xml,test
Japan_010730.xml,test
Japan_008831.xml,test
Japan_008150.xml,test
Japan_008766.xml,test
Japan_009357.xml,test
Japan_009999.xml,test
Japan_008919.xml,test
Japan_010342.xml,test
Japan_006410.xml,test
Japan_011078.xml,test
Japan_006493.xml,test
Japan_008444.xml,test
Japan_001073.xml,test
Japan_000513.xml,test
Japan_007087.xml,test
Japan_008640.xml,test
Japan_002946.xml,test
Japan_002569.xml,test
Japan_002530.xml,test
Japan_009308.xml,test
Japan_007450.xml,test
Japan_010028.xml,test
Japan_009702.xml,test
Japan_010798.xml,test
Japan_010596.xml,test
Japan_000229.xml,test
Japan_006647.xml,test
Japan_005076.xml,test
Japan_000915.xml,test
Japan_011623.xml,test
Japan_003370.xml,test
Japan_006720.xml,test
Japan_010709.xml,test
Japan_009103.xml,test
Japan_004656.xml,test
Japan_003030.xml,test
Japan_010187.xml,test
Japan_008231.xml,test
Japan_000461.xml,test
Japan_011757.xml,test
Japan_003377.xml,test
Japan_010879.xml,test
Japan_002890.xml,test
Japan_013117.xml,test
Japan_005954.xml,test
Japan_010445.xml,test
Japan_008743.xml,test
Japan_007010.xml,test
Japan_012390.xml,test
Japan_012919.xml,test
Japan_004777.xml,test
Japan_010463.xml,test
Japan_006445.xml,test
Japan_004847.xml,test
Japan_004023.xml,test
Japan_011241.xml,test
Japan_001141.xml,test
Japan_003975.xml,test
Japan_006190.xml,test
Japan_003337.xml,test
Japan_010574.xml,test
Japan_009440.xml,test
Japan_010284.xml,test
Japan_010019.xml,test
Japan_005808.xml,test
Japan_006294.xml,test
Japan_006909.xml,test
Japan_010830.xml,test
Japan_010722.xml,test
Japan_002030.xml,test
Japan_012030.xml,test
Japan_011925.xml,test
Japan_004541.xml,test
Japan_011113.xml,test
Japan_000787.xml,test
Japan_012453.xml,test
Japan_004839.xml,test
Japan_006536.xml,test
Japan_002861.xml,test
Japan_007460.xml,test
Japan_005888.xml,test
Japan_000650.xml,test
Japan_005478.xml,test
Japan_008257.xml,test
Japan_006664.xml,test
Japan_004610.xml,test
Japan_005428.xml,test
Japan_010191.xml,test
Japan_012050.xml,test
Japan_008254.xml,test
Japan_006551.xml,test
Japan_007527.xml,test
Japan_005264.xml,test
Japan_000010.xml,test
Japan_003402.xml,test
Japan_005098.xml,test
Japan_000594.xml,test
Japan_006067.xml,test
Japan_007967.xml,test
Japan_012301.xml,test
Japan_005623.xml,test
Japan_009998.xml,test
Japan_001942.xml,test
Japan_011111.xml,test
Japan_004797.xml,test
Japan_006344.xml,test
Japan_007201.xml,test
Japan_008661.xml,test
Japan_012890.xml,test
Japan_005774.xml,test
Japan_013107.xml,test
Japan_008530.xml,test
Japan_008580.xml,test
Japan_005658.xml,test
Japan_011727.xml,test
Japan_011271.xml,test
Japan_009249.xml,test
Japan_001215.xml,test
Japan_002648.xml,test
Japan_010550.xml,test
Japan_006170.xml,test
Japan_006330.xml,test
Japan_007049.xml,test
Japan_004959.xml,test
Japan_007233.xml,test
Japan_007591.xml,test
Japan_007571.xml,test
Japan_012084.xml,test
Japan_006487.xml,test
Japan_000368.xml,test
Japan_006325.xml,test
Japan_006712.xml,test
Japan_005901.xml,test
Japan_005519.xml,test
Japan_006310.xml,test
Japan_002389.xml,test
Japan_010654.xml,test
Japan_010236.xml,test
Japan_005532.xml,test
Japan_004781.xml,test
Japan_001231.xml,test
Japan_004668.xml,test
Japan_001980.xml,test
Japan_002185.xml,test
Japan_011409.xml,test
Japan_004141.xml,test
Japan_012410.xml,test
Japan_000095.xml,test
Japan_010515.xml,test
Japan_007054.xml,test
Japan_010544.xml,test
Japan_005734.xml,test
Japan_012793.xml,test
Japan_011754.xml,test
Japan_009499.xml,test
Japan_012653.xml,test
Japan_013070.xml,test
Japan_010537.xml,test
Japan_001566.xml,test
Japan_000318.xml,test
Japan_010693.xml,test
Japan_011436.xml,test
Japan_008811.xml,test
Japan_001952.xml,test
Japan_010483.xml,test
Japan_007423.xml,test
Japan_004768.xml,test
Japan_000385.xml,test
Japan_010305.xml,test
Japan_002206.xml,test
Japan_004009.xml,test
Japan_003209.xml,test
Japan_010072.xml,test
Japan_004450.xml,test
Japan_009536.xml,test
Japan_002811.xml,test
Japan_006473.xml,test
Japan_012127.xml,test
Japan_011937.xml,test
Japan_010639.xml,test
Japan_008177.xml,test
Japan_000264.xml,test
Japan_007641.xml,test
Japan_001333.xml,test
Japan_008283.xml,test
Japan_008417.xml,test
Japan_002333.xml,test
Japan_006589.xml,test
Japan_009928.xml,test
Japan_007376.xml,test
Japan_001899.xml,test
Japan_005491.xml,test
Japan_009847.xml,test
Japan_005708.xml,test
Japan_002761.xml,test
Japan_003111.xml,test
Japan_000316.xml,test
Japan_007973.xml,test
Japan_004759.xml,test
Japan_005205.xml,test
Japan_004286.xml,test
Japan_001330.xml,test
Japan_005424.xml,test
Japan_001922.xml,test
Japan_007195.xml,test
Japan_006956.xml,test
Japan_004582.xml,test
Japan_004844.xml,test
Japan_011918.xml,test
Japan_009096.xml,test
Japan_003794.xml,test
Japan_003324.xml,test
Japan_001460.xml,test
Japan_012443.xml,test
Japan_004323.xml,test
Japan_000394.xml,test
Japan_001806.xml,test
Japan_011895.xml,test
Japan_010324.xml,test
Japan_010388.xml,test
Japan_009873.xml,test
Japan_011876.xml,test
Japan_002433.xml,test
Japan_002739.xml,test
Japan_001259.xml,test
Japan_000832.xml,test
Japan_008817.xml,test
Japan_003063.xml,test
Japan_009014.xml,test
Japan_011653.xml,test
Japan_002400.xml,test
Japan_011003.xml,test
Japan_002365.xml,test
Japan_006903.xml,test
Japan_013035.xml,test
Japan_010157.xml,test
Japan_002179.xml,test
Japan_000922.xml,test
Japan_008075.xml,test
Japan_001909.xml,test
Japan_008502.xml,test
Japan_004801.xml,test
Japan_000688.xml,test
Japan_012576.xml,test
Japan_012830.xml,test
Japan_012854.xml,test
Japan_005612.xml,test
Japan_007994.xml,test
Japan_007799.xml,test
Japan_009797.xml,test
Japan_003836.xml,test
Japan_009558.xml,test
Japan_002035.xml,test
Japan_002044.xml,test
Japan_001188.xml,test
Japan_005833.xml,test
Japan_000931.xml,test
Japan_012317.xml,test
Japan_001784.xml,test
Japan_000601.xml,test
Japan_003259.xml,test
Japan_012304.xml,test
Japan_012842.xml,test
Japan_011660.xml,test
Japan_001284.xml,test
Japan_002189.xml,test
Japan_007546.xml,test
Japan_010488.xml,test
Japan_011051.xml,test
Japan_007904.xml,test
Japan_008208.xml,test
Japan_008970.xml,test
Japan_000784.xml,test
Japan_008581.xml,test
Japan_002875.xml,test
Japan_012072.xml,test
Japan_002348.xml,test
Japan_003122.xml,test
Japan_004444.xml,test
Japan_012017.xml,test
Japan_009012.xml,test
Japan_007403.xml,test
Japan_001692.xml,test
Japan_011258.xml,test
Japan_012309.xml,test
Japan_002836.xml,test
Japan_004167.xml,test
Japan_007789.xml,test
Japan_002847.xml,test
Japan_005920.xml,test
Japan_012159.xml,test
Japan_000378.xml,test
Japan_005601.xml,test
Japan_003961.xml,test
Japan_012279.xml,test
Japan_010527.xml,test
Japan_011400.xml,test
Japan_009137.xml,test
Japan_012882.xml,test
Japan_010239.xml,test
Japan_000416.xml,test
Japan_004581.xml,test
Japan_009400.xml,test
Japan_012657.xml,test
Japan_008348.xml,test
Japan_007592.xml,test
Japan_006223.xml,test
Japan_008032.xml,test
Japan_003594.xml,test
Japan_003620.xml,test
Japan_005073.xml,test
Japan_002301.xml,test
Japan_011068.xml,test
Japan_006122.xml,test
Japan_001431.xml,test
Japan_001100.xml,test
Japan_004028.xml,test
Japan_001354.xml,test
Japan_007858.xml,test
Japan_003163.xml,test
Japan_009076.xml,test
Japan_001551.xml,test
Japan_004841.xml,test
Japan_010027.xml,test
Japan_009732.xml,test
Japan_004568.xml,test
Japan_001190.xml,test
Japan_011563.xml,test
Japan_001075.xml,test
Japan_010999.xml,test
Japan_009705.xml,test
Japan_002542.xml,test
Japan_005780.xml,test
Japan_009148.xml,test
Japan_001680.xml,test
Japan_007720.xml,test
Japan_005430.xml,test
Japan_001171.xml,test
Japan_008958.xml,test
Japan_010530.xml,test
Japan_010850.xml,test
Japan_008128.xml,test
Japan_011702.xml,test
Japan_001475.xml,test
Japan_006591.xml,test
Japan_009830.xml,test
Japan_012724.xml,test
Japan_007972.xml,test
Japan_002653.xml,test
Japan_003545.xml,test
Japan_003544.xml,test
Japan_010365.xml,test
Japan_003820.xml,test
Japan_012152.xml,test
Japan_001920.xml,test
Japan_003338.xml,test
Japan_000871.xml,test
Japan_001307.xml,test
Japan_003344.xml,test
Japan_005387.xml,test
Japan_000254.xml,test
Japan_008562.xml,test
Japan_009277.xml,test
Japan_010563.xml,test
Japan_003164.xml,test
Japan_005622.xml,test
Japan_004289.xml,test
Japan_002307.xml,test
Japan_010225.xml,test
Japan_012695.xml,test
Japan_002504.xml,test
Japan_001228.xml,test
Japan_010188.xml,test
Japan_004080.xml,test
Japan_000993.xml,test
Japan_006241.xml,test
Japan_009187.xml,test
Japan_001298.xml,test
Japan_002889.xml,test
Japan_008276.xml,test
Japan_010632.xml,test
Japan_011859.xml,test
Japan_004696.xml,test
Japan_004784.xml,test
Japan_012593.xml,test
Japan_005728.xml,test
Japan_008870.xml,test
Japan_011234.xml,test
Japan_007213.xml,test
Japan_006088.xml,test
Japan_003120.xml,test
Japan_004321.xml,test
Japan_008310.xml,test
Japan_007665.xml,test
Japan_005309.xml,test
Japan_004862.xml,test
Japan_003200.xml,test
Japan_003822.xml,test
Japan_007515.xml,test
Japan_008280.xml,test
Japan_010311.xml,test
Japan_002459.xml,test
Japan_001831.xml,test
Japan_011506.xml,test
Japan_006930.xml,test
Japan_004731.xml,test
Japan_004719.xml,test
Japan_009511.xml,test
Japan_005902.xml,test
Japan_012330.xml,test
Japan_005410.xml,test
Japan_001071.xml,test
Japan_009794.xml,test
Japan_003857.xml,test
Japan_004531.xml,test
Japan_002438.xml,test
Japan_008230.xml,test
Japan_000506.xml,test
Japan_007234.xml,test
Japan_005190.xml,test
Japan_007796.xml,test
Japan_006759.xml,test
Japan_009961.xml,test
Japan_007556.xml,test
Japan_003019.xml,test
Japan_011371.xml,test
Japan_006035.xml,test
Japan_004482.xml,test
Japan_002208.xml,test
Japan_007110.xml,test
Japan_002383.xml,test
Japan_004787.xml,test
Japan_009646.xml,test
Japan_002162.xml,test
Japan_003398.xml,test
Japan_009426.xml,test
Japan_009292.xml,test
Japan_011680.xml,test
Japan_000187.xml,test
Japan_008433.xml,test
Japan_011007.xml,test
Japan_011910.xml,test
Japan_002101.xml,test
Japan_009221.xml,test
Japan_006191.xml,test
Japan_011440.xml,test
Japan_002640.xml,test
Japan_006488.xml,test
Japan_009870.xml,test
Japan_012478.xml,test
Japan_009811.xml,test
Japan_012838.xml,test
Japan_006542.xml,test
Japan_004748.xml,test
Japan_010427.xml,test
Japan_009836.xml,test
Japan_003408.xml,test
Japan_012141.xml,test
Japan_003671.xml,test
Japan_008340.xml,test
Japan_013098.xml,test
Japan_008749.xml,test
Japan_010041.xml,test
Japan_010833.xml,test
Japan_004883.xml,test
Japan_009089.xml,test
Japan_009023.xml,test
Japan_008994.xml,test
Japan_000063.xml,test
Japan_001582.xml,test
Japan_010846.xml,test
Japan_011556.xml,test
Japan_003139.xml,test
Japan_004458.xml,test
Japan_009264.xml,test
Japan_009176.xml,test
Japan_011419.xml,test
Japan_000330.xml,test
Japan_001416.xml,test
Japan_000111.xml,test
Japan_010932.xml,test
Japan_006821.xml,test
Japan_005993.xml,test
Japan_009422.xml,test
Japan_006931.xml,test
Japan_008094.xml,test
Japan_013077.xml,test
Japan_012032.xml,test
Japan_003684.xml,test
Japan_003458.xml,test
Japan_011620.xml,test
Japan_000257.xml,test
Japan_009703.xml,test
Japan_011513.xml,test
Japan_007436.xml,test
Japan_011019.xml,test
Japan_002626.xml,test
Japan_009482.xml,test
Japan_005779.xml,test
Japan_005149.xml,test
Japan_010016.xml,test
Japan_006521.xml,test
Japan_003130.xml,test
Japan_008245.xml,test
Japan_004194.xml,test
Japan_007276.xml,test
Japan_001941.xml,test
Japan_012442.xml,test
Japan_012597.xml,test
Japan_012984.xml,test
Japan_010811.xml,test
Japan_002399.xml,test
Japan_008493.xml,test
Japan_004082.xml,test
Japan_010875.xml,test
Japan_006891.xml,test
Japan_002740.xml,test
Japan_011844.xml,test
Japan_004311.xml,test
Japan_012718.xml,test
Japan_012915.xml,test
Japan_001084.xml,test
Japan_001466.xml,test
Japan_003681.xml,test
Japan_000683.xml,test
Japan_002561.xml,test
Japan_003012.xml,test
Japan_007411.xml,test
Japan_009977.xml,test
Japan_009404.xml,test
Japan_008820.xml,test
