filename,split
India_008983.xml,train
India_000311.xml,train
India_004998.xml,train
India_001349.xml,train
India_005091.xml,train
India_002436.xml,train
India_008656.xml,train
India_005681.xml,train
India_007713.xml,train
India_004452.xml,train
India_000627.xml,train
India_004084.xml,train
India_000596.xml,train
India_000808.xml,train
India_005558.xml,train
India_008906.xml,train
India_009633.xml,train
India_003765.xml,train
India_008021.xml,train
India_007387.xml,train
India_006257.xml,train
India_004226.xml,train
India_000281.xml,train
India_009127.xml,train
India_005415.xml,train
India_006613.xml,train
India_004674.xml,train
India_007670.xml,train
India_003727.xml,train
India_001175.xml,train
India_008090.xml,train
India_004407.xml,train
India_004352.xml,train
India_001823.xml,train
India_008077.xml,train
India_001992.xml,train
India_004077.xml,train
India_004885.xml,train
India_001640.xml,train
India_001586.xml,train
India_002161.xml,train
India_008515.xml,train
India_001922.xml,train
India_003200.xml,train
India_006894.xml,train
India_004828.xml,train
India_003797.xml,train
India_005717.xml,train
India_008108.xml,train
India_006144.xml,train
India_007842.xml,train
India_006102.xml,train
India_004513.xml,train
India_009279.xml,train
India_004601.xml,train
India_005478.xml,train
India_002265.xml,train
India_008194.xml,train
India_001130.xml,train
India_008079.xml,train
India_004258.xml,train
India_000839.xml,train
India_008499.xml,train
India_004298.xml,train
India_006318.xml,train
India_008973.xml,train
India_001314.xml,train
India_004613.xml,train
India_008285.xml,train
India_008129.xml,train
India_008624.xml,train
India_002755.xml,train
India_009787.xml,train
India_007110.xml,train
India_006983.xml,train
India_005648.xml,train
India_008718.xml,train
India_004516.xml,train
India_002497.xml,train
India_001616.xml,train
India_004082.xml,train
India_005592.xml,train
India_001009.xml,train
India_009689.xml,train
India_006340.xml,train
India_001261.xml,train
India_004089.xml,train
India_004009.xml,train
India_008498.xml,train
India_005310.xml,train
India_008530.xml,train
India_001549.xml,train
India_006475.xml,train
India_009054.xml,train
India_006291.xml,train
India_007539.xml,train
India_007262.xml,train
India_002942.xml,train
India_004834.xml,train
India_007722.xml,train
India_008313.xml,train
India_007249.xml,train
India_005676.xml,train
India_005168.xml,train
India_008708.xml,train
India_006009.xml,train
India_008255.xml,train
India_000318.xml,train
India_008732.xml,train
India_001505.xml,train
India_006266.xml,train
India_002268.xml,train
India_003221.xml,train
India_007401.xml,train
India_009300.xml,train
India_007407.xml,train
India_000794.xml,train
India_002741.xml,train
India_001430.xml,train
India_008119.xml,train
India_005220.xml,train
India_005398.xml,train
India_005814.xml,train
India_009550.xml,train
India_005931.xml,train
India_007582.xml,train
India_004062.xml,train
India_007159.xml,train
India_006168.xml,train
India_002563.xml,train
India_004071.xml,train
India_001263.xml,train
India_009743.xml,train
India_000411.xml,train
India_008833.xml,train
India_000402.xml,train
India_009316.xml,train
India_008676.xml,train
India_001306.xml,train
India_001364.xml,train
India_008433.xml,train
India_003546.xml,train
India_000035.xml,train
India_008705.xml,train
India_007805.xml,train
India_009598.xml,train
India_006254.xml,train
India_007259.xml,train
India_005162.xml,train
India_006321.xml,train
India_002636.xml,train
India_000293.xml,train
India_007377.xml,train
India_001472.xml,train
India_007966.xml,train
India_006162.xml,train
India_003126.xml,train
India_001881.xml,train
India_000451.xml,train
India_009700.xml,train
India_007795.xml,train
India_000071.xml,train
India_007962.xml,train
India_000745.xml,train
India_005654.xml,train
India_003020.xml,train
India_004328.xml,train
India_002662.xml,train
India_006649.xml,train
India_003768.xml,train
India_008379.xml,train
India_007563.xml,train
India_001066.xml,train
India_008185.xml,train
India_000597.xml,train
India_000005.xml,train
India_004409.xml,train
India_001099.xml,train
India_009143.xml,train
India_007836.xml,train
India_000524.xml,train
India_009269.xml,train
India_004864.xml,train
India_002817.xml,train
India_008830.xml,train
India_008025.xml,train
India_004863.xml,train
India_003925.xml,train
India_000919.xml,train
India_009080.xml,train
India_002756.xml,train
India_007586.xml,train
India_006605.xml,train
India_006610.xml,train
India_009846.xml,train
India_002516.xml,train
India_007543.xml,train
India_007924.xml,train
India_000206.xml,train
India_003999.xml,train
India_000389.xml,train
India_006463.xml,train
India_008985.xml,train
India_006460.xml,train
India_001536.xml,train
India_001189.xml,train
India_002607.xml,train
India_008993.xml,train
India_004939.xml,train
India_006108.xml,train
India_003228.xml,train
India_001398.xml,train
India_005484.xml,train
India_000557.xml,train
India_002334.xml,train
India_007314.xml,train
India_001473.xml,train
India_002130.xml,train
India_003230.xml,train
India_002680.xml,train
India_005983.xml,train
India_002753.xml,train
India_007491.xml,train
India_000308.xml,train
India_001030.xml,train
India_004148.xml,train
India_005959.xml,train
India_003680.xml,train
India_001486.xml,train
India_003234.xml,train
India_005897.xml,train
India_006636.xml,train
India_001188.xml,train
India_006721.xml,train
India_002225.xml,train
India_005810.xml,train
India_008880.xml,train
India_006233.xml,train
India_006396.xml,train
India_004649.xml,train
India_004968.xml,train
India_004274.xml,train
India_008000.xml,train
India_000923.xml,train
India_004547.xml,train
India_001777.xml,train
India_007274.xml,train
India_002309.xml,train
India_007501.xml,train
India_007900.xml,train
India_009245.xml,train
India_004724.xml,train
India_006538.xml,train
India_004299.xml,train
India_007069.xml,train
India_007672.xml,train
India_004560.xml,train
India_007633.xml,train
India_009296.xml,train
India_009576.xml,train
India_001490.xml,train
India_005031.xml,train
India_005067.xml,train
India_000106.xml,train
India_003965.xml,train
India_008577.xml,train
India_005355.xml,train
India_008412.xml,train
India_000340.xml,train
India_006122.xml,train
India_002580.xml,train
India_008553.xml,train
India_004678.xml,train
India_002014.xml,train
India_006540.xml,train
India_004727.xml,train
India_009191.xml,train
India_005058.xml,train
India_005790.xml,train
India_006113.xml,train
India_003626.xml,train
India_006777.xml,train
India_002549.xml,train
India_006903.xml,train
India_008368.xml,train
India_003809.xml,train
India_006382.xml,train
India_003500.xml,train
India_005175.xml,train
India_008216.xml,train
India_003660.xml,train
India_006060.xml,train
India_002925.xml,train
India_006914.xml,train
India_002798.xml,train
India_007357.xml,train
India_003152.xml,train
India_006526.xml,train
India_000481.xml,train
India_004868.xml,train
India_006388.xml,train
India_004051.xml,train
India_008807.xml,train
India_000714.xml,train
India_003587.xml,train
India_007968.xml,train
India_005630.xml,train
India_002118.xml,train
India_005280.xml,train
India_002622.xml,train
India_003491.xml,train
India_000603.xml,train
India_006275.xml,train
India_008734.xml,train
India_000375.xml,train
India_003042.xml,train
India_009695.xml,train
India_005513.xml,train
India_005174.xml,train
India_005098.xml,train
India_004954.xml,train
India_003814.xml,train
India_006928.xml,train
India_008193.xml,train
India_002031.xml,train
India_005680.xml,train
India_006328.xml,train
India_000363.xml,train
India_000189.xml,train
India_000831.xml,train
India_001388.xml,train
India_009352.xml,train
India_004703.xml,train
India_003989.xml,train
India_009810.xml,train
India_009512.xml,train
India_004517.xml,train
India_008032.xml,train
India_006985.xml,train
India_004250.xml,train
India_000457.xml,train
India_008615.xml,train
India_009884.xml,train
India_000855.xml,train
India_004574.xml,train
India_006014.xml,train
India_001339.xml,train
India_006936.xml,train
India_000037.xml,train
India_006052.xml,train
India_005567.xml,train
India_007581.xml,train
India_002211.xml,train
India_009666.xml,train
India_003731.xml,train
India_003877.xml,train
India_001696.xml,train
India_009886.xml,train
India_008016.xml,train
India_005992.xml,train
India_000099.xml,train
India_002840.xml,train
India_001746.xml,train
India_008195.xml,train
India_000670.xml,train
India_007944.xml,train
India_006035.xml,train
India_008124.xml,train
India_006402.xml,train
India_003124.xml,train
India_008237.xml,train
India_004348.xml,train
India_007863.xml,train
India_003570.xml,train
India_004963.xml,train
India_003214.xml,train
India_000174.xml,train
India_004121.xml,train
India_009557.xml,train
India_001168.xml,train
India_006600.xml,train
India_008104.xml,train
India_001484.xml,train
India_007289.xml,train
India_004065.xml,train
India_005111.xml,train
India_004838.xml,train
India_002973.xml,train
India_003082.xml,train
India_001592.xml,train
India_005869.xml,train
India_009854.xml,train
India_003787.xml,train
India_002345.xml,train
India_007697.xml,train
India_005561.xml,train
India_003859.xml,train
India_005256.xml,train
India_008957.xml,train
India_007403.xml,train
India_005936.xml,train
India_004531.xml,train
India_005156.xml,train
India_008836.xml,train
India_001767.xml,train
India_002438.xml,train
India_006081.xml,train
India_000656.xml,train
India_007189.xml,train
India_001812.xml,train
India_000701.xml,train
India_003941.xml,train
India_007901.xml,train
India_003986.xml,train
India_007042.xml,train
India_002082.xml,train
India_003326.xml,train
India_009737.xml,train
India_004480.xml,train
India_006128.xml,train
India_007217.xml,train
India_002152.xml,train
India_003379.xml,train
India_005088.xml,train
India_007888.xml,train
India_003673.xml,train
India_008871.xml,train
India_003678.xml,train
India_009560.xml,train
India_002967.xml,train
India_008584.xml,train
India_000086.xml,train
India_002369.xml,train
India_007359.xml,train
India_004819.xml,train
India_002637.xml,train
India_003599.xml,train
India_004042.xml,train
India_007777.xml,train
India_007096.xml,train
India_007964.xml,train
India_000443.xml,train
India_002875.xml,train
India_004285.xml,train
India_006607.xml,train
India_003366.xml,train
India_003833.xml,train
India_005314.xml,train
India_002263.xml,train
India_005178.xml,train
India_007334.xml,train
India_003480.xml,train
India_007083.xml,train
India_003619.xml,train
India_002354.xml,train
India_008088.xml,train
India_002315.xml,train
India_001590.xml,train
India_000990.xml,train
India_005774.xml,train
India_008698.xml,train
India_008184.xml,train
India_001865.xml,train
India_005914.xml,train
India_001970.xml,train
India_002665.xml,train
India_007013.xml,train
India_007215.xml,train
India_001609.xml,train
India_000178.xml,train
India_001687.xml,train
India_003273.xml,train
India_007027.xml,train
India_009018.xml,train
India_000128.xml,train
India_002183.xml,train
India_009748.xml,train
India_004701.xml,train
India_004081.xml,train
India_009201.xml,train
India_007148.xml,train
India_008470.xml,train
India_006354.xml,train
India_002608.xml,train
India_008027.xml,train
India_002308.xml,train
India_005975.xml,train
India_003581.xml,train
India_002672.xml,train
India_004600.xml,train
India_003433.xml,train
India_006337.xml,train
India_000815.xml,train
India_005193.xml,train
India_002652.xml,train
India_002072.xml,train
India_003160.xml,train
India_005353.xml,train
India_006412.xml,train
India_004162.xml,train
India_005018.xml,train
India_002537.xml,train
India_006248.xml,train
India_003847.xml,train
India_003265.xml,train
India_001006.xml,train
India_008450.xml,train
India_000428.xml,train
India_000493.xml,train
India_007709.xml,train
India_006775.xml,train
India_005406.xml,train
India_008610.xml,train
India_001276.xml,train
India_002149.xml,train
India_000859.xml,train
India_004894.xml,train
India_000785.xml,train
India_008148.xml,train
India_009022.xml,train
India_007918.xml,train
India_001279.xml,train
India_006753.xml,train
India_001370.xml,train
India_006902.xml,train
India_001439.xml,train
India_007893.xml,train
India_001945.xml,train
India_001480.xml,train
India_006155.xml,train
India_003168.xml,train
India_008952.xml,train
India_002889.xml,train
India_007000.xml,train
India_002203.xml,train
India_008819.xml,train
India_009343.xml,train
India_007950.xml,train
India_004659.xml,train
India_001036.xml,train
India_005089.xml,train
India_008013.xml,train
India_002106.xml,train
India_007806.xml,train
India_009433.xml,train
India_004876.xml,train
India_003119.xml,train
India_005446.xml,train
India_009593.xml,train
India_008035.xml,train
India_002088.xml,train
India_003118.xml,train
India_004076.xml,train
India_009037.xml,train
India_000688.xml,train
India_006787.xml,train
India_003045.xml,train
India_009000.xml,train
India_007917.xml,train
India_008658.xml,train
India_006731.xml,train
India_001432.xml,train
India_009610.xml,train
India_003402.xml,train
India_001972.xml,train
India_003062.xml,train
India_007256.xml,train
India_009437.xml,train
India_005413.xml,train
India_001716.xml,train
India_001678.xml,train
India_002064.xml,train
India_002960.xml,train
India_007399.xml,train
India_005970.xml,train
India_005301.xml,train
India_008085.xml,train
India_009305.xml,train
India_003115.xml,train
India_003137.xml,train
India_009707.xml,train
India_009510.xml,train
India_004971.xml,train
India_007168.xml,train
India_002873.xml,train
India_003946.xml,train
India_002534.xml,train
India_006932.xml,train
India_008710.xml,train
India_002763.xml,train
India_009452.xml,train
India_005066.xml,train
India_003827.xml,train
India_001776.xml,train
India_002251.xml,train
India_006982.xml,train
India_009335.xml,train
India_004307.xml,train
India_003138.xml,train
India_001414.xml,train
India_009133.xml,train
India_006075.xml,train
India_001094.xml,train
India_008476.xml,train
India_004842.xml,train
India_007830.xml,train
India_000166.xml,train
India_007866.xml,train
India_007142.xml,train
India_009507.xml,train
India_001047.xml,train
India_008063.xml,train
India_000759.xml,train
India_000190.xml,train
India_005378.xml,train
India_003128.xml,train
India_003578.xml,train
India_003682.xml,train
India_005298.xml,train
India_000184.xml,train
India_004074.xml,train
India_005566.xml,train
India_009641.xml,train
India_001924.xml,train
India_002880.xml,train
India_003218.xml,train
India_001974.xml,train
India_005486.xml,train
India_005344.xml,train
India_006358.xml,train
India_008228.xml,train
India_005092.xml,train
India_001067.xml,train
India_001149.xml,train
India_000781.xml,train
India_006989.xml,train
India_008257.xml,train
India_000341.xml,train
India_005105.xml,train
India_008798.xml,train
India_002168.xml,train
India_007630.xml,train
India_003489.xml,train
India_006391.xml,train
India_008728.xml,train
India_005075.xml,train
India_007242.xml,train
India_005644.xml,train
India_001476.xml,train
India_001456.xml,train
India_002574.xml,train
India_002413.xml,train
India_002300.xml,train
India_005144.xml,train
India_004195.xml,train
India_001859.xml,train
India_005597.xml,train
India_003937.xml,train
India_008466.xml,train
India_003383.xml,train
India_000946.xml,train
India_006317.xml,train
India_004052.xml,train
India_007343.xml,train
India_003064.xml,train
India_008158.xml,train
India_005036.xml,train
India_003323.xml,train
India_001442.xml,train
India_005581.xml,train
India_005928.xml,train
India_001680.xml,train
India_000337.xml,train
India_004312.xml,train
India_004029.xml,train
India_009428.xml,train
India_009881.xml,train
India_004841.xml,train
India_000805.xml,train
India_000194.xml,train
India_009528.xml,train
India_008310.xml,train
India_007371.xml,train
India_009068.xml,train
India_006789.xml,train
India_000647.xml,train
India_006161.xml,train
India_002146.xml,train
India_000970.xml,train
India_004961.xml,train
India_009326.xml,train
India_002303.xml,train
India_001203.xml,train
India_003395.xml,train
India_001658.xml,train
India_000911.xml,train
India_007051.xml,train
India_006004.xml,train
India_003269.xml,train
India_000089.xml,train
India_002044.xml,train
India_003710.xml,train
India_001328.xml,train
India_000628.xml,train
India_001163.xml,train
India_007122.xml,train
India_004246.xml,train
India_008391.xml,train
India_006720.xml,train
India_002171.xml,train
India_002409.xml,train
India_004964.xml,train
India_004269.xml,train
India_006395.xml,train
India_005329.xml,train
India_001637.xml,train
India_003861.xml,train
India_000046.xml,train
India_005501.xml,train
India_001437.xml,train
India_005053.xml,train
India_000302.xml,train
India_001016.xml,train
India_004125.xml,train
India_003147.xml,train
India_007125.xml,train
India_003435.xml,train
India_005231.xml,train
India_008541.xml,train
India_007810.xml,train
India_008144.xml,train
India_001241.xml,train
India_004506.xml,train
India_001273.xml,train
India_004095.xml,train
India_003324.xml,train
India_000913.xml,train
India_008153.xml,train
India_007983.xml,train
India_005054.xml,train
India_007575.xml,train
India_001817.xml,train
India_002987.xml,train
India_000810.xml,train
India_006336.xml,train
India_009413.xml,train
India_009756.xml,train
India_004476.xml,train
India_004356.xml,train
India_000378.xml,train
India_003868.xml,train
India_000564.xml,train
India_002923.xml,train
India_001392.xml,train
India_007008.xml,train
India_003309.xml,train
India_004713.xml,train
India_004833.xml,train
India_003548.xml,train
India_003766.xml,train
India_000622.xml,train
India_005848.xml,train
India_001075.xml,train
India_004411.xml,train
India_006304.xml,train
India_001864.xml,train
India_000294.xml,train
India_006152.xml,train
India_005982.xml,train
India_009214.xml,train
India_006465.xml,train
India_000890.xml,train
India_002849.xml,train
India_004568.xml,train
India_005445.xml,train
India_002941.xml,train
India_003035.xml,train
India_006482.xml,train
India_000578.xml,train
India_002021.xml,train
India_005675.xml,train
India_005730.xml,train
India_006934.xml,train
India_007208.xml,train
India_008328.xml,train
India_003130.xml,train
India_008715.xml,train
India_002774.xml,train
India_001050.xml,train
India_006302.xml,train
India_002943.xml,train
India_005016.xml,train
India_001826.xml,train
India_006776.xml,train
India_003589.xml,train
India_009400.xml,train
India_009731.xml,train
India_003695.xml,train
India_005127.xml,train
India_005346.xml,train
India_004535.xml,train
India_001647.xml,train
India_004483.xml,train
India_002434.xml,train
India_004127.xml,train
India_003987.xml,train
India_003852.xml,train
India_005621.xml,train
India_006353.xml,train
India_004548.xml,train
India_009530.xml,train
India_007307.xml,train
India_007688.xml,train
India_005637.xml,train
India_002854.xml,train
India_008319.xml,train
India_005727.xml,train
India_008831.xml,train
India_002969.xml,train
India_008977.xml,train
India_005638.xml,train
India_003236.xml,train
India_008007.xml,train
India_004614.xml,train
India_006293.xml,train
India_007041.xml,train
India_008241.xml,train
India_001080.xml,train
India_008620.xml,train
India_005769.xml,train
India_005499.xml,train
India_005504.xml,train
India_004993.xml,train
India_005889.xml,train
India_009134.xml,train
India_007100.xml,train
India_007867.xml,train
India_004164.xml,train
India_007547.xml,train
India_007469.xml,train
India_007191.xml,train
India_002884.xml,train
India_002522.xml,train
India_004245.xml,train
India_004354.xml,train
India_006736.xml,train
India_002256.xml,train
India_002823.xml,train
India_008587.xml,train
India_001928.xml,train
India_004486.xml,train
India_004768.xml,train
India_005812.xml,train
India_006093.xml,train
India_003769.xml,train
India_003446.xml,train
India_009215.xml,train
India_000830.xml,train
India_003758.xml,train
India_002287.xml,train
India_004248.xml,train
India_009635.xml,train
India_005890.xml,train
India_007856.xml,train
India_008818.xml,train
India_004043.xml,train
India_001137.xml,train
India_002602.xml,train
India_003900.xml,train
India_005510.xml,train
India_005750.xml,train
India_005849.xml,train
India_002191.xml,train
India_003356.xml,train
India_004586.xml,train
India_000949.xml,train
India_000254.xml,train
India_002218.xml,train
India_003514.xml,train
India_003642.xml,train
India_006670.xml,train
India_005232.xml,train
India_008845.xml,train
India_007860.xml,train
India_003796.xml,train
India_000213.xml,train
India_006824.xml,train
India_001666.xml,train
India_005834.xml,train
India_009322.xml,train
India_007737.xml,train
India_008867.xml,train
India_007147.xml,train
India_008695.xml,train
India_006066.xml,train
India_008966.xml,train
India_009640.xml,train
India_002930.xml,train
India_007637.xml,train
India_005375.xml,train
India_003291.xml,train
India_007319.xml,train
India_009153.xml,train
India_007859.xml,train
India_002029.xml,train
India_001846.xml,train
India_005635.xml,train
India_006925.xml,train
India_004470.xml,train
India_008317.xml,train
India_003434.xml,train
India_004227.xml,train
India_004232.xml,train
India_004230.xml,train
India_008302.xml,train
India_008909.xml,train
India_000104.xml,train
India_006566.xml,train
India_001051.xml,train
India_000011.xml,train
India_004549.xml,train
India_001012.xml,train
India_000704.xml,train
India_002018.xml,train
India_002822.xml,train
India_006535.xml,train
India_002922.xml,train
India_005062.xml,train
India_005770.xml,train
India_002894.xml,train
India_009890.xml,train
India_003575.xml,train
India_002519.xml,train
India_002107.xml,train
India_001583.xml,train
India_000816.xml,train
India_005485.xml,train
India_008722.xml,train
India_009856.xml,train
India_002538.xml,train
India_003305.xml,train
India_009062.xml,train
India_005787.xml,train
India_000581.xml,train
India_005038.xml,train
India_005134.xml,train
India_007741.xml,train
India_007996.xml,train
India_001311.xml,train
India_004122.xml,train
India_003539.xml,train
India_000747.xml,train
India_000827.xml,train
India_000462.xml,train
India_003970.xml,train
India_006139.xml,train
India_008529.xml,train
India_005611.xml,train
India_008575.xml,train
India_005005.xml,train
India_006603.xml,train
India_004717.xml,train
India_005234.xml,train
India_000487.xml,train
India_004219.xml,train
India_001655.xml,train
India_002858.xml,train
India_007350.xml,train
India_008755.xml,train
India_006547.xml,train
India_000992.xml,train
India_002079.xml,train
India_004495.xml,train
India_006364.xml,train
India_003971.xml,train
India_005872.xml,train
India_003920.xml,train
India_003076.xml,train
India_000995.xml,train
India_009462.xml,train
India_006433.xml,train
India_007474.xml,train
India_005669.xml,train
India_000566.xml,train
India_008772.xml,train
India_003795.xml,train
India_008694.xml,train
India_004309.xml,train
India_008752.xml,train
India_004633.xml,train
India_004469.xml,train
India_002870.xml,train
India_006542.xml,train
India_000820.xml,train
India_009649.xml,train
India_000329.xml,train
India_002679.xml,train
India_009441.xml,train
India_002324.xml,train
India_003616.xml,train
India_008417.xml,train
India_004832.xml,train
India_003812.xml,train
India_001107.xml,train
India_005850.xml,train
India_004374.xml,train
India_009100.xml,train
India_003362.xml,train
India_007621.xml,train
India_007864.xml,train
India_005809.xml,train
India_004914.xml,train
India_009648.xml,train
India_008183.xml,train
India_000230.xml,train
India_000612.xml,train
India_000979.xml,train
India_009359.xml,train
India_002059.xml,train
India_003553.xml,train
India_001211.xml,train
India_008381.xml,train
India_001074.xml,train
India_000772.xml,train
India_004578.xml,train
India_000546.xml,train
India_006141.xml,train
India_001833.xml,train
India_009828.xml,train
India_003352.xml,train
India_007316.xml,train
India_004814.xml,train
India_000703.xml,train
India_008304.xml,train
India_005953.xml,train
India_008179.xml,train
India_004036.xml,train
India_007617.xml,train
India_000372.xml,train
India_005661.xml,train
India_004882.xml,train
India_002373.xml,train
India_002768.xml,train
India_009825.xml,train
India_007157.xml,train
India_005416.xml,train
India_002877.xml,train
India_002163.xml,train
India_005402.xml,train
India_002954.xml,train
India_001621.xml,train
India_001008.xml,train
India_001563.xml,train
India_006781.xml,train
India_006194.xml,train
India_006619.xml,train
India_003072.xml,train
India_008889.xml,train
India_005317.xml,train
India_008554.xml,train
India_006974.xml,train
India_006106.xml,train
India_001123.xml,train
India_000164.xml,train
India_006505.xml,train
India_003496.xml,train
India_000894.xml,train
India_008269.xml,train
India_003789.xml,train
India_006284.xml,train
India_006624.xml,train
India_006149.xml,train
India_006831.xml,train
India_002828.xml,train
India_003429.xml,train
India_004731.xml,train
India_004805.xml,train
India_004197.xml,train
India_007635.xml,train
India_000833.xml,train
India_004607.xml,train
India_006733.xml,train
India_001153.xml,train
India_003540.xml,train
India_004193.xml,train
India_003692.xml,train
India_003408.xml,train
India_000939.xml,train
India_007412.xml,train
India_004512.xml,train
India_004223.xml,train
India_005012.xml,train
India_002676.xml,train
India_004184.xml,train
India_006370.xml,train
India_007002.xml,train
India_001756.xml,train
India_000400.xml,train
India_001518.xml,train
India_005851.xml,train
India_002945.xml,train
India_001156.xml,train
India_006911.xml,train
India_007283.xml,train
India_005672.xml,train
India_000677.xml,train
India_007507.xml,train
India_008641.xml,train
India_008631.xml,train
India_003081.xml,train
India_006165.xml,train
India_007332.xml,train
India_008960.xml,train
India_007369.xml,train
India_009487.xml,train
India_007594.xml,train
India_007931.xml,train
India_005916.xml,train
India_007076.xml,train
India_003767.xml,train
India_000432.xml,train
India_002166.xml,train
India_003098.xml,train
India_008483.xml,train
India_007416.xml,train
India_009351.xml,train
India_006116.xml,train
India_000595.xml,train
India_002443.xml,train
India_001453.xml,train
India_007779.xml,train
India_008542.xml,train
India_009873.xml,train
India_009023.xml,train
India_005608.xml,train
India_002210.xml,train
India_001569.xml,train
India_008920.xml,train
India_008679.xml,train
India_001208.xml,train
India_000426.xml,train
India_005663.xml,train
India_002729.xml,train
India_009775.xml,train
India_002905.xml,train
India_004675.xml,train
India_001572.xml,train
India_005696.xml,train
India_004740.xml,train
India_005690.xml,train
India_001555.xml,train
India_002402.xml,train
India_007298.xml,train
India_005422.xml,train
India_004999.xml,train
India_000001.xml,train
India_002312.xml,train
India_004989.xml,train
India_003373.xml,train
India_004396.xml,train
India_008301.xml,train
India_007661.xml,train
India_007384.xml,train
India_001594.xml,train
India_001524.xml,train
India_002510.xml,train
India_002144.xml,train
India_009735.xml,train
India_006952.xml,train
India_002138.xml,train
India_006086.xml,train
India_007201.xml,train
India_004587.xml,train
India_000790.xml,train
India_001943.xml,train
India_002103.xml,train
India_002834.xml,train
India_002610.xml,train
India_006374.xml,train
India_004311.xml,train
India_004887.xml,train
India_007611.xml,train
India_004554.xml,train
India_005968.xml,train
India_007930.xml,train
India_008507.xml,train
India_001848.xml,train
India_003481.xml,train
India_005100.xml,train
India_007246.xml,train
India_002247.xml,train
India_002689.xml,train
India_008839.xml,train
India_009871.xml,train
India_008399.xml,train
India_009155.xml,train
India_002690.xml,train
India_004058.xml,train
India_008557.xml,train
India_002285.xml,train
India_008160.xml,train
India_002488.xml,train
India_008997.xml,train
India_009371.xml,train
India_004040.xml,train
India_007895.xml,train
India_004022.xml,train
India_008594.xml,train
India_002463.xml,train
India_003996.xml,train
India_002500.xml,train
India_002638.xml,train
India_006551.xml,train
India_000214.xml,train
India_000359.xml,train
India_009639.xml,train
India_004453.xml,train
India_003469.xml,train
India_007915.xml,train
India_006065.xml,train
India_008944.xml,train
India_002162.xml,train
India_005076.xml,train
India_006841.xml,train
India_000482.xml,train
India_004385.xml,train
India_002898.xml,train
India_007241.xml,train
India_001386.xml,train
India_009565.xml,train
India_006097.xml,train
India_008262.xml,train
India_007813.xml,train
India_001452.xml,train
India_003110.xml,train
India_002451.xml,train
India_005655.xml,train
India_007043.xml,train
India_001513.xml,train
India_006637.xml,train
India_006129.xml,train
India_008460.xml,train
India_007031.xml,train
India_001477.xml,train
India_004143.xml,train
India_004862.xml,train
India_002544.xml,train
India_000637.xml,train
India_000408.xml,train
India_004279.xml,train
India_008586.xml,train
India_004949.xml,train
India_001204.xml,train
India_005135.xml,train
India_006301.xml,train
India_009660.xml,train
India_000917.xml,train
India_004919.xml,train
India_005400.xml,train
India_006383.xml,train
India_007026.xml,train
India_008434.xml,train
India_007044.xml,train
India_001839.xml,train
India_006788.xml,train
India_007953.xml,train
India_007049.xml,train
India_008092.xml,train
India_002506.xml,train
India_008232.xml,train
India_008522.xml,train
India_001669.xml,train
India_009380.xml,train
India_003840.xml,train
India_004714.xml,train
India_004760.xml,train
India_008161.xml,train
India_004938.xml,train
India_003134.xml,train
India_004446.xml,train
India_006963.xml,train
India_006329.xml,train
India_007929.xml,train
India_009883.xml,train
India_004008.xml,train
India_006415.xml,train
India_006623.xml,train
India_002174.xml,train
India_005457.xml,train
India_007940.xml,train
India_007417.xml,train
India_007710.xml,train
India_002020.xml,train
India_005124.xml,train
India_007354.xml,train
India_007685.xml,train
India_006773.xml,train
India_007185.xml,train
India_005458.xml,train
India_009701.xml,train
India_008901.xml,train
India_000976.xml,train
India_003580.xml,train
India_006920.xml,train
India_006949.xml,train
India_009031.xml,train
India_002777.xml,train
India_003133.xml,train
India_003321.xml,train
India_007102.xml,train
India_007752.xml,train
India_003445.xml,train
India_005451.xml,train
India_009482.xml,train
India_009538.xml,train
India_003488.xml,train
India_008308.xml,train
India_002961.xml,train
India_002236.xml,train
India_005806.xml,train
India_003872.xml,train
India_005151.xml,train
India_007116.xml,train
India_008011.xml,train
India_004067.xml,train
India_009227.xml,train
India_005133.xml,train
India_003122.xml,train
India_000489.xml,train
India_006220.xml,train
India_008463.xml,train
India_005082.xml,train
India_006252.xml,train
India_005811.xml,train
India_006889.xml,train
India_002727.xml,train
India_003360.xml,train
India_001220.xml,train
India_008289.xml,train
India_002841.xml,train
India_002093.xml,train
India_008760.xml,train
India_009771.xml,train
India_004569.xml,train
India_006565.xml,train
India_003351.xml,train
India_002115.xml,train
India_009347.xml,train
India_007504.xml,train
India_001919.xml,train
India_000512.xml,train
India_008067.xml,train
India_001418.xml,train
India_008131.xml,train
India_002593.xml,train
India_003698.xml,train
India_001402.xml,train
India_005895.xml,train
India_006700.xml,train
India_002594.xml,train
India_003425.xml,train
India_000107.xml,train
India_006632.xml,train
India_006494.xml,train
India_002186.xml,train
India_001987.xml,train
India_008367.xml,train
India_003472.xml,train
India_002394.xml,train
India_003610.xml,train
India_003715.xml,train
India_005361.xml,train
India_005322.xml,train
India_003561.xml,train
India_009171.xml,train
India_007184.xml,train
India_009644.xml,train
India_009506.xml,train
India_009817.xml,train
India_000840.xml,train
India_008168.xml,train
India_006859.xml,train
India_009395.xml,train
India_005684.xml,train
India_004646.xml,train
India_006024.xml,train
India_005227.xml,train
India_004128.xml,train
India_000113.xml,train
India_006978.xml,train
India_005447.xml,train
India_003117.xml,train
India_004906.xml,train
India_001044.xml,train
India_001985.xml,train
India_009797.xml,train
India_009071.xml,train
India_007758.xml,train
India_005856.xml,train
India_002904.xml,train
India_007488.xml,train
India_002975.xml,train
India_009250.xml,train
India_008394.xml,train
India_002955.xml,train
India_004138.xml,train
India_006163.xml,train
India_002567.xml,train
India_005399.xml,train
India_009864.xml,train
India_007413.xml,train
India_007064.xml,train
India_003376.xml,train
India_002182.xml,train
India_000459.xml,train
India_000926.xml,train
India_008009.xml,train
India_004610.xml,train
India_002730.xml,train
India_005628.xml,train
India_008111.xml,train
India_005797.xml,train
India_009073.xml,train
India_008330.xml,train
India_000007.xml,train
India_001331.xml,train
India_004498.xml,train
India_007942.xml,train
India_006034.xml,train
India_000568.xml,train
India_007696.xml,train
India_006999.xml,train
India_008513.xml,train
India_006062.xml,train
India_001573.xml,train
India_004266.xml,train
India_008544.xml,train
India_008402.xml,train
India_007452.xml,train
India_003301.xml,train
India_009669.xml,train
India_002579.xml,train
India_000724.xml,train
India_006177.xml,train
India_008657.xml,train
India_002575.xml,train
India_000844.xml,train
India_003120.xml,train
India_004329.xml,train
India_008582.xml,train
India_002405.xml,train
India_005764.xml,train
India_007240.xml,train
India_001966.xml,train
India_000353.xml,train
India_001428.xml,train
India_008305.xml,train
India_001980.xml,train
India_006488.xml,train
India_002892.xml,train
India_004803.xml,train
India_003102.xml,train
India_006103.xml,train
India_001333.xml,train
India_008446.xml,train
India_000117.xml,train
India_003495.xml,train
India_004975.xml,train
India_001622.xml,train
India_007936.xml,train
India_002198.xml,train
India_007476.xml,train
India_009549.xml,train
India_001785.xml,train
India_005284.xml,train
India_006701.xml,train
India_006306.xml,train
India_001140.xml,train
India_006131.xml,train
India_007732.xml,train
India_003276.xml,train
India_005475.xml,train
India_000394.xml,train
India_006530.xml,train
India_007126.xml,train
India_006582.xml,train
India_002450.xml,train
India_001308.xml,train
India_007293.xml,train
India_006197.xml,train
India_004823.xml,train
India_006084.xml,train
India_006854.xml,train
India_001870.xml,train
India_001727.xml,train
India_009781.xml,train
India_004769.xml,train
India_006678.xml,train
India_009047.xml,train
India_001234.xml,train
India_009092.xml,train
India_005259.xml,train
India_003688.xml,train
India_004612.xml,train
India_000571.xml,train
India_000156.xml,train
India_005801.xml,train
India_008378.xml,train
India_007261.xml,train
India_007194.xml,train
India_006698.xml,train
India_009815.xml,train
India_001101.xml,train
India_000760.xml,train
India_008059.xml,train
India_004537.xml,train
India_002570.xml,train
India_007573.xml,train
India_004200.xml,train
India_004457.xml,train
India_003430.xml,train
India_008911.xml,train
India_000228.xml,train
India_002788.xml,train
India_006935.xml,train
India_004928.xml,train
India_000552.xml,train
India_007512.xml,train
India_008548.xml,train
India_000321.xml,train
India_002655.xml,train
India_001546.xml,train
India_009642.xml,train
India_000782.xml,train
India_000114.xml,train
India_001941.xml,train
India_007708.xml,train
India_004992.xml,train
India_006444.xml,train
India_005212.xml,train
India_007084.xml,train
India_005272.xml,train
India_006550.xml,train
India_000133.xml,train
India_006150.xml,train
India_005291.xml,train
India_002564.xml,train
India_004991.xml,train
India_008804.xml,train
India_008150.xml,train
India_007456.xml,train
India_001131.xml,train
India_009293.xml,train
India_007538.xml,train
India_004523.xml,train
India_002981.xml,train
India_001597.xml,train
India_007355.xml,train
India_002006.xml,train
India_001774.xml,train
India_006348.xml,train
India_002843.xml,train
India_005117.xml,train
India_000802.xml,train
India_005172.xml,train
India_005187.xml,train
India_002775.xml,train
India_004584.xml,train
India_000702.xml,train
India_006359.xml,train
India_003886.xml,train
India_001734.xml,train
India_008762.xml,train
India_000676.xml,train
India_006411.xml,train
India_002724.xml,train
India_003052.xml,train
India_006117.xml,train
India_005771.xml,train
India_002110.xml,train
India_003155.xml,train
India_009309.xml,train
India_009691.xml,train
India_007152.xml,train
India_008633.xml,train
India_004108.xml,train
India_002255.xml,train
India_003995.xml,train
India_003161.xml,train
India_007477.xml,train
India_006972.xml,train
India_009385.xml,train
India_005643.xml,train
India_008777.xml,train
India_002386.xml,train
India_005421.xml,train
India_007500.xml,train
India_007628.xml,train
India_003834.xml,train
India_007453.xml,train
India_009745.xml,train
India_006797.xml,train
India_001363.xml,train
India_007607.xml,train
India_007373.xml,train
India_002269.xml,train
India_008187.xml,train
India_008292.xml,train
India_008823.xml,train
India_005679.xml,train
India_006729.xml,train
India_009442.xml,train
India_008130.xml,train
India_002696.xml,train
India_005985.xml,train
India_003318.xml,train
India_000572.xml,train
India_009066.xml,train
India_003018.xml,train
India_003047.xml,train
India_002350.xml,train
India_008986.xml,train
India_007549.xml,train
India_008588.xml,train
India_000737.xml,train
India_000150.xml,train
India_006951.xml,train
India_001683.xml,train
India_004030.xml,train
India_009751.xml,train
India_006745.xml,train
India_004211.xml,train
India_001448.xml,train
India_009753.xml,train
India_001429.xml,train
India_001816.xml,train
India_005271.xml,train
India_002587.xml,train
India_001886.xml,train
India_004449.xml,train
India_008866.xml,train
India_002406.xml,train
India_008345.xml,train
India_001112.xml,train
India_000575.xml,train
India_003151.xml,train
India_005143.xml,train
India_000739.xml,train
India_007254.xml,train
India_001041.xml,train
India_003348.xml,train
India_008996.xml,train
India_000134.xml,train
India_007094.xml,train
India_006659.xml,train
India_005136.xml,train
India_009590.xml,train
India_001744.xml,train
India_007202.xml,train
India_004671.xml,train
India_001695.xml,train
India_000439.xml,train
India_006987.xml,train
India_006325.xml,train
India_001884.xml,train
India_009365.xml,train
India_002155.xml,train
India_000145.xml,train
India_003247.xml,train
India_001887.xml,train
India_002194.xml,train
India_001015.xml,train
India_006211.xml,train
India_007702.xml,train
India_002813.xml,train
India_003345.xml,train
India_007325.xml,train
India_001559.xml,train
India_002912.xml,train
India_005287.xml,train
India_002946.xml,train
India_000619.xml,train
India_002845.xml,train
India_004242.xml,train
India_007974.xml,train
India_007972.xml,train
India_007676.xml,train
India_009580.xml,train
India_009327.xml,train
India_004224.xml,train
India_000504.xml,train
India_003101.xml,train
India_002068.xml,train
India_004402.xml,train
India_008609.xml,train
India_007526.xml,train
India_005760.xml,train
India_007045.xml,train
India_008870.xml,train
India_005971.xml,train
India_009853.xml,train
India_008315.xml,train
India_005783.xml,train
India_000014.xml,train
India_002448.xml,train
India_001728.xml,train
India_008339.xml,train
India_005297.xml,train
India_008835.xml,train
India_000705.xml,train
India_004696.xml,train
India_003114.xml,train
India_006185.xml,train
India_008224.xml,train
India_002581.xml,train
India_001775.xml,train
India_004262.xml,train
India_000823.xml,train
India_006821.xml,train
India_001352.xml,train
India_004931.xml,train
India_007764.xml,train
India_005878.xml,train
India_000605.xml,train
India_004897.xml,train
India_004526.xml,train
India_004117.xml,train
India_002698.xml,train
India_008248.xml,train
India_000226.xml,train
India_009274.xml,train
India_003591.xml,train
India_001537.xml,train
India_001584.xml,train
India_004180.xml,train
India_002111.xml,train
India_001295.xml,train
India_001431.xml,train
India_007066.xml,train
India_003315.xml,train
India_001855.xml,train
India_006180.xml,train
India_003780.xml,train
India_004684.xml,train
India_004389.xml,train
India_008753.xml,train
India_003890.xml,train
India_009821.xml,train
India_008415.xml,train
India_005319.xml,train
India_000715.xml,train
India_001878.xml,train
India_004136.xml,train
India_003990.xml,train
India_006770.xml,train
India_003400.xml,train
India_000822.xml,train
India_005044.xml,train
India_007291.xml,train
India_002135.xml,train
India_005576.xml,train
India_005020.xml,train
India_001690.xml,train
India_002466.xml,train
India_008061.xml,train
India_003919.xml,train
India_004709.xml,train
India_004511.xml,train
India_009184.xml,train
India_001060.xml,train
India_001470.xml,train
India_008639.xml,train
India_002245.xml,train
India_002796.xml,train
India_002864.xml,train
India_003090.xml,train
India_001266.xml,train
India_008890.xml,train
India_003251.xml,train
India_000424.xml,train
India_002590.xml,train
India_001272.xml,train
India_001800.xml,train
India_003844.xml,train
India_002206.xml,train
India_003858.xml,train
India_009381.xml,train
India_001142.xml,train
India_000249.xml,train
India_001496.xml,train
India_002209.xml,train
India_001467.xml,train
India_009041.xml,train
India_008445.xml,train
India_006891.xml,train
India_000391.xml,train
India_005270.xml,train
India_008559.xml,train
India_002535.xml,train
India_009607.xml,train
India_002994.xml,train
India_005164.xml,train
India_005391.xml,train
India_001967.xml,train
India_003243.xml,train
India_008099.xml,train
India_006236.xml,train
India_004410.xml,train
India_008989.xml,train
India_006174.xml,train
India_001807.xml,train
India_007434.xml,train
India_004189.xml,train
India_002668.xml,train
India_009465.xml,train
India_008655.xml,train
India_001701.xml,train
India_008580.xml,train
India_003331.xml,train
India_007483.xml,train
India_003669.xml,train
India_003972.xml,train
India_006872.xml,train
India_009811.xml,train
India_005713.xml,train
India_000200.xml,train
India_008331.xml,train
India_001840.xml,train
India_007791.xml,train
India_004338.xml,train
India_003527.xml,train
India_001550.xml,train
India_003219.xml,train
India_005610.xml,train
India_004341.xml,train
India_005523.xml,train
India_003507.xml,train
India_006900.xml,train
India_007550.xml,train
India_003407.xml,train
India_003391.xml,train
India_000093.xml,train
India_002290.xml,train
India_008678.xml,train
India_005434.xml,train
India_009708.xml,train
India_009432.xml,train
India_008592.xml,train
India_003461.xml,train
India_002502.xml,train
India_006470.xml,train
India_004465.xml,train
India_007487.xml,train
India_009334.xml,train
India_007141.xml,train
India_003288.xml,train
India_005707.xml,train
India_002732.xml,train
India_005645.xml,train
India_002392.xml,train
India_006077.xml,train
India_004339.xml,train
India_002507.xml,train
India_004362.xml,train
India_002642.xml,train
India_009318.xml,train
India_006874.xml,train
India_008337.xml,train
India_006101.xml,train
India_001852.xml,train
India_009860.xml,train
India_004770.xml,train
India_003849.xml,train
India_009154.xml,train
India_003401.xml,train
India_005939.xml,train
India_007516.xml,train
India_007151.xml,train
India_004252.xml,train
India_006201.xml,train
India_005461.xml,train
India_003628.xml,train
India_001984.xml,train
India_000954.xml,train
India_008390.xml,train
India_004468.xml,train
India_005010.xml,train
India_002475.xml,train
India_000417.xml,train
India_006172.xml,train
India_008488.xml,train
India_002780.xml,train
India_004183.xml,train
India_008962.xml,train
India_008106.xml,train
India_000891.xml,train
India_000892.xml,train
India_006635.xml,train
India_000942.xml,train
India_000616.xml,train
India_001114.xml,train
India_001385.xml,train
India_004324.xml,train
India_007855.xml,train
India_008020.xml,train
India_001995.xml,train
India_000735.xml,train
India_009878.xml,train
India_000092.xml,train
India_001986.xml,train
India_002699.xml,train
India_003535.xml,train
India_000624.xml,train
India_000158.xml,train
India_000981.xml,train
India_008081.xml,train
India_004775.xml,train
India_003842.xml,train
India_006006.xml,train
India_009826.xml,train
India_009746.xml,train
India_001286.xml,train
India_003687.xml,train
India_001525.xml,train
India_003198.xml,train
India_007816.xml,train
India_002008.xml,train
India_002971.xml,train
India_008955.xml,train
India_000368.xml,train
India_005449.xml,train
India_008540.xml,train
India_007233.xml,train
India_001789.xml,train
India_005755.xml,train
India_005359.xml,train
India_009889.xml,train
India_002692.xml,train
India_007146.xml,train
India_003586.xml,train
India_002533.xml,train
India_009354.xml,train
India_009203.xml,train
India_007943.xml,train
India_001911.xml,train
India_006709.xml,train
India_005061.xml,train
India_009435.xml,train
India_001703.xml,train
India_002340.xml,train
India_008163.xml,train
India_003426.xml,train
India_005612.xml,train
India_003954.xml,train
India_007169.xml,train
India_000039.xml,train
India_000556.xml,train
India_000608.xml,train
India_002499.xml,train
India_003632.xml,train
India_005409.xml,train
India_009026.xml,train
India_006838.xml,train
India_003913.xml,train
India_006811.xml,train
India_006219.xml,train
India_000301.xml,train
India_008806.xml,train
India_005334.xml,train
India_000864.xml,train
India_000338.xml,train
India_000518.xml,train
India_002931.xml,train
India_006349.xml,train
India_009627.xml,train
India_000173.xml,train
India_009014.xml,train
India_005388.xml,train
India_002771.xml,train
India_007372.xml,train
India_008043.xml,train
India_006803.xml,train
India_006481.xml,train
India_009357.xml,train
India_007402.xml,train
India_008022.xml,train
India_004375.xml,train
India_000944.xml,train
India_001049.xml,train
India_007975.xml,train
India_004800.xml,train
India_002950.xml,train
India_001772.xml,train
India_007047.xml,train
India_006200.xml,train
India_003310.xml,train
India_008852.xml,train
India_008478.xml,train
India_007270.xml,train
India_003950.xml,train
India_005866.xml,train
India_003866.xml,train
India_001326.xml,train
India_001267.xml,train
India_003033.xml,train
India_009419.xml,train
India_009444.xml,train
India_005393.xml,train
India_001934.xml,train
India_007673.xml,train
India_000306.xml,train
India_009029.xml,train
India_003097.xml,train
India_002924.xml,train
India_005230.xml,train
India_005564.xml,train
India_008881.xml,train
India_000278.xml,train
India_004514.xml,train
India_006537.xml,train
India_005048.xml,train
India_004689.xml,train
India_002582.xml,train
India_005896.xml,train
India_008218.xml,train
India_003387.xml,train
India_000977.xml,train
India_000129.xml,train
India_001240.xml,train
India_002583.xml,train
India_008215.xml,train
India_009679.xml,train
India_001906.xml,train
India_004500.xml,train
India_008651.xml,train
India_006330.xml,train
India_008824.xml,train
India_000789.xml,train
India_008532.xml,train
India_005387.xml,train
India_001566.xml,train
India_007082.xml,train
India_005829.xml,train
India_004699.xml,train
India_004494.xml,train
India_005559.xml,train
India_000914.xml,train
India_009736.xml,train
India_003343.xml,train
India_006704.xml,train
India_009847.xml,train
India_002703.xml,train
India_000175.xml,train
India_006714.xml,train
India_009138.xml,train
India_000549.xml,train
India_007338.xml,train
India_000860.xml,train
India_005958.xml,train
India_005868.xml,train
India_008924.xml,train
India_007018.xml,train
India_009321.xml,train
India_000690.xml,train
India_004088.xml,train
India_008349.xml,train
India_003509.xml,train
India_002390.xml,train
India_005190.xml,train
India_002613.xml,train
India_005083.xml,train
India_005219.xml,train
India_001225.xml,train
India_004972.xml,train
India_000698.xml,train
India_001165.xml,train
India_001125.xml,train
India_001993.xml,train
India_005569.xml,train
India_008878.xml,train
India_005967.xml,train
India_007890.xml,train
India_000873.xml,train
India_002557.xml,train
India_007392.xml,train
India_008786.xml,train
India_008050.xml,train
India_007271.xml,train
India_008282.xml,train
India_008058.xml,train
India_005880.xml,train
India_009470.xml,train
India_000393.xml,train
India_000940.xml,train
India_003010.xml,train
India_008613.xml,train
India_007050.xml,train
India_006025.xml,train
India_005188.xml,train
India_006345.xml,train
India_009101.xml,train
India_002279.xml,train
India_009262.xml,train
India_005335.xml,train
India_003585.xml,train
India_009586.xml,train
India_003049.xml,train
India_003245.xml,train
India_008380.xml,train
India_000885.xml,train
India_002605.xml,train
India_003802.xml,train
India_002560.xml,train
India_006608.xml,train
India_009552.xml,train
India_006039.xml,train
India_004156.xml,train
India_006452.xml,train
India_001304.xml,train
India_002010.xml,train
India_002368.xml,train
India_000763.xml,train
India_008703.xml,train
India_001443.xml,train
India_004134.xml,train
India_008812.xml,train
India_006045.xml,train
India_009532.xml,train
India_003981.xml,train
India_001004.xml,train
India_001580.xml,train
India_001841.xml,train
India_000756.xml,train
India_008147.xml,train
India_000074.xml,train
India_004386.xml,train
India_000148.xml,train
India_003453.xml,train
India_000409.xml,train
India_002722.xml,train
India_006096.xml,train
India_005239.xml,train
India_006243.xml,train
India_009186.xml,train
India_006622.xml,train
India_006845.xml,train
India_004799.xml,train
India_004534.xml,train
India_002282.xml,train
India_002816.xml,train
India_003431.xml,train
India_003338.xml,train
India_009329.xml,train
India_001457.xml,train
India_007136.xml,train
India_000896.xml,train
India_005962.xml,train
India_006289.xml,train
India_001119.xml,train
India_006240.xml,train
India_007763.xml,train
India_007292.xml,train
India_004825.xml,train
India_002305.xml,train
India_007368.xml,train
India_005555.xml,train
India_001088.xml,train
India_007386.xml,train
India_001759.xml,train
India_003292.xml,train
India_006011.xml,train
India_007323.xml,train
India_003551.xml,train
India_008821.xml,train
India_009149.xml,train
India_001534.xml,train
India_003651.xml,train
India_007916.xml,train
India_004104.xml,train
India_001192.xml,train
India_006092.xml,train
India_003521.xml,train
India_005674.xml,train
India_004878.xml,train
India_008208.xml,train
India_008621.xml,train
India_006265.xml,train
India_009681.xml,train
India_007341.xml,train
India_001719.xml,train
India_001487.xml,train
India_000502.xml,train
India_004654.xml,train
India_003817.xml,train
India_002968.xml,train
India_005050.xml,train
India_006485.xml,train
India_000289.xml,train
India_007812.xml,train
India_000749.xml,train
India_003398.xml,train
India_007210.xml,train
India_001404.xml,train
India_008346.xml,train
India_008139.xml,train
India_004380.xml,train
India_006970.xml,train
India_005037.xml,train
India_007845.xml,train
India_003424.xml,train
India_007976.xml,train
India_009147.xml,train
India_008235.xml,train
India_004766.xml,train
India_005574.xml,train
India_001732.xml,train
India_006726.xml,train
India_000780.xml,train
India_002235.xml,train
India_008280.xml,train
India_003633.xml,train
India_006782.xml,train
India_002122.xml,train
India_002205.xml,train
India_004943.xml,train
India_003405.xml,train
India_001344.xml,train
India_003103.xml,train
India_006355.xml,train
India_009859.xml,train
India_001605.xml,train
India_000492.xml,train
India_001808.xml,train
India_006966.xml,train
India_007891.xml,train
India_002619.xml,train
India_006658.xml,train
India_006496.xml,train
India_006297.xml,train
India_005152.xml,train
India_006338.xml,train
India_009770.xml,train
India_009728.xml,train
India_004327.xml,train
India_007121.xml,train
India_001803.xml,train
India_001933.xml,train
India_005651.xml,train
India_002566.xml,train
India_002543.xml,train
India_008126.xml,train
India_000241.xml,train
India_002718.xml,train
India_005086.xml,train
India_007848.xml,train
India_007277.xml,train
India_000136.xml,train
India_008341.xml,train
India_005603.xml,train
India_006625.xml,train
India_000472.xml,train
India_006675.xml,train
India_003250.xml,train
India_002989.xml,train
India_003436.xml,train
India_000574.xml,train
India_001186.xml,train
India_006032.xml,train
India_002469.xml,train
India_008858.xml,train
India_004542.xml,train
India_009709.xml,train
India_002432.xml,train
India_007409.xml,train
India_001644.xml,train
India_003697.xml,train
India_008014.xml,train
India_001121.xml,train
India_009205.xml,train
India_001810.xml,train
India_002524.xml,train
India_001397.xml,train
India_008421.xml,train
India_003648.xml,train
India_000476.xml,train
India_004773.xml,train
India_000922.xml,train
India_005123.xml,train
India_008430.xml,train
India_000298.xml,train
India_001704.xml,train
India_009242.xml,train
India_002439.xml,train
India_002142.xml,train
India_009378.xml,train
India_001413.xml,train
India_001124.xml,train
India_003069.xml,train
India_007072.xml,train
India_003002.xml,train
India_000973.xml,train
India_009849.xml,train
India_005620.xml,train
India_004559.xml,train
India_008029.xml,train
India_009199.xml,train
India_000268.xml,train
India_005777.xml,train
India_002558.xml,train
India_007006.xml,train
India_000884.xml,train
India_000521.xml,train
India_007058.xml,train
India_002366.xml,train
India_009388.xml,train
India_000825.xml,train
India_005839.xml,train
India_003907.xml,train
India_009011.xml,train
India_007087.xml,train
India_008097.xml,train
India_009051.xml,train
India_005742.xml,train
India_002320.xml,train
India_008689.xml,train
India_001665.xml,train
India_005591.xml,train
India_009206.xml,train
India_004215.xml,train
India_007200.xml,train
India_005560.xml,train
India_005500.xml,train
India_000905.xml,train
India_008336.xml,train
India_005309.xml,train
India_003902.xml,train
India_003443.xml,train
India_003701.xml,train
India_001893.xml,train
India_004100.xml,train
India_000028.xml,train
India_005040.xml,train
India_009757.xml,train
India_004980.xml,train
India_006405.xml,train
India_006846.xml,train
India_009325.xml,train
India_001111.xml,train
India_003774.xml,train
India_000300.xml,train
India_002532.xml,train
India_006679.xml,train
India_000352.xml,train
India_009795.xml,train
India_000138.xml,train
India_008107.xml,train
India_005104.xml,train
India_001294.xml,train
India_000305.xml,train
India_006373.xml,train
India_004697.xml,train
India_001835.xml,train
India_004319.xml,train
India_009568.xml,train
India_005095.xml,train
India_007657.xml,train
India_005906.xml,train
India_005439.xml,train
India_006379.xml,train
India_006690.xml,train
India_006341.xml,train
India_005285.xml,train
India_001063.xml,train
India_002576.xml,train
India_003611.xml,train
India_006058.xml,train
India_006425.xml,train
India_006557.xml,train
India_004807.xml,train
India_009710.xml,train
India_004478.xml,train
India_008623.xml,train
India_000350.xml,train
India_004749.xml,train
India_001892.xml,train
India_009001.xml,train
India_005524.xml,train
India_003457.xml,train
India_002169.xml,train
India_009582.xml,train
India_006008.xml,train
India_005103.xml,train
India_007342.xml,train
India_006545.xml,train
India_000022.xml,train
India_001076.xml,train
India_007799.xml,train
India_008591.xml,train
India_008905.xml,train
India_004031.xml,train
India_001692.xml,train
India_000684.xml,train
India_001651.xml,train
India_004692.xml,train
India_005624.xml,train
India_001029.xml,train
India_004784.xml,train
India_008535.xml,train
India_004237.xml,train
India_002216.xml,train
India_004588.xml,train
India_005580.xml,train
India_002547.xml,train
India_007599.xml,train
India_003537.xml,train
India_006111.xml,train
India_001869.xml,train
India_007811.xml,train
India_002069.xml,train
India_009698.xml,train
India_001890.xml,train
India_008628.xml,train
India_005028.xml,train
India_003649.xml,train
India_006059.xml,train
India_002856.xml,train
India_004994.xml,train
India_000936.xml,train
India_002200.xml,train
India_003199.xml,train
India_002322.xml,train
India_007596.xml,train
India_007222.xml,train
India_005081.xml,train
India_000131.xml,train
India_003621.xml,train
India_003162.xml,train
India_000570.xml,train
India_009725.xml,train
India_003515.xml,train
India_003175.xml,train
India_007978.xml,train
India_001612.xml,train
India_009178.xml,train
India_000811.xml,train
India_005761.xml,train
India_007928.xml,train
India_000882.xml,train
India_007754.xml,train
India_005370.xml,train
India_007423.xml,train
India_003686.xml,train
India_006986.xml,train
India_001001.xml,train
India_001358.xml,train
India_005745.xml,train
India_002647.xml,train
India_007328.xml,train
India_005203.xml,train
India_006848.xml,train
India_009353.xml,train
India_006867.xml,train
India_002172.xml,train
India_002993.xml,train
India_005752.xml,train
India_001679.xml,train
India_008546.xml,train
India_009718.xml,train
India_003637.xml,train
India_006580.xml,train
India_005823.xml,train
India_003813.xml,train
India_003007.xml,train
India_009551.xml,train
India_009458.xml,train
India_007085.xml,train
India_001446.xml,train
India_006708.xml,train
India_007734.xml,train
India_007851.xml,train
India_002229.xml,train
India_005493.xml,train
India_007101.xml,train
India_003044.xml,train
India_004416.xml,train
India_003846.xml,train
India_006718.xml,train
India_000563.xml,train
India_007019.xml,train
India_006210.xml,train
India_009072.xml,train
India_004013.xml,train
India_009096.xml,train
India_000283.xml,train
India_005197.xml,train
India_006723.xml,train
India_002431.xml,train
India_003733.xml,train
India_004902.xml,train
India_005069.xml,train
India_001623.xml,train
India_009687.xml,train
India_007420.xml,train
India_003948.xml,train
India_005751.xml,train
India_004631.xml,train
India_004209.xml,train
India_000387.xml,train
India_001070.xml,train
India_006098.xml,train
India_007997.xml,train
India_001735.xml,train
India_000483.xml,train
India_008662.xml,train
India_002646.xml,train
India_005236.xml,train
India_006620.xml,train
India_006896.xml,train
India_001005.xml,train
India_002455.xml,train
India_008048.xml,train
India_000733.xml,train
India_006839.xml,train
India_004925.xml,train
India_005784.xml,train
India_004025.xml,train
India_005072.xml,train
India_002153.xml,train
India_004188.xml,train
India_002051.xml,train
India_005557.xml,train
India_002197.xml,train
India_006506.xml,train
India_009865.xml,train
India_003432.xml,train
India_001144.xml,train
India_000421.xml,train
India_007800.xml,train
India_007033.xml,train
India_007952.xml,train
India_005125.xml,train
India_006768.xml,train
India_007579.xml,train
India_000682.xml,train
India_000725.xml,train
India_005963.xml,train
India_008012.xml,train
India_005863.xml,train
India_004363.xml,train
India_004979.xml,train
India_003077.xml,train
India_002371.xml,train
India_006042.xml,train
India_000861.xml,train
India_008677.xml,train
India_001842.xml,train
India_008664.xml,train
India_004398.xml,train
India_006044.xml,train
India_008637.xml,train
India_004344.xml,train
India_000580.xml,train
India_008778.xml,train
India_005286.xml,train
India_009868.xml,train
India_008891.xml,train
India_001634.xml,train
India_007892.xml,train
India_005030.xml,train
India_004199.xml,train
India_009119.xml,train
India_001190.xml,train
India_007766.xml,train
India_007704.xml,train
India_008605.xml,train
India_002462.xml,train
India_003142.xml,train
India_003867.xml,train
India_002493.xml,train
India_009165.xml,train
India_007091.xml,train
India_004655.xml,train
India_002063.xml,train
India_004256.xml,train
India_000427.xml,train
India_006693.xml,train
India_001077.xml,train
India_001475.xml,train
India_003299.xml,train
India_008893.xml,train
India_007410.xml,train
India_001836.xml,train
India_007329.xml,train
India_002540.xml,train
India_009472.xml,train
India_006495.xml,train
India_005852.xml,train
India_006593.xml,train
India_007616.xml,train
India_006164.xml,train
India_009588.xml,train
India_007750.xml,train
India_007054.xml,train
India_008783.xml,train
India_009330.xml,train
India_003075.xml,train
India_000334.xml,train
India_007107.xml,train
India_000144.xml,train
India_008118.xml,train
India_006993.xml,train
India_005905.xml,train
India_003244.xml,train
India_006091.xml,train
India_001104.xml,train
India_007785.xml,train
India_004202.xml,train
India_001065.xml,train
India_005846.xml,train
India_009730.xml,train
India_001247.xml,train
India_004424.xml,train
India_008383.xml,train
India_007226.xml,train
India_004687.xml,train
India_009469.xml,train
India_002552.xml,train
India_006249.xml,train
India_008479.xml,train
India_006760.xml,train
India_008534.xml,train
India_008401.xml,train
India_000606.xml,train
India_001994.xml,train
India_005216.xml,train
India_001078.xml,train
India_001794.xml,train
India_007427.xml,train
India_000349.xml,train
India_000327.xml,train
India_006258.xml,train
India_009850.xml,train
India_004346.xml,train
India_009338.xml,train
India_000994.xml,train
India_003883.xml,train
India_007037.xml,train
India_005687.xml,train
India_000053.xml,train
India_001478.xml,train
India_001739.xml,train
India_009570.xml,train
India_007714.xml,train
India_006656.xml,train
India_006071.xml,train
India_008946.xml,train
India_008998.xml,train
India_001118.xml,train
India_005589.xml,train
India_004705.xml,train
India_003545.xml,train
India_001736.xml,train
India_001105.xml,train
India_001978.xml,train
India_008440.xml,train
India_008357.xml,train
India_006584.xml,train
India_008619.xml,train
India_001485.xml,train
India_000336.xml,train
India_005954.xml,train
India_002795.xml,train
India_009439.xml,train
India_000016.xml,train
India_003693.xml,train
India_008569.xml,train
India_005073.xml,train
India_004958.xml,train
India_007896.xml,train
India_002985.xml,train
India_008809.xml,train
India_000205.xml,train
India_000779.xml,train
India_004034.xml,train
India_007880.xml,train
India_003353.xml,train
India_004730.xml,train
India_006819.xml,train
India_003960.xml,train
India_009578.xml,train
India_005401.xml,train
India_007691.xml,train
India_008665.xml,train
India_004394.xml,train
India_008375.xml,train
India_004540.xml,train
India_009099.xml,train
India_001596.xml,train
India_002790.xml,train
India_008747.xml,train
India_001151.xml,train
India_007908.xml,train
India_003346.xml,train
India_005308.xml,train
India_001607.xml,train
India_008496.xml,train
India_002220.xml,train
India_009791.xml,train
India_004260.xml,train
India_007642.xml,train
India_002751.xml,train
India_004366.xml,train
India_002356.xml,train
India_009239.xml,train
India_001552.xml,train
India_002331.xml,train
India_009511.xml,train
India_009836.xml,train
India_002339.xml,train
India_003225.xml,train
India_007571.xml,train
India_005351.xml,train
India_009891.xml,train
India_008970.xml,train
India_004722.xml,train
India_005976.xml,train
India_006851.xml,train
India_008329.xml,train
India_001752.xml,train
India_006667.xml,train
India_003363.xml,train
India_009254.xml,train
India_006504.xml,train
India_001517.xml,train
India_007865.xml,train
India_001345.xml,train
India_000315.xml,train
India_007258.xml,train
India_000198.xml,train
India_007597.xml,train
India_008157.xml,train
India_004097.xml,train
India_005324.xml,train
India_000121.xml,train
India_008178.xml,train
India_001466.xml,train
India_008680.xml,train
India_000965.xml,train
India_001082.xml,train
India_009281.xml,train
India_003614.xml,train
India_008626.xml,train
India_006245.xml,train
India_007559.xml,train
India_002974.xml,train
India_001322.xml,train
India_006047.xml,train
India_009682.xml,train
India_002853.xml,train
India_001982.xml,train
India_000163.xml,train
India_008023.xml,train
India_001829.xml,train
India_006825.xml,train
India_008826.xml,train
India_006532.xml,train
India_005506.xml,train
India_009387.xml,train
India_004310.xml,train
India_004595.xml,train
India_000644.xml,train
India_008133.xml,train
India_003805.xml,train
India_008636.xml,train
India_005006.xml,train
India_004632.xml,train
India_001222.xml,train
India_003720.xml,train
India_004741.xml,train
India_009108.xml,train
India_005544.xml,train
India_005995.xml,train
India_000955.xml,train
India_005316.xml,train
India_005952.xml,train
India_003658.xml,train
India_001158.xml,train
India_007308.xml,train
India_007615.xml,train
India_004153.xml,train
India_000956.xml,train
India_008209.xml,train
India_006292.xml,train
India_004251.xml,train
India_004778.xml,train
India_000726.xml,train
India_003576.xml,train
India_009065.xml,train
India_006320.xml,train
India_007789.xml,train
India_008435.xml,train
India_005130.xml,train
India_002119.xml,train
India_006843.xml,train
India_003163.xml,train
India_007422.xml,train
India_000010.xml,train
India_000635.xml,train
India_004635.xml,train
India_007665.xml,train
India_005902.xml,train
India_000932.xml,train
India_002984.xml,train
India_009033.xml,train
India_005374.xml,train
India_007165.xml,train
India_002317.xml,train
India_005950.xml,train
India_008829.xml,train
India_000111.xml,train
India_008018.xml,train
India_008767.xml,train
India_005070.xml,train
India_007007.xml,train
India_005101.xml,train
India_005379.xml,train
India_004618.xml,train
India_000292.xml,train
India_006342.xml,train
India_006850.xml,train
India_004243.xml,train
India_003773.xml,train
India_006518.xml,train
India_009762.xml,train
India_006763.xml,train
India_004289.xml,train
India_000316.xml,train
India_009346.xml,train
India_003159.xml,train
India_005697.xml,train
India_000719.xml,train
India_007819.xml,train
India_008473.xml,train
India_008828.xml,train
India_002893.xml,train
India_007196.xml,train
India_008377.xml,train
India_009337.xml,train
India_008645.xml,train
India_007046.xml,train
India_005094.xml,train
India_005528.xml,train
India_006898.xml,train
India_007883.xml,train
India_008749.xml,train
India_009664.xml,train
India_001023.xml,train
India_007518.xml,train
India_005214.xml,train
India_008632.xml,train
India_008961.xml,train
India_007998.xml,train
India_001249.xml,train
India_008742.xml,train
India_009414.xml,train
India_009384.xml,train
India_000204.xml,train
India_002770.xml,train
India_002175.xml,train
India_000270.xml,train
India_002330.xml,train
India_000032.xml,train
India_007405.xml,train
India_000323.xml,train
India_009117.xml,train
India_004921.xml,train
India_005452.xml,train
India_001896.xml,train
India_003772.xml,train
India_001832.xml,train
India_009796.xml,train
India_000513.xml,train
India_002553.xml,train
India_005670.xml,train
India_002097.xml,train
India_002129.xml,train
India_008404.xml,train
India_004259.xml,train
India_007648.xml,train
India_003636.xml,train
India_003451.xml,train
India_006534.xml,train
India_009571.xml,train
India_005149.xml,train
India_000026.xml,train
India_002844.xml,train
India_006640.xml,train
India_007946.xml,train
India_009025.xml,train
India_004759.xml,train
India_009887.xml,train
India_006571.xml,train
India_009389.xml,train
India_008031.xml,train
India_004679.xml,train
India_007959.xml,train
India_005435.xml,train
India_003888.xml,train
India_006751.xml,train
India_004940.xml,train
India_002556.xml,train
India_006984.xml,train
India_006063.xml,train
India_004490.xml,train
India_002114.xml,train
India_000477.xml,train
India_000801.xml,train
India_003775.xml,train
India_002288.xml,train
India_008173.xml,train
India_003739.xml,train
India_000207.xml,train
India_004240.xml,train
India_003143.xml,train
India_003421.xml,train
India_003994.xml,train
India_009559.xml,train
India_002165.xml,train
India_000112.xml,train
India_002344.xml,train
India_007682.xml,train
India_001820.xml,train
India_001150.xml,train
India_000969.xml,train
India_009401.xml,train
India_008926.xml,train
India_004844.xml,train
India_001768.xml,train
India_007921.xml,train
India_004165.xml,train
India_005688.xml,train
India_009166.xml,train
India_001102.xml,train
India_006814.xml,train
India_008004.xml,train
India_009440.xml,train
India_008589.xml,train
India_005345.xml,train
India_009690.xml,train
India_004793.xml,train
India_007345.xml,train
India_009615.xml,train
India_001321.xml,train
India_008501.xml,train
India_008123.xml,train
India_000187.xml,train
India_006142.xml,train
India_001493.xml,train
India_004273.xml,train
India_008855.xml,train
India_009804.xml,train
India_005695.xml,train
India_003506.xml,train
India_000798.xml,train
India_009243.xml,train
India_003139.xml,train
India_007546.xml,train
India_009089.xml,train
India_008864.xml,train
India_006323.xml,train
India_006973.xml,train
India_007961.xml,train
India_006436.xml,train
India_009421.xml,train
India_006442.xml,train
India_004235.xml,train
India_003478.xml,train
India_005842.xml,train
India_002914.xml,train
India_001199.xml,train
India_006835.xml,train
India_006239.xml,train
India_003242.xml,train
India_000680.xml,train
India_007178.xml,train
India_004293.xml,train
India_009124.xml,train
India_009675.xml,train
India_004308.xml,train
India_005296.xml,train
India_005934.xml,train
India_002992.xml,train
India_004114.xml,train
India_004922.xml,train
India_003211.xml,train
India_002938.xml,train
India_008518.xml,train
India_008564.xml,train
India_008719.xml,train
India_001700.xml,train
India_004268.xml,train
India_001275.xml,train
India_007404.xml,train
India_009806.xml,train
India_001366.xml,train
India_007498.xml,train
India_003259.xml,train
India_005090.xml,train
India_006272.xml,train
India_005235.xml,train
India_005929.xml,train
India_007398.xml,train
India_002578.xml,train
India_001715.xml,train
India_000304.xml,train
India_005815.xml,train
India_004113.xml,train
India_007118.xml,train
India_000147.xml,train
India_004915.xml,train
India_004527.xml,train
India_006376.xml,train
India_000991.xml,train
India_006809.xml,train
India_000996.xml,train
India_000208.xml,train
India_004024.xml,train
India_008352.xml,train
India_009595.xml,train
India_001056.xml,train
India_001693.xml,train
India_006933.xml,train
India_004638.xml,train
India_003943.xml,train
India_009802.xml,train
India_000835.xml,train
India_007449.xml,train
India_004563.xml,train
India_008321.xml,train
India_004367.xml,train
India_003654.xml,train
India_001545.xml,train
India_006148.xml,train
India_008709.xml,train
India_008692.xml,train
India_000576.xml,train
India_009575.xml,train
India_005716.xml,train
India_005470.xml,train
India_001346.xml,train
India_003918.xml,train
India_001591.xml,train
India_004241.xml,train
India_008545.xml,train
India_007164.xml,train
India_000471.xml,train
India_003494.xml,train
India_000488.xml,train
India_003017.xml,train
India_005364.xml,train
India_002589.xml,train
India_006397.xml,train
India_005948.xml,train
India_000971.xml,train
India_009830.xml,train
India_003942.xml,train
India_009685.xml,train
India_001093.xml,train
India_007535.xml,train
India_002855.xml,train
India_005189.xml,train
India_003700.xml,train
India_003392.xml,train
India_004870.xml,train
India_001176.xml,train
India_001877.xml,train
India_002178.xml,train
India_008117.xml,train
India_003528.xml,train
India_008834.xml,train
India_005240.xml,train
India_000655.xml,train
India_002074.xml,train
India_005910.xml,train
India_002615.xml,train
India_001166.xml,train
India_004801.xml,train
India_000135.xml,train
India_000945.xml,train
India_005453.xml,train
India_006454.xml,train
India_009104.xml,train
India_007650.xml,train
India_006253.xml,train
India_009289.xml,train
India_003172.xml,train
India_009094.xml,train
India_007272.xml,train
India_005884.xml,train
India_003404.xml,train
India_007067.xml,train
India_000787.xml,train
India_000601.xml,train
India_004502.xml,train
India_001867.xml,train
India_003197.xml,train
India_002980.xml,train
India_007411.xml,train
India_001766.xml,train
India_008431.xml,train
India_009373.xml,train
India_001100.xml,train
India_003417.xml,train
India_005682.xml,train
India_005826.xml,train
India_005262.xml,train
India_002737.xml,train
India_001238.xml,train
India_001912.xml,train
India_002671.xml,train
India_008653.xml,train
India_004636.xml,train
India_001837.xml,train
India_007724.xml,train
India_005689.xml,train
India_008457.xml,train
India_007029.xml,train
India_002598.xml,train
India_001253.xml,train
India_004297.xml,train
India_009137.xml,train
India_005194.xml,train
India_003854.xml,train
India_003639.xml,train
India_009077.xml,train
India_007829.xml,train
India_006807.xml,train
India_008953.xml,train
India_008941.xml,train
India_004099.xml,train
India_009863.xml,train
India_001330.xml,train
India_006112.xml,train
India_000567.xml,train
India_009761.xml,train
India_004762.xml,train
India_007514.xml,train
India_008868.xml,train
India_008475.xml,train
India_008673.xml,train
India_004265.xml,train
India_009121.xml,train
India_002164.xml,train
India_005179.xml,train
India_000579.xml,train
India_008659.xml,train
India_003256.xml,train
India_006699.xml,train
India_004528.xml,train
India_008154.xml,train
India_005137.xml,train
India_002806.xml,train
India_007497.xml,train
India_006827.xml,train
India_005304.xml,train
India_000017.xml,train
India_005490.xml,train
India_003048.xml,train
India_005114.xml,train
India_007639.xml,train
India_003744.xml,train
India_009164.xml,train
India_000217.xml,train
India_001010.xml,train
India_001668.xml,train
India_009402.xml,train
India_008053.xml,train
India_005704.xml,train
India_000500.xml,train
India_004847.xml,train
India_006626.xml,train
India_005167.xml,train
India_008376.xml,train
India_003330.xml,train
India_000170.xml,train
India_000526.xml,train
India_002910.xml,train
India_007567.xml,train
India_009063.xml,train
India_005893.xml,train
India_004110.xml,train
India_002498.xml,train
India_009838.xml,train
India_005601.xml,train
India_006130.xml,train
India_008512.xml,train
India_009118.xml,train
India_000475.xml,train
India_002781.xml,train
India_008504.xml,train
India_002472.xml,train
India_000730.xml,train
India_009390.xml,train
India_009526.xml,train
India_004899.xml,train
India_008816.xml,train
India_000461.xml,train
India_007820.xml,train
India_000105.xml,train
India_005999.xml,train
India_006674.xml,train
India_000803.xml,train
India_004276.xml,train
India_009763.xml,train
India_007450.xml,train
India_003508.xml,train
India_000262.xml,train
India_002860.xml,train
India_002254.xml,train
India_002222.xml,train
India_005372.xml,train
India_007850.xml,train
India_000253.xml,train
India_008622.xml,train
India_007641.xml,train
India_002385.xml,train
India_004466.xml,train
India_008780.xml,train
India_006908.xml,train
India_007419.xml,train
India_005497.xml,train
India_003263.xml,train
India_000930.xml,train
India_008151.xml,train
India_004482.xml,train
India_005832.xml,train
India_004182.xml,train
India_005487.xml,train
India_003216.xml,train
India_002002.xml,train
India_000594.xml,train
India_008579.xml,train
India_003702.xml,train
India_006271.xml,train
India_003372.xml,train
India_002465.xml,train
India_009113.xml,train
India_003313.xml,train
India_000080.xml,train
India_001618.xml,train
India_006390.xml,train
India_008524.xml,train
India_002490.xml,train
India_001126.xml,train
India_005065.xml,train
India_000528.xml,train
India_000814.xml,train
India_007269.xml,train
India_005371.xml,train
India_006268.xml,train
India_009339.xml,train
India_001722.xml,train
India_000079.xml,train
India_007906.xml,train
India_009714.xml,train
India_003822.xml,train
India_009112.xml,train
India_009446.xml,train
India_003734.xml,train
India_004982.xml,train
India_002767.xml,train
India_000532.xml,train
India_009514.xml,train
India_002416.xml,train
India_004091.xml,train
India_003901.xml,train
India_004261.xml,train
India_002264.xml,train
India_003843.xml,train
India_004006.xml,train
India_009483.xml,train
India_008442.xml,train
India_006528.xml,train
India_008112.xml,train
India_002150.xml,train
India_001804.xml,train
India_004433.xml,train
India_000540.xml,train
India_005804.xml,train
India_000332.xml,train
India_002799.xml,train
India_007802.xml,train
India_008502.xml,train
India_008142.xml,train
India_007061.xml,train
India_005652.xml,train
India_005802.xml,train
India_008861.xml,train
India_000251.xml,train
India_006950.xml,train
India_000731.xml,train
India_001337.xml,train
India_003275.xml,train
India_001949.xml,train
India_001449.xml,train
India_005025.xml,train
India_008212.xml,train
India_001068.xml,train
India_003073.xml,train
India_004005.xml,train
India_001954.xml,train
India_000764.xml,train
India_006705.xml,train
India_003873.xml,train
India_004079.xml,train
India_007804.xml,train
India_006214.xml,train
India_006570.xml,train
India_001319.xml,train
India_006170.xml,train
India_006121.xml,train
India_002714.xml,train
India_007158.xml,train
India_000310.xml,train
India_005543.xml,train
India_007172.xml,train
India_000155.xml,train
India_003144.xml,train
India_002404.xml,train
India_000403.xml,train
India_001815.xml,train
India_005613.xml,train
India_006018.xml,train
India_004821.xml,train
India_001488.xml,train
India_000510.xml,train
India_002077.xml,train
India_004926.xml,train
India_008312.xml,train
India_006883.xml,train
India_008253.xml,train
India_006469.xml,train
India_007105.xml,train
India_000227.xml,train
India_009290.xml,train
India_004742.xml,train
India_002204.xml,train
India_001685.xml,train
India_005844.xml,train
India_003560.xml,train
India_001858.xml,train
India_000931.xml,train
India_004471.xml,train
India_003742.xml,train
India_003186.xml,train
India_004473.xml,train
India_005343.xml,train
India_007583.xml,train
India_002167.xml,train
India_006523.xml,train
India_007745.xml,train
India_008929.xml,train
India_003164.xml,train
India_000036.xml,train
India_004092.xml,train
India_002819.xml,train
India_003181.xml,train
India_002944.xml,train
India_003556.xml,train
India_009592.xml,train
India_001282.xml,train
India_000984.xml,train
India_009562.xml,train
India_008533.xml,train
India_005550.xml,train
India_002380.xml,train
India_000191.xml,train
India_008611.xml,train
India_000371.xml,train
India_003951.xml,train
India_005115.xml,train
India_008510.xml,train
India_001217.xml,train
India_006369.xml,train
India_002766.xml,train
India_007542.xml,train
India_005744.xml,train
India_007288.xml,train
India_008832.xml,train
India_001320.xml,train
India_007923.xml,train
India_006804.xml,train
India_006398.xml,train
India_009655.xml,train
India_009546.xml,train
India_005261.xml,train
India_006365.xml,train
India_001939.xml,train
India_006801.xml,train
India_003460.xml,train
India_006710.xml,train
India_003547.xml,train
India_009699.xml,train
India_007181.xml,train
India_003746.xml,train
India_006812.xml,train
India_005277.xml,train
India_008236.xml,train
India_001589.xml,train
India_007198.xml,train
India_001667.xml,train
India_001646.xml,train
India_007756.xml,train
India_009813.xml,train
India_004037.xml,train
India_001069.xml,train
India_005527.xml,train
India_001630.xml,train
India_009110.xml,train
India_000064.xml,train
India_006367.xml,train
India_006362.xml,train
India_007780.xml,train
India_005023.xml,train
India_000711.xml,train
India_007362.xml,train
India_005046.xml,train
India_000484.xml,train
India_007744.xml,train
India_004027.xml,train
India_007163.xml,train
India_002286.xml,train
India_009107.xml,train
India_008539.xml,train
India_005711.xml,train
India_004519.xml,train
India_006621.xml,train
India_003608.xml,train
India_004886.xml,train
India_001028.xml,train
India_009366.xml,train
India_009833.xml,train
India_004458.xml,train
India_007792.xml,train
India_000732.xml,train
India_001291.xml,train
India_000267.xml,train
India_007367.xml,train
India_002666.xml,train
India_006672.xml,train
India_000786.xml,train
India_008387.xml,train
India_007457.xml,train
India_003413.xml,train
India_006437.xml,train
India_007565.xml,train
India_006010.xml,train
India_003609.xml,train
India_006609.xml,train
India_003980.xml,train
India_003125.xml,train
India_005014.xml,train
India_005057.xml,train
India_006474.xml,train
India_006641.xml,train
India_008992.xml,train
India_003059.xml,train
India_000757.xml,train
India_003870.xml,train
India_004086.xml,train
India_002030.xml,train
India_007424.xml,train
India_009755.xml,train
India_006938.xml,train
India_001336.xml,train
India_001822.xml,train
India_007827.xml,train
India_002015.xml,train
India_006689.xml,train
India_003670.xml,train
India_000832.xml,train
India_002348.xml,train
India_002098.xml,train
India_007438.xml,train
India_004290.xml,train
India_005269.xml,train
India_009752.xml,train
India_004283.xml,train
India_005139.xml,train
India_009109.xml,train
India_002177.xml,train
India_001316.xml,train
India_003188.xml,train
India_009656.xml,train
India_008907.xml,train
India_000915.xml,train
India_008607.xml,train
India_002697.xml,train
India_005456.xml,train
India_008486.xml,train
India_004853.xml,train
India_008648.xml,train
India_009697.xml,train
India_008398.xml,train
India_003084.xml,train
India_003683.xml,train
India_001923.xml,train
India_009609.xml,train
India_009299.xml,train
India_002065.xml,train
India_000998.xml,train
India_002586.xml,train
India_001037.xml,train
India_005481.xml,train
India_001084.xml,train
India_006280.xml,train
India_005084.xml,train
India_009423.xml,train
India_007481.xml,train
India_003672.xml,train
India_005177.xml,train
India_002039.xml,train
India_003674.xml,train
India_007984.xml,train
India_002139.xml,train
India_008065.xml,train
India_001315.xml,train
India_000285.xml,train
India_008606.xml,train
India_003857.xml,train
India_004723.xml,train
India_004316.xml,train
India_003824.xml,train
India_005820.xml,train
India_008691.xml,train
India_008172.xml,train
India_006805.xml,train
India_008333.xml,train
India_007619.xml,train
India_000529.xml,train
India_007529.xml,train
India_004854.xml,train
India_000959.xml,train
India_008727.xml,train
India_009503.xml,train
India_003028.xml,train
India_001324.xml,train
India_008271.xml,train
India_001747.xml,train
India_002487.xml,train
India_003466.xml,train
India_009767.xml,train
India_004318.xml,train
India_008555.xml,train
India_005586.xml,train
India_003447.xml,train
India_004900.xml,train
India_000109.xml,train
India_009216.xml,train
India_005096.xml,train
India_007687.xml,train
India_004349.xml,train
India_008138.xml,train
India_001303.xml,train
India_002358.xml,train
India_002134.xml,train
India_004771.xml,train
India_003643.xml,train
India_009574.xml,train
India_000685.xml,train
India_009331.xml,train
India_002360.xml,train
India_001963.xml,train
India_006041.xml,train
India_005981.xml,train
India_002092.xml,train
India_000412.xml,train
India_006476.xml,train
India_006517.xml,train
India_003116.xml,train
India_002052.xml,train
India_006013.xml,train
India_000602.xml,train
India_003058.xml,train
India_005547.xml,train
India_002484.xml,train
India_006031.xml,train
India_009599.xml,train
India_006198.xml,train
India_001507.xml,train
India_003217.xml,train
India_004210.xml,train
India_002523.xml,train
India_008223.xml,train
India_005874.xml,train
India_005782.xml,train
India_007285.xml,train
India_003764.xml,train
India_003719.xml,train
India_002829.xml,train
India_006755.xml,train
India_000480.xml,train
India_001374.xml,train
India_007149.xml,train
India_005161.xml,train
India_007331.xml,train
India_000565.xml,train
India_006105.xml,train
India_004734.xml,train
India_007729.xml,train
India_001301.xml,train
India_001187.xml,train
India_002700.xml,train
India_007821.xml,train
India_001863.xml,train
India_009045.xml,train
India_002214.xml,train
India_006230.xml,train
India_009519.xml,train
India_002886.xml,train
India_001977.xml,train
India_002711.xml,train
India_005996.xml,train
India_003381.xml,train
India_007470.xml,train
India_007260.xml,train
India_007707.xml,train
India_009855.xml,train
India_007099.xml,train
India_000222.xml,train
India_001269.xml,train
India_004105.xml,train
India_007977.xml,train
India_005830.xml,train
India_008549.xml,train
India_005659.xml,train
India_004116.xml,train
India_008779.xml,train
India_002238.xml,train
India_000431.xml,train
India_005155.xml,train
India_001038.xml,train
India_005799.xml,train
India_008231.xml,train
India_004594.xml,train
India_003385.xml,train
India_004677.xml,train
India_007134.xml,train
India_009217.xml,train
India_005170.xml,train
India_000330.xml,train
India_004874.xml,train
India_001231.xml,train
India_002520.xml,train
India_008386.xml,train
India_000275.xml,train
India_009139.xml,train
India_004080.xml,train
India_007618.xml,train
India_009170.xml,train
India_007109.xml,train
India_002005.xml,train
India_007844.xml,train
India_002612.xml,train
India_000869.xml,train
India_008397.xml,train
India_003411.xml,train
India_002673.xml,train
India_001017.xml,train
India_009249.xml,train
India_006255.xml,train
India_009678.xml,train
India_004936.xml,train
India_003505.xml,train
India_000935.xml,train
India_006524.xml,train
India_003293.xml,train
India_000354.xml,train
India_006262.xml,train
India_002132.xml,train
India_004620.xml,train
India_003165.xml,train
India_003755.xml,train
India_006652.xml,train
India_004462.xml,train
India_002032.xml,train
India_004739.xml,train
India_002503.xml,train
India_001180.xml,train
India_008764.xml,train
India_005505.xml,train
India_005472.xml,train
India_004815.xml,train
India_002400.xml,train
India_007632.xml,train
India_007609.xml,train
India_003908.xml,train
India_009152.xml,train
India_007286.xml,train
India_003282.xml,train
India_006012.xml,train
India_007876.xml,train
India_004657.xml,train
India_000879.xml,train
India_005397.xml,train
India_006977.xml,train
India_003317.xml,train
India_004236.xml,train
India_005917.xml,train
India_005876.xml,train
India_003595.xml,train
India_004738.xml,train
India_008409.xml,train
India_001873.xml,train
India_004504.xml,train
India_006844.xml,train
India_005539.xml,train
India_005055.xml,train
India_008084.xml,train
India_004063.xml,train
India_002976.xml,train
India_009888.xml,train
India_009647.xml,train
India_005408.xml,train
India_000494.xml,train
India_006549.xml,train
India_000219.xml,train
India_007740.xml,train
India_009702.xml,train
India_001194.xml,train
India_001026.xml,train
India_009427.xml,train
India_001071.xml,train
India_002332.xml,train
India_004735.xml,train
India_007985.xml,train
India_007144.xml,train
India_003740.xml,train
India_001135.xml,train
India_002939.xml,train
India_005315.xml,train
India_000193.xml,train
India_006473.xml,train
India_006904.xml,train
India_000667.xml,train
India_007267.xml,train
India_000560.xml,train
India_000948.xml,train
India_003187.xml,train
India_005990.xml,train
India_009800.xml,train
India_001769.xml,train
India_004629.xml,train
India_000002.xml,train
India_009713.xml,train
India_009858.xml,train
India_004829.xml,train
India_006560.xml,train
India_002784.xml,train
India_005712.xml,train
India_007132.xml,train
India_005206.xml,train
India_000157.xml,train
India_007429.xml,train
India_008863.xml,train
India_009799.xml,train
India_008141.xml,train
India_009769.xml,train
India_007525.xml,train
India_009056.xml,train
India_007421.xml,train
India_003880.xml,train
India_006786.xml,train
India_004948.xml,train
India_005678.xml,train
India_003668.xml,train
India_000639.xml,train
India_001510.xml,train
India_000800.xml,train
India_005701.xml,train
India_008757.xml,train
India_001533.xml,train
India_003148.xml,train
India_005395.xml,train
India_008214.xml,train
India_005340.xml,train
India_009885.xml,train
India_007390.xml,train
India_008420.xml,train
India_000678.xml,train
India_006413.xml,train
India_002071.xml,train
India_007052.xml,train
India_008279.xml,train
India_005185.xml,train
India_007955.xml,train
India_008565.xml,train
India_008371.xml,train
India_005873.xml,train
India_007608.xml,train
India_006049.xml,train
India_001400.xml,train
India_009032.xml,train
India_005051.xml,train
India_004577.xml,train
India_000042.xml,train
India_003063.xml,train
India_003444.xml,train
India_001684.xml,train
India_004257.xml,train
India_005871.xml,train
India_000988.xml,train
India_006449.xml,train
India_008614.xml,train
India_004166.xml,train
India_001408.xml,train
India_001239.xml,train
India_006956.xml,train
India_005894.xml,train
India_004041.xml,train
India_005892.xml,train
India_003501.xml,train
India_003449.xml,train
India_008854.xml,train
India_008159.xml,train
India_003420.xml,train
India_009741.xml,train
India_003967.xml,train
India_008517.xml,train
India_006647.xml,train
India_004253.xml,train
India_005699.xml,train
India_008167.xml,train
India_008707.xml,train
India_002611.xml,train
India_008467.xml,train
India_000853.xml,train
India_006487.xml,train
India_008682.xml,train
India_001741.xml,train
India_002972.xml,train
India_001512.xml,train
India_008847.xml,train
India_002184.xml,train
India_002336.xml,train
India_003456.xml,train
India_000299.xml,train
India_002604.xml,train
India_002141.xml,train
India_003290.xml,train
India_004149.xml,train
India_002212.xml,train
India_006283.xml,train
India_005289.xml,train
India_005491.xml,train
India_001097.xml,train
India_004004.xml,train
India_003713.xml,train
India_003012.xml,train
India_008759.xml,train
India_000765.xml,train
India_006509.xml,train
India_002935.xml,train
India_000446.xml,train
India_002343.xml,train
India_009288.xml,train
India_007173.xml,train
India_004364.xml,train
India_005436.xml,train
India_007699.xml,train
India_005838.xml,train
India_001611.xml,train
India_008078.xml,train
India_003874.xml,train
India_005099.xml,train
India_007834.xml,train
India_003107.xml,train
India_004139.xml,train
India_003749.xml,train
India_009453.xml,train
India_006780.xml,train
India_008740.xml,train
India_007299.xml,train
India_001046.xml,train
India_002603.xml,train
India_004090.xml,train
India_007464.xml,train
India_009424.xml,train
India_005665.xml,train
India_000934.xml,train
India_002609.xml,train
India_000543.xml,train
India_001045.xml,train
India_005568.xml,train
India_007870.xml,train
India_003776.xml,train
India_000303.xml,train
India_002725.xml,train
India_003384.xml,train
India_008192.xml,train
India_005778.xml,train
India_002595.xml,train
India_005473.xml,train
India_000985.xml,train
India_006324.xml,train
India_003601.xml,train
India_005840.xml,train
India_000874.xml,train
India_004337.xml,train
India_008128.xml,train
India_001686.xml,train
India_006305.xml,train
India_001207.xml,train
India_006089.xml,train
India_006281.xml,train
India_005824.xml,train
India_009481.xml,train
India_001048.xml,train
India_007268.xml,train
India_000928.xml,train
India_004405.xml,train
India_002934.xml,train
India_005642.xml,train
India_000657.xml,train
India_001445.xml,train
India_000964.xml,train
India_009807.xml,train
India_004233.xml,train
India_002648.xml,train
India_007205.xml,train
India_009744.xml,train
India_001850.xml,train
India_003709.xml,train
India_001096.xml,train
India_006899.xml,train
India_008956.xml,train
India_002478.xml,train
India_003068.xml,train
India_000797.xml,train
India_001998.xml,train
India_000242.xml,train
India_006923.xml,train
India_001593.xml,train
India_002401.xml,train
India_002919.xml,train
India_001098.xml,train
India_002899.xml,train
India_006206.xml,train
India_008851.xml,train
India_008800.xml,train
India_003283.xml,train
India_008093.xml,train
India_007644.xml,train
India_005488.xml,train
India_006078.xml,train
India_006347.xml,train
India_001033.xml,train
India_000649.xml,train
India_007016.xml,train
India_001492.xml,train
India_005128.xml,train
India_004658.xml,train
India_005480.xml,train
India_001598.xml,train
India_000821.xml,train
India_005857.xml,train
India_008711.xml,train
India_008190.xml,train
India_001585.xml,train
India_007753.xml,train
India_006027.xml,train
India_009368.xml,train
India_006962.xml,train
India_007905.xml,train
India_001799.xml,train
India_009377.xml,train
India_004361.xml,train
India_001167.xml,train
India_008531.xml,train
India_000766.xml,train
India_000367.xml,train
India_004046.xml,train
India_006910.xml,train
India_003750.xml,train
India_007281.xml,train
India_000683.xml,train
India_000317.xml,train
India_005496.xml,train
India_009545.xml,train
India_000210.xml,train
India_006005.xml,train
India_005677.xml,train
India_004371.xml,train
India_004822.xml,train
India_003296.xml,train
India_008862.xml,train
India_009591.xml,train
India_007612.xml,train
India_001708.xml,train
India_003863.xml,train
India_006953.xml,train
India_000286.xml,train
India_000710.xml,train
India_007817.xml,train
India_000274.xml,train
India_008526.xml,train
India_000429.xml,train
India_008857.xml,train
India_007647.xml,train
India_004515.xml,train
India_004944.xml,train
India_007712.xml,train
India_004666.xml,train
India_005266.xml,train
India_009747.xml,train
India_005246.xml,train
India_005305.xml,train
India_007458.xml,train
India_006581.xml,train
India_009055.xml,train
India_001115.xml,train
India_001235.xml,train
India_004373.xml,train
India_002749.xml,train
India_001959.xml,train
India_006360.xml,train
India_006099.xml,train
India_006483.xml,train
India_008039.xml,train
India_003623.xml,train
India_006847.xml,train
India_006863.xml,train
India_004390.xml,train
India_005937.xml,train
India_002105.xml,train
India_007505.xml,train
India_001619.xml,train
India_008634.xml,train
India_009372.xml,train
India_004069.xml,train
India_005974.xml,train
India_002824.xml,train
India_000653.xml,train
India_005288.xml,train
India_004035.xml,train
India_002572.xml,train
India_000768.xml,train
India_004933.xml,train
India_006385.xml,train
India_001672.xml,train
India_002099.xml,train
India_003205.xml,train
India_006630.xml,train
India_008242.xml,train
India_007406.xml,train
India_004553.xml,train
India_000586.xml,train
India_003936.xml,train
India_002411.xml,train
India_001528.xml,train
India_002907.xml,train
India_005891.xml,train
India_005634.xml,train
India_006766.xml,train
India_003001.xml,train
India_004345.xml,train
India_005627.xml,train
India_002746.xml,train
India_003763.xml,train
India_004178.xml,train
India_000555.xml,train
India_001185.xml,train
India_009383.xml,train
India_002283.xml,train
India_006541.xml,train
India_007137.xml,train
India_006021.xml,train
India_005957.xml,train
India_007360.xml,train
India_003320.xml,train
India_006585.xml,train
India_001660.xml,train
India_001981.xml,train
India_008468.xml,train
India_003911.xml,train
India_002009.xml,train
India_002837.xml,train
India_003629.xml,train
India_008229.xml,train
India_001341.xml,train
India_007315.xml,train
India_009620.xml,train
India_005666.xml,train
India_009263.xml,train
India_005320.xml,train
India_004690.xml,train
India_000102.xml,train
India_000952.xml,train
India_000090.xml,train
India_003000.xml,train
India_001441.xml,train
India_001421.xml,train
India_000712.xml,train
India_000448.xml,train
India_002482.xml,train
India_005847.xml,train
India_008497.xml,train
India_008034.xml,train
India_008598.xml,train
India_004580.xml,train
India_006529.xml,train
India_000788.xml,train
India_003438.xml,train
India_008249.xml,train
India_000101.xml,train
India_006884.xml,train
India_001929.xml,train
India_000617.xml,train
India_001743.xml,train
India_008904.xml,train
India_000390.xml,train
India_008109.xml,train
India_003032.xml,train
India_004911.xml,train
India_000261.xml,train
India_008879.xml,train
India_002678.xml,train
India_002102.xml,train
India_002645.xml,train
India_007154.xml,train
India_003634.xml,train
India_002693.xml,train
India_008686.xml,train
India_004393.xml,train
India_006493.xml,train
India_008844.xml,train
India_002517.xml,train
India_003127.xml,train
India_009723.xml,train
India_000778.xml,train
India_003869.xml,train
India_001916.xml,train
India_007720.xml,train
India_007463.xml,train
India_005986.xml,train
India_001791.xml,train
India_006727.xml,train
India_009672.xml,train
India_002471.xml,train
India_008186.xml,train
India_008625.xml,train
India_007954.xml,train
India_003782.xml,train
India_008354.xml,train
India_000052.xml,train
India_002035.xml,train
India_006965.xml,train
India_006057.xml,train
India_008923.xml,train
India_004102.xml,train
India_000626.xml,train
India_000478.xml,train
India_005887.xml,train
India_001925.xml,train
India_006895.xml,train
India_003893.xml,train
India_000348.xml,train
India_009766.xml,train
India_006665.xml,train
India_006834.xml,train
India_007920.xml,train
India_006669.xml,train
India_006088.xml,train
India_008927.xml,train
India_000716.xml,train
India_001380.xml,train
India_001297.xml,train
India_003828.xml,train
India_000054.xml,train
India_008875.xml,train
India_002145.xml,train
India_009223.xml,train
India_006020.xml,train
India_004050.xml,train
India_000898.xml,train
India_000850.xml,train
India_005260.xml,train
India_002467.xml,train
India_009317.xml,train
India_008894.xml,train
India_004334.xml,train
India_003246.xml,train
India_009832.xml,train
India_001553.xml,train
India_009193.xml,train
India_005403.xml,train
India_003237.xml,train
India_003922.xml,train
India_007767.xml,train
India_007551.xml,train
India_006994.xml,train
India_008968.xml,train
India_001813.xml,train
India_000741.xml,train
India_007873.xml,train
India_003203.xml,train
India_007203.xml,train
India_001145.xml,train
India_009822.xml,train
India_003416.xml,train
India_006133.xml,train
India_004857.xml,train
India_005816.xml,train
India_009676.xml,train
India_000856.xml,train
India_003961.xml,train
India_000958.xml,train
India_003571.xml,train
India_006633.xml,train
India_003696.xml,train
India_007408.xml,train
India_001944.xml,train
India_006282.xml,train
India_009426.xml,train
India_007640.xml,train
India_008976.xml,train
India_003270.xml,train
India_001574.xml,train
India_000444.xml,train
India_001706.xml,train
India_008669.xml,train
India_000365.xml,train
India_003557.xml,train
India_001927.xml,train
India_007629.xml,train
India_005247.xml,train
India_007736.xml,train
India_008181.xml,train
India_009396.xml,train
India_002527.xml,train
India_005283.xml,train
India_003493.xml,train
India_004484.xml,train
India_008239.xml,train
India_003791.xml,train
India_002895.xml,train
India_009284.xml,train
India_003071.xml,train
India_001181.xml,train
India_006594.xml,train
India_001955.xml,train
India_003761.xml,train
India_002000.xml,train
India_003463.xml,train
India_000313.xml,train
India_006339.xml,train
India_006802.xml,train
India_009042.xml,train
India_006794.xml,train
India_009240.xml,train
India_008681.xml,train
India_002747.xml,train
India_003807.xml,train
India_003830.xml,train
India_009613.xml,train
India_000654.xml,train
India_002821.xml,train
India_005347.xml,train
India_003690.xml,train
India_006995.xml,train
India_003644.xml,train
India_009686.xml,train
India_008047.xml,train
India_006100.xml,train
India_005692.xml,train
India_003976.xml,train
India_006080.xml,train
India_006864.xml,train
India_005836.xml,train
India_002474.xml,train
India_002207.xml,train
India_001918.xml,train
India_005311.xml,train
India_007502.xml,train
India_000536.xml,train
India_007251.xml,train
India_000169.xml,train
India_004981.xml,train
India_009189.xml,train
India_008428.xml,train
India_007179.xml,train
India_003606.xml,train
India_005257.xml,train
India_006939.xml,train
India_003173.xml,train
India_007762.xml,train
India_000243.xml,train
India_000812.xml,train
India_004637.xml,train
India_002743.xml,train
India_009076.xml,train
India_000076.xml,train
India_004785.xml,train
India_002492.xml,train
India_007364.xml,train
India_008599.xml,train
India_006497.xml,train
India_001021.xml,train
India_005508.xml,train
India_002023.xml,train
India_002398.xml,train
India_009535.xml,train
India_001198.xml,train
India_008003.xml,train
India_000273.xml,train
India_003149.xml,train
India_005579.xml,train
India_002734.xml,train
India_005600.xml,train
India_007071.xml,train
India_000179.xml,train
India_008243.xml,train
India_003992.xml,train
India_005909.xml,train
India_007065.xml,train
India_007324.xml,train
India_003952.xml,train
India_000966.xml,train
India_001376.xml,train
India_008984.xml,train
India_005414.xml,train
India_004505.xml,train
India_004571.xml,train
India_004239.xml,train
India_000196.xml,train
India_006901.xml,train
India_003409.xml,train
India_001471.xml,train
India_006947.xml,train
India_001089.xml,train
India_009848.xml,train
India_003174.xml,train
India_000162.xml,train
India_007680.xml,train
India_006154.xml,train
India_002664.xml,train
India_004695.xml,train
India_009078.xml,train
India_002957.xml,train
India_006322.xml,train
India_005545.xml,train
India_008918.xml,train
India_007023.xml,train
India_002124.xml,train
India_007106.xml,train
India_008667.xml,train
India_000345.xml,train
India_005641.xml,train
India_002656.xml,train
India_007214.xml,train
India_006064.xml,train
India_006707.xml,train
India_009805.xml,train
India_003397.xml,train
India_001103.xml,train
India_004851.xml,train
India_000734.xml,train
India_009494.xml,train
India_004368.xml,train
India_008226.xml,train
India_003328.xml,train
India_007188.xml,train
India_007626.xml,train
India_009547.xml,train
India_007349.xml,train
India_001989.xml,train
India_002253.xml,train
India_001889.xml,train
India_001246.xml,train
India_006617.xml,train
India_008316.xml,train
India_004073.xml,train
India_003882.xml,train
India_007252.xml,train
India_007771.xml,train
India_007090.xml,train
India_005989.xml,train
India_004489.xml,train
India_009449.xml,train
India_003927.xml,train
India_006597.xml,train
India_001883.xml,train
India_008670.xml,train
India_000592.xml,train
India_003997.xml,train
India_008360.xml,train
India_001497.xml,train
India_007831.xml,train
India_000438.xml,train
India_000908.xml,train
India_009075.xml,train
India_000019.xml,train
India_004611.xml,train
India_009842.xml,train
India_005204.xml,train
India_001342.xml,train
India_008572.xml,train
India_007668.xml,train
India_004492.xml,train
India_008872.xml,train
India_005636.xml,train
India_003150.xml,train
India_005623.xml,train
India_008136.xml,train
India_002562.xml,train
India_001601.xml,train
India_004780.xml,train
India_002397.xml,train
India_002388.xml,train
India_006079.xml,train
India_008121.xml,train
India_009880.xml,train
India_001819.xml,train
India_008922.xml,train
India_006691.xml,train
India_004788.xml,train
India_007243.xml,train
India_004395.xml,train
India_008701.xml,train
India_009407.xml,train
India_003428.xml,train
India_002658.xml,train
India_005431.xml,train
India_000434.xml,train
India_008827.xml,train
India_004941.xml,train
India_009208.xml,train
India_006371.xml,train
India_003092.xml,train
India_009621.xml,train
India_007825.xml,train
India_006654.xml,train
India_001407.xml,train
India_008171.xml,train
India_001383.xml,train
India_001953.xml,train
India_000625.xml,train
India_007081.xml,train
India_005740.xml,train
India_001461.xml,train
India_002412.xml,train
India_007592.xml,train
India_007935.xml,train
India_007048.xml,train
India_004381.xml,train
India_001831.xml,train
India_009429.xml,train
India_006785.xml,train
India_001148.xml,train
India_005420.xml,train
India_000395.xml,train
India_000662.xml,train
India_008355.xml,train
India_006552.xml,train
India_005468.xml,train
India_009581.xml,train
India_003170.xml,train
India_005495.xml,train
India_007112.xml,train
India_004969.xml,train
India_008019.xml,train
India_001423.xml,train
India_008344.xml,train
India_005733.xml,train
India_009594.xml,train
India_008036.xml,train
India_003711.xml,train
India_003087.xml,train
India_006888.xml,train
India_009688.xml,train
India_004721.xml,train
India_003094.xml,train
India_003788.xml,train
India_007884.xml,train
India_001561.xml,train
India_006269.xml,train
India_007070.xml,train
India_009793.xml,train
India_001191.xml,train
India_008290.xml,train
India_002685.xml,train
India_002644.xml,train
India_000069.xml,train
India_007426.xml,train
India_000430.xml,train
India_006363.xml,train
India_005671.xml,train
India_007513.xml,train
India_007397.xml,train
India_002836.xml,train
India_003131.xml,train
India_005534.xml,train
India_003679.xml,train
India_002262.xml,train
India_005358.xml,train
India_000912.xml,train
India_000066.xml,train
India_004406.xml,train
India_002297.xml,train
India_002447.xml,train
India_000312.xml,train
India_001424.xml,train
India_005855.xml,train
India_002653.xml,train
India_004107.xml,train
India_006335.xml,train
India_008471.xml,train
India_009172.xml,train
India_004710.xml,train
India_007606.xml,train
India_008076.xml,train
India_000260.xml,train
India_009379.xml,train
India_006375.xml,train
India_001394.xml,train
India_001159.xml,train
India_000486.xml,train
India_003422.xml,train
India_001083.xml,train
India_002137.xml,train
India_005102.xml,train
India_008416.xml,train
India_007161.xml,train
India_000527.xml,train
India_009392.xml,train
India_002748.xml,train
India_004225.xml,train
India_002461.xml,train
India_009314.xml,train
India_008601.xml,train
India_004525.xml,train
India_006286.xml,train
India_000415.xml,train
India_005328.xml,train
India_003856.xml,train
India_003272.xml,train
India_004278.xml,train
India_009272.xml,train
India_004852.xml,train
India_004222.xml,train
India_009792.xml,train
India_001227.xml,train
India_007385.xml,train
India_000233.xml,train
India_002321.xml,train
India_003268.xml,train
India_009476.xml,train
India_009159.xml,train
India_009179.xml,train
India_000232.xml,train
India_006556.xml,train
India_008340.xml,train
India_003113.xml,train
India_002554.xml,train
India_008080.xml,train
India_003364.xml,train
India_005463.xml,train
India_002862.xml,train
India_003778.xml,train
India_006628.xml,train
India_001648.xml,train
India_009174.xml,train
India_006138.xml,train
India_001969.xml,train
India_006095.xml,train
India_007275.xml,train
India_002909.xml,train
India_002617.xml,train
India_004294.xml,train
India_005578.xml,train
India_008763.xml,train
India_002464.xml,train
India_007114.xml,train
India_002419.xml,train
India_003294.xml,train
India_002865.xml,train
India_002227.xml,train
India_003240.xml,train
India_006988.xml,train
India_004151.xml,train
India_005913.xml,train
India_007004.xml,train
India_002632.xml,train
India_002851.xml,train
India_001133.xml,train
India_006555.xml,train
India_008149.xml,train
India_006692.xml,train
India_008455.xml,train
India_003141.xml,train
India_000132.xml,train
India_000709.xml,train
India_004286.xml,train
India_004652.xml,train
India_009349.xml,train
India_009257.xml,train
India_001915.xml,train
India_002048.xml,train
India_003178.xml,train
India_006823.xml,train
India_002318.xml,train
India_008247.xml,train
India_004997.xml,train
India_007667.xml,train
India_003566.xml,train
India_002024.xml,train
India_001035.xml,train
India_000399.xml,train
India_002126.xml,train
India_006237.xml,train
India_009298.xml,train
India_001268.xml,train
India_007749.xml,train
India_003738.xml,train
India_006104.xml,train
India_005945.xml,train
India_003180.xml,train
India_009712.xml,train
India_009010.xml,train
India_009306.xml,train
India_005714.xml,train
India_008127.xml,train
India_006432.xml,train
India_000675.xml,train
India_003708.xml,train
India_005087.xml,train
India_001243.xml,train
India_005796.xml,train
India_003378.xml,train
India_003278.xml,train
India_002298.xml,train
India_003158.xml,train
India_002323.xml,train
India_008276.xml,train
India_003889.xml,train
India_007060.xml,train
India_007216.xml,train
India_006202.xml,train
India_002847.xml,train
India_004060.xml,train
India_003728.xml,train
India_006401.xml,train
India_003966.xml,train
India_008538.xml,train
India_005465.xml,train
India_003722.xml,train
India_009554.xml,train
India_004634.xml,train
India_002963.xml,train
India_009058.xml,train
India_007499.xml,train
India_001900.xml,train
India_004142.xml,train
India_003974.xml,train
India_008714.xml,train
India_005448.xml,train
India_007433.xml,train
India_004988.xml,train
India_002708.xml,train
India_008652.xml,train
India_001917.xml,train
India_007227.xml,train
India_008270.xml,train
India_004946.xml,train
India_006033.xml,train
India_005150.xml,train
India_007333.xml,train
India_007074.xml,train
India_003826.xml,train
India_009539.xml,train
India_009132.xml,train
India_008030.xml,train
India_007595.xml,train
India_006511.xml,train
India_005412.xml,train
India_006114.xml,train
India_002716.xml,train
India_009485.xml,train
India_001729.xml,train
India_002070.xml,train
India_008219.xml,train
India_003254.xml,train
India_007494.xml,train
India_009541.xml,train
India_005908.xml,train
India_002958.xml,train
India_007584.xml,train
India_001040.xml,train
India_006818.xml,train
India_006615.xml,train
India_003751.xml,train
India_000762.xml,train
India_005563.xml,train
India_001367.xml,train
India_004816.xml,train
India_009128.xml,train
India_007574.xml,train
India_005625.xml,train
India_001365.xml,train
India_007772.xml,train
India_008874.xml,train
India_004715.xml,train
India_004497.xml,train
India_002702.xml,train
India_001659.xml,train
India_000125.xml,train
India_006761.xml,train
India_007120.xml,train
India_008492.xml,train
India_004562.xml,train
India_008768.xml,train
India_008188.xml,train
India_008796.xml,train
India_001932.xml,train
India_009015.xml,train
India_009238.xml,train
India_001905.xml,train
India_000075.xml,train
India_008595.xml,train
India_008848.xml,train
India_003079.xml,train
India_006234.xml,train
India_007878.xml,train
India_004106.xml,train
India_002883.xml,train
India_007912.xml,train
India_000258.xml,train
India_001964.xml,train
India_003184.xml,train
India_003414.xml,train
India_000770.xml,train
India_003452.xml,train
India_004694.xml,train
India_008959.xml,train
India_003156.xml,train
India_000499.xml,train
India_004916.xml,train
India_008930.xml,train
India_005477.xml,train
India_000180.xml,train
India_004797.xml,train
India_002363.xml,train
India_000072.xml,train
India_005454.xml,train
India_005080.xml,train
India_001857.xml,train
India_000754.xml,train
India_004755.xml,train
India_007080.xml,train
India_005729.xml,train
India_005993.xml,train
India_006869.xml,train
India_001946.xml,train
India_001657.xml,train
India_005011.xml,train
India_006695.xml,train
India_002548.xml,train
India_005619.xml,train
India_002588.xml,train
India_001173.xml,train
India_009247.xml,train
India_007652.xml,train
India_009819.xml,train
India_003287.xml,train
India_006892.xml,train
India_008071.xml,train
India_005535.xml,train
India_002606.xml,train
India_005039.xml,train
India_004331.xml,train
India_004743.xml,train
India_004597.xml,train
India_007432.xml,train
India_005153.xml,train
India_006567.xml,train
India_007395.xml,train
India_006050.xml,train
India_007236.xml,train
India_004625.xml,train
India_006274.xml,train
India_001652.xml,train
India_001221.xml,train
India_007991.xml,train
India_005373.xml,train
India_003412.xml,train
India_001375.xml,train
India_008258.xml,train
India_004758.xml,train
India_009287.xml,train
India_004544.xml,train
India_006169.xml,train
India_002407.xml,train
India_003592.xml,train
India_000442.xml,train
India_008947.xml,train
India_001134.xml,train
India_007442.xml,train
India_005818.xml,train
India_000146.xml,train
India_006832.xml,train
India_007675.xml,train
India_002062.xml,train
India_002426.xml,train
India_003853.xml,train
India_005426.xml,train
India_009122.xml,train
India_009048.xml,train
India_005825.xml,train
India_002226.xml,train
India_005789.xml,train
India_009732.xml,train
India_005548.xml,train
India_002629.xml,train
India_003736.xml,train
India_004472.xml,train
India_004530.xml,train
India_008165.xml,train
India_009527.xml,train
India_007823.xml,train
India_000335.xml,train
India_000548.xml,train
India_000356.xml,train
India_009831.xml,train
India_004133.xml,train
India_005366.xml,train
India_006890.xml,train
India_002045.xml,train
India_002966.xml,train
India_007982.xml,train
India_000901.xml,train
India_002509.xml,train
India_000972.xml,train
India_002418.xml,train
India_001745.xml,train
India_004244.xml,train
India_001262.xml,train
India_000095.xml,train
India_007204.xml,train
India_006948.xml,train
India_002310.xml,train
India_007133.xml,train
India_006109.xml,train
India_008751.xml,train
India_003838.xml,train
India_006739.xml,train
India_009634.xml,train
India_002217.xml,train
India_006087.xml,train
India_005356.xml,train
India_002536.xml,train
India_007506.xml,train
India_009835.xml,train
India_003756.xml,train
India_007440.xml,train
India_001284.xml,train
India_001373.xml,train
India_005071.xml,train
India_000236.xml,train
India_005715.xml,train
India_007843.xml,train
India_000590.xml,train
India_006717.xml,train
India_001489.xml,train
India_003043.xml,train
India_001712.xml,train
India_003248.xml,train
India_000186.xml,train
India_001054.xml,train
India_002657.xml,train
India_008156.xml,train
India_009564.xml,train
India_007034.xml,train
India_006645.xml,train
India_000584.xml,train
India_009213.xml,train
India_001081.xml,train
India_001338.xml,train
India_006193.xml,train
India_002832.xml,train
India_001465.xml,train
India_007794.xml,train
India_005059.xml,train
India_006074.xml,train
India_006853.xml,train
India_001760.xml,train
India_006997.xml,train
India_002573.xml,train
India_004282.xml,train
India_004057.xml,train
India_001782.xml,train
India_008741.xml,train
India_003354.xml,train
India_001427.xml,train
India_003848.xml,train
India_003624.xml,train
India_007857.xml,train
India_005138.xml,train
India_002881.xml,train
India_001244.xml,train
India_005530.xml,train
India_007656.xml,train
India_003093.xml,train
India_000696.xml,train
India_003394.xml,train
India_007035.xml,train
India_006513.xml,train
India_002776.xml,train
India_004304.xml,train
India_000061.xml,train
India_008964.xml,train
India_009303.xml,train
India_009692.xml,train
India_001821.xml,train
India_007643.xml,train
India_008642.xml,train
India_001499.xml,train
India_008900.xml,train
India_009703.xml,train
India_009837.xml,train
India_005253.xml,train
India_007124.xml,train
India_002997.xml,train
India_007824.xml,train
India_003085.xml,train
India_006238.xml,train
India_002483.xml,train
India_000621.xml,train
India_006897.xml,train
India_006176.xml,train
India_008551.xml,train
India_005258.xml,train
India_003792.xml,train
India_003785.xml,train
India_009663.xml,train
India_008942.xml,train
India_005183.xml,train
India_004973.xml,train
India_007790.xml,train
India_001122.xml,train
India_003213.xml,train
India_006312.xml,train
India_002080.xml,train
India_008736.xml,train
India_007925.xml,train
India_008771.xml,train
India_009340.xml,train
India_003973.xml,train
India_009531.xml,train
India_003653.xml,train
India_004567.xml,train
India_008556.xml,train
India_002512.xml,train
India_006930.xml,train
India_002786.xml,train
India_005541.xml,train
India_005860.xml,train
India_007225.xml,train
India_000182.xml,train
India_002333.xml,train
India_006426.xml,train
India_009445.xml,train
India_007375.xml,train
India_008338.xml,train
India_003066.xml,train
India_008437.xml,train
India_001245.xml,train
India_000003.xml,train
India_006510.xml,train
India_000255.xml,train
India_002797.xml,train
India_009074.xml,train
India_005616.xml,train
India_001653.xml,train
India_000256.xml,train
India_005181.xml,train
India_007253.xml,train
India_003418.xml,train
India_008083.xml,train
India_001454.xml,train
India_008649.xml,train
India_005756.xml,train
India_000252.xml,train
India_006741.xml,train
India_009556.xml,train
India_000171.xml,train
India_008954.xml,train
India_000887.xml,train
India_002007.xml,train
India_003646.xml,train
India_008453.xml,train
India_009083.xml,train
India_005573.xml,train
India_002670.xml,train
India_006389.xml,train
India_003836.xml,train
India_004913.xml,train
India_000288.xml,train
India_007356.xml,train
India_003645.xml,train
India_002319.xml,train
India_005781.xml,train
India_000679.xml,train
India_009397.xml,train
India_002496.xml,train
India_003196.xml,train
India_002228.xml,train
India_004033.xml,train
India_007728.xml,train
India_005942.xml,train
India_007460.xml,train
India_000516.xml,train
India_000609.xml,train
India_002654.xml,train
India_003703.xml,train
India_004589.xml,train
India_002521.xml,train
India_005180.xml,train
India_006754.xml,train
India_008769.xml,train
India_001527.xml,train
India_009716.xml,train
India_003191.xml,train
India_003691.xml,train
India_006520.xml,train
India_009258.xml,train
India_007934.xml,train
India_007598.xml,train
India_003475.xml,train
India_002100.xml,train
India_006251.xml,train
India_009367.xml,train
India_003454.xml,train
India_003699.xml,train
India_006724.xml,train
India_001542.xml,train
India_001087.xml,train
India_001516.xml,train
India_006480.xml,train
India_006450.xml,train
India_009455.xml,train
India_001576.xml,train
India_006688.xml,train
India_001479.xml,train
India_001909.xml,train
India_009123.xml,train
India_001907.xml,train
India_000728.xml,train
India_001498.xml,train
India_009034.xml,train
India_007053.xml,train
India_007809.xml,train
India_005282.xml,train
India_000263.xml,train
India_003057.xml,train
India_005725.xml,train
India_009522.xml,train
India_000693.xml,train
India_001155.xml,train
India_005223.xml,train
India_004448.xml,train
India_003993.xml,train
India_007545.xml,train
India_004541.xml,train
India_008883.xml,train
India_005369.xml,train
India_007055.xml,train
India_003808.xml,train
India_008062.xml,train
India_009069.xml,train
India_009386.xml,train
India_001983.xml,train
India_007245.xml,train
India_009726.xml,train
India_001663.xml,train
India_006614.xml,train
India_000038.xml,train
India_002250.xml,train
India_002219.xml,train
India_002551.xml,train
India_003681.xml,train
India_002965.xml,train
India_006578.xml,train
India_006072.xml,train
India_007436.xml,train
India_008951.xml,train
India_004154.xml,train
India_003111.xml,train
India_007062.xml,train
India_000849.xml,train
India_002057.xml,train
India_006913.xml,train
India_000743.xml,train
India_006873.xml,train
India_004802.xml,train
India_005163.xml,train
India_009129.xml,train
India_007472.xml,train
India_004653.xml,train
India_000142.xml,train
India_002393.xml,train
India_005294.xml,train
India_003641.xml,train
India_008525.xml,train
India_007558.xml,train
India_004753.xml,train
India_001136.xml,train
India_004616.xml,train
India_003036.xml,train
India_007755.xml,train
India_004315.xml,train
India_007318.xml,train
India_004647.xml,train
India_003979.xml,train
India_001793.xml,train
India_002272.xml,train
India_006290.xml,train
India_004564.xml,train
India_000508.xml,train
India_002429.xml,train
India_009456.xml,train
India_005861.xml,train
India_000023.xml,train
India_007540.xml,train
India_002061.xml,train
India_006285.xml,train
India_000916.xml,train
India_002383.xml,train
India_005901.xml,train
India_004204.xml,train
India_008002.xml,train
India_002084.xml,train
India_002347.xml,train
India_001389.xml,train
India_006779.xml,train
India_001979.xml,train
India_009013.xml,train
India_003231.xml,train
India_002494.xml,train
India_006215.xml,train
India_002372.xml,train
India_003437.xml,train
India_003252.xml,train
India_006577.xml,train
India_000474.xml,train
India_003316.xml,train
India_006231.xml,train
India_009834.xml,train
India_006486.xml,train
India_007846.xml,train
India_002789.xml,train
India_008860.xml,train
India_002281.xml,train
India_006598.xml,train
India_000514.xml,train
India_006815.xml,train
India_005926.xml,train
India_006643.xml,train
India_005776.xml,train
India_001384.xml,train
India_005166.xml,train
India_007310.xml,train
India_002878.xml,train
India_003080.xml,train
India_007553.xml,train
India_004683.xml,train
India_005245.xml,train
India_009102.xml,train
India_009734.xml,train
India_004881.xml,train
India_006639.xml,train
India_001682.xml,train
India_002352.xml,train
India_005471.xml,train
India_008790.xml,train
India_006756.xml,train
India_004170.xml,train
India_008256.xml,train
India_001348.xml,train
India_000836.xml,train
India_008325.xml,train
India_001595.xml,train
India_001689.xml,train
India_007902.xml,train
India_003479.xml,train
India_000235.xml,train
India_009285.xml,train
India_004238.xml,train
India_008001.xml,train
India_000465.xml,train
India_009742.xml,train
India_000588.xml,train
India_001902.xml,train
India_004650.xml,train
India_004605.xml,train
India_004935.xml,train
India_005660.xml,train
India_003169.xml,train
India_001551.xml,train
India_000369.xml,train
India_006563.xml,train
India_004431.xml,train
India_002224.xml,train
India_002686.xml,train
India_003516.xml,train
India_001146.xml,train
India_000824.xml,train
India_002736.xml,train
India_006287.xml,train
India_006273.xml,train
India_008125.xml,train
India_007759.xml,train
India_007938.xml,train
India_005653.xml,train
India_000218.xml,train
India_009088.xml,train
India_006651.xml,train
India_007970.xml,train
India_004377.xml,train
India_000420.xml,train
India_006212.xml,train
India_001737.xml,train
India_001042.xml,train
India_003485.xml,train
India_007190.xml,train
India_004217.xml,train
India_001999.xml,train
India_000385.xml,train
India_001230.xml,train
India_005609.xml,train
India_009173.xml,train
India_009814.xml,train
India_002871.xml,train
India_001495.xml,train
India_005685.xml,train
India_009604.xml,train
India_008384.xml,train
India_009038.xml,train
India_000851.xml,train
India_004454.xml,train
India_009002.xml,train
India_007818.xml,train
India_007716.xml,train
India_000895.xml,train
India_001635.xml,train
India_005338.xml,train
India_008037.xml,train
India_009382.xml,train
India_006419.xml,train
India_002550.xml,train
India_002804.xml,train
India_007717.xml,train
India_005466.xml,train
India_000534.xml,train
India_009004.xml,train
India_003123.xml,train
India_006003.xml,train
India_002293.xml,train
India_000872.xml,train
India_007530.xml,train
India_005835.xml,train
India_003285.xml,train
India_003909.xml,train
India_003016.xml,train
India_009021.xml,train
India_005773.xml,train
India_007727.xml,train
India_009194.xml,train
India_009645.xml,train
India_003329.xml,train
India_005302.xml,train
India_003659.xml,train
India_003820.xml,train
India_009302.xml,train
India_007951.xml,train
India_005780.xml,train
India_005656.xml,train
India_007266.xml,train
India_006048.xml,train
India_002040.xml,train
India_006716.xml,train
India_004479.xml,train
India_004628.xml,train
India_006820.xml,train
India_000858.xml,train
India_006968.xml,train
India_008177.xml,train
India_007482.xml,train
India_004370.xml,train
India_001531.xml,train
India_005252.xml,train
India_009583.xml,train
India_009175.xml,train
India_003261.xml,train
India_002891.xml,train
India_001350.xml,train
India_005455.xml,train
India_003177.xml,train
India_001853.xml,train
India_005201.xml,train
India_009823.xml,train
India_008408.xml,train
India_009311.xml,train
India_007548.xml,train
India_007063.xml,train
India_002739.xml,train
India_002329.xml,train
India_002869.xml,train
India_008392.xml,train
India_002089.xml,train
India_000078.xml,train
India_009283.xml,train
India_001904.xml,train
India_004321.xml,train
India_008687.xml,train
India_000110.xml,train
India_000700.xml,train
India_004956.xml,train
India_004054.xml,train
India_008152.xml,train
India_001213.xml,train
India_004126.xml,train
India_007414.xml,train
India_005357.xml,train
India_000425.xml,train
India_002712.xml,train
India_006799.xml,train
India_008585.xml,train
India_009548.xml,train
India_006998.xml,train
India_000103.xml,train
India_003661.xml,train
India_000561.xml,train
India_009234.xml,train
India_009027.xml,train
India_005254.xml,train
India_004583.xml,train
India_000537.xml,train
India_004358.xml,train
India_006232.xml,train
India_000041.xml,train
India_001174.xml,train
India_007945.xml,train
India_008389.xml,train
India_009555.xml,train
India_000638.xml,train
India_008015.xml,train
India_004551.xml,train
India_002410.xml,train
India_004782.xml,train
India_004664.xml,train
India_000012.xml,train
India_009434.xml,train
India_003208.xml,train
India_002208.xml,train
India_009486.xml,train
India_002921.xml,train
India_003935.xml,train
India_003311.xml,train
India_009192.xml,train
India_005837.xml,train
India_005969.xml,train
India_000049.xml,train
India_006971.xml,train
India_004414.xml,train
India_002485.xml,train
India_000559.xml,train
India_000392.xml,train
India_005022.xml,train
India_000744.xml,train
India_004185.xml,train
India_002140.xml,train
India_005122.xml,train
India_002179.xml,train
India_002473.xml,train
India_000817.xml,train
India_001787.xml,train
India_007468.xml,train
India_004187.xml,train
India_006447.xml,train
India_004790.xml,train
India_002801.xml,train
India_009572.xml,train
India_004896.xml,train
India_007602.xml,train
India_001694.xml,train
India_001183.xml,train
India_009120.xml,train
India_009188.xml,train
India_008563.xml,train
India_009536.xml,train
India_002555.xml,train
India_007129.xml,train
India_004809.xml,train
India_007625.xml,train
India_009363.xml,train
India_001544.xml,train
India_004917.xml,train
India_002033.xml,train
India_002381.xml,train
India_000096.xml,train
India_008849.xml,train
India_005035.xml,train
India_003312.xml,train
India_009044.xml,train
India_001773.xml,train
India_007532.xml,train
India_004430.xml,train
India_003195.xml,train
India_004196.xml,train
India_009628.xml,train
India_006791.xml,train
India_004120.xml,train
India_006303.xml,train
India_004883.xml,train
India_004779.xml,train
India_003543.xml,train
India_001271.xml,train
India_004566.xml,train
India_001935.xml,train
India_000771.xml,train
India_003201.xml,train
India_004190.xml,train
India_005673.xml,train
India_001960.xml,train
India_008283.xml,train
India_005594.xml,train
India_009230.xml,train
India_008051.xml,train
India_000433.xml,train
India_001582.xml,train
India_006187.xml,train
India_003832.xml,train
India_001440.xml,train
India_002125.xml,train
India_000456.xml,train
India_000452.xml,train
India_002154.xml,train
India_002337.xml,train
India_006595.xml,train
India_005077.xml,train
India_005921.xml,train
India_007001.xml,train
India_003938.xml,train
India_006406.xml,train
India_009505.xml,train
India_007719.xml,train
India_004761.xml,train
India_006256.xml,train
India_006697.xml,train
India_009049.xml,train
India_008948.xml,train
India_003121.xml,train
India_007718.xml,train
India_007115.xml,train
India_005754.xml,train
India_009167.xml,train
India_008170.xml,train
India_006427.xml,train
India_006124.xml,train
India_008222.xml,train
India_003193.xml,train
India_002246.xml,train
India_002825.xml,train
India_002936.xml,train
India_002213.xml,train
India_005273.xml,train
India_005195.xml,train
India_005365.xml,train
India_001138.xml,train
India_003665.xml,train
India_009876.xml,train
India_004423.xml,train
India_006189.xml,train
India_002026.xml,train
India_004173.xml,train
India_005176.xml,train
India_009053.xml,train
India_004014.xml,train
India_000729.xml,train
India_003083.xml,train
India_000669.xml,train
India_006076.xml,train
India_007466.xml,train
India_004952.xml,train
India_000545.xml,train
India_003759.xml,train
India_009158.xml,train
India_007229.xml,train
India_008361.xml,train
India_004733.xml,train
India_006722.xml,train
India_001795.xml,train
India_005664.xml,train
India_006562.xml,train
India_003482.xml,train
India_001378.xml,train
India_003041.xml,train
India_008274.xml,train
India_003712.xml,train
India_004508.xml,train
India_008481.xml,train
India_004320.xml,train
India_005753.xml,train
India_004630.xml,train
India_002094.xml,train
India_002304.xml,train
India_007663.xml,train
India_005186.xml,train
India_004175.xml,train
India_008527.xml,train
India_008205.xml,train
India_001575.xml,train
India_007973.xml,train
India_007776.xml,train
India_000333.xml,train
India_000201.xml,train
India_006533.xml,train
India_005588.xml,train
India_006022.xml,train
India_007517.xml,train
India_005384.xml,train
India_009403.xml,train
India_003597.xml,train
India_007706.xml,train
India_002842.xml,train
India_002396.xml,train
India_003525.xml,train
India_001838.xml,train
India_006378.xml,train
India_007782.xml,train
India_003382.xml,train
India_000631.xml,train
India_000551.xml,train
India_008182.xml,train
India_003652.xml,train
India_000000.xml,train
India_003014.xml,train
India_008795.xml,train
India_006410.xml,train
India_004369.xml,train
India_004284.xml,train
India_005410.xml,train
India_007509.xml,train
India_001876.xml,train
India_006479.xml,train
India_008323.xml,train
India_008724.xml,train
India_009768.xml,train
India_006448.xml,train
India_003881.xml,train
India_005617.xml,train
India_003558.xml,train
India_008684.xml,train
India_004277.xml,train
India_005424.xml,train
India_007030.xml,train
India_007624.xml,train
India_009180.xml,train
India_007527.xml,train
India_006879.xml,train
India_003349.xml,train
India_006536.xml,train
India_002827.xml,train
India_002096.xml,train
India_007396.xml,train
India_009248.xml,train
India_001390.xml,train
India_005503.xml,train
India_004155.xml,train
India_004168.xml,train
India_002233.xml,train
India_000440.xml,train
India_005854.xml,train
India_004920.xml,train
India_008643.xml,train
India_002759.xml,train
India_001095.xml,train
India_003583.xml,train
India_007327.xml,train
India_000437.xml,train
India_002846.xml,train
India_000909.xml,train
India_003086.xml,train
India_000742.xml,train
India_004221.xml,train
India_006543.xml,train
India_001396.xml,train
India_000280.xml,train
India_001014.xml,train
India_008298.xml,train
India_006922.xml,train
India_002948.xml,train
India_007947.xml,train
India_009297.xml,train
India_004157.xml,train
India_003100.xml,train
India_004135.xml,train
India_002710.xml,train
India_003004.xml,train
India_005248.xml,train
India_002916.xml,train
India_002705.xml,train
India_003030.xml,train
India_004353.xml,train
India_004820.xml,train
India_004908.xml,train
India_001957.xml,train
India_004194.xml,train
India_008511.xml,train
India_009160.xml,train
India_004845.xml,train
India_006308.xml,train
India_009277.xml,train
India_007651.xml,train
India_007199.xml,train
India_000347.xml,train
India_001289.xml,train
India_007989.xml,train
India_005615.xml,train
India_007353.xml,train
India_002754.xml,train
India_008295.xml,train
India_003289.xml,train
India_004167.xml,train
India_001656.xml,train
India_007854.xml,train
India_008811.xml,train
India_003046.xml,train
India_005483.xml,train
India_001019.xml,train
India_001511.xml,train
India_001310.xml,train
India_008233.xml,train
India_000376.xml,train
India_007454.xml,train
India_006919.xml,train
India_005417.xml,train
India_009236.xml,train
India_001897.xml,train
India_009818.xml,train
India_000454.xml,train
India_001242.xml,train
India_009760.xml,train
India_001415.xml,train
India_000245.xml,train
India_006310.xml,train
India_004208.xml,train
India_002109.xml,train
India_009488.xml,train
India_001250.xml,train
India_000927.xml,train
India_004719.xml,train
India_008091.xml,train
India_006602.xml,train
India_006030.xml,train
India_007677.xml,train
India_000600.xml,train
India_003550.xml,train
India_001236.xml,train
India_004959.xml,train
India_003662.xml,train
India_001709.xml,train
India_004263.xml,train
India_008743.xml,train
India_008134.xml,train
India_007279.xml,train
India_001143.xml,train
India_005582.xml,train
India_004879.xml,train
India_009808.xml,train
India_009739.xml,train
India_002674.xml,train
India_006976.xml,train
India_000636.xml,train
India_002421.xml,train
India_004313.xml,train
India_008560.xml,train
India_004669.xml,train
India_000852.xml,train
India_004565.xml,train
India_008737.xml,train
India_001410.xml,train
India_009229.xml,train
India_009212.xml,train
India_005633.xml,train
India_007986.xml,train
India_005184.xml,train
India_002882.xml,train
India_001218.xml,train
India_008746.xml,train
India_006441.xml,train
India_008372.xml,train
India_004417.xml,train
India_002349.xml,train
India_007858.xml,train
India_007015.xml,train
India_002117.xml,train
India_001433.xml,train
India_007213.xml,train
India_001697.xml,train
India_004357.xml,train
India_001751.xml,train
India_002267.xml,train
India_009630.xml,train
India_005147.xml,train
India_005562.xml,train
India_001355.xml,train
India_004436.xml,train
India_006132.xml,train
India_000773.xml,train
India_004543.xml,train
India_006860.xml,train
India_008758.xml,train
India_001724.xml,train
India_003845.xml,train
India_004602.xml,train
India_007431.xml,train
India_006696.xml,train
India_009652.xml,train
India_008516.xml,train
India_009759.xml,train
India_004291.xml,train
India_001723.xml,train
India_008995.xml,train
India_007993.xml,train
India_000416.xml,train
India_006038.xml,train
India_004984.xml,train
India_009661.xml,train
India_008801.xml,train
India_003517.xml,train
India_000519.xml,train
India_006277.xml,train
India_003284.xml,train
India_000271.xml,train
India_006544.xml,train
India_006073.xml,train
India_004461.xml,train
India_001730.xml,train
India_007739.xml,train
India_002903.xml,train
India_000165.xml,train
India_002953.xml,train
India_005467.xml,train
India_009879.xml,train
India_006868.xml,train
India_001578.xml,train
India_000544.xml,train
India_004267.xml,train
India_008162.xml,train
India_007220.xml,train
India_008745.xml,train
India_001606.xml,train
India_005918.xml,train
India_006429.xml,train
India_005938.xml,train
India_009061.xml,train
India_004048.xml,train
India_003593.xml,train
India_002189.xml,train
India_004179.xml,train
India_003871.xml,train
India_005428.xml,train
India_008975.xml,train
India_000642.xml,train
India_003706.xml,train
India_004622.xml,train
India_003078.xml,train
India_004651.xml,train
India_000776.xml,train
India_003415.xml,train
India_005758.xml,train
India_003327.xml,train
India_005595.xml,train
India_004061.xml,train
India_002395.xml,train
India_000925.xml,train
India_007833.xml,train
India_008945.xml,train
India_005489.xml,train
India_003468.xml,train
India_002838.xml,train
India_002215.xml,train
India_003676.xml,train
India_009114.xml,train
India_002067.xml,train
India_007898.xml,train
India_007111.xml,train
India_009430.xml,train
India_005352.xml,train
India_007287.xml,train
India_008908.xml,train
India_000343.xml,train
India_004557.xml,train
India_008406.xml,train
India_008465.xml,train
India_002017.xml,train
India_004680.xml,train
India_001381.xml,train
India_000507.xml,train
India_001032.xml,train
India_007321.xml,train
India_004421.xml,train
India_006000.xml,train
India_006767.xml,train
India_002625.xml,train
India_004270.xml,train
India_003757.xml,train
India_000813.xml,train
India_008364.xml,train
India_004606.xml,train
India_007904.xml,train
India_009087.xml,train
India_004254.xml,train
India_003011.xml,train
India_006759.xml,train
India_009064.xml,train
India_001419.xml,train
India_007861.xml,train
India_003006.xml,train
India_000699.xml,train
India_004558.xml,train
India_007757.xml,train
India_003176.xml,train
India_005955.xml,train
India_006627.xml,train
India_002121.xml,train
India_007601.xml,train
India_003879.xml,train
India_006749.xml,train
India_000436.xml,train
India_005662.xml,train
India_002720.xml,train
India_007195.xml,train
India_007872.xml,train
India_007378.xml,train
India_007234.xml,train
India_006583.xml,train
India_007425.xml,train
India_006507.xml,train
India_007089.xml,train
India_005556.xml,train
India_008972.xml,train
India_008685.xml,train
India_006054.xml,train
India_001626.xml,train
India_003841.xml,train
India_004901.xml,train
India_004247.xml,train
India_002810.xml,train
India_005336.xml,train
India_008250.xml,train
India_001409.xml,train
India_005646.xml,train
India_004160.xml,train
India_004201.xml,train
India_005728.xml,train
India_002376.xml,train
India_002591.xml,train
India_003835.xml,train
India_002937.xml,train
India_003522.xml,train
India_004455.xml,train
India_004732.xml,train
India_006218.xml,train
India_005743.xml,train
India_008296.xml,train
India_004663.xml,train
India_009312.xml,train
India_008730.xml,train
India_007295.xml,train
India_009256.xml,train
India_008441.xml,train
India_008024.xml,train
India_008991.xml,train
India_000846.xml,train
India_000024.xml,train
India_003233.xml,train
India_004579.xml,train
India_008787.xml,train
India_001257.xml,train
India_009447.xml,train
India_000407.xml,train
India_000509.xml,train
India_000195.xml,train
India_004158.xml,train
India_006110.xml,train
India_006053.xml,train
India_005429.xml,train
India_008644.xml,train
India_001971.xml,train
India_009523.xml,train
India_008382.xml,train
India_004837.xml,train
India_005911.xml,train
India_005160.xml,train
India_008505.xml,train
India_007239.xml,train
India_001264.xml,train
India_002085.xml,train
India_007017.xml,train
India_006967.xml,train
India_004846.xml,train
India_006661.xml,train
India_003281.xml,train
India_002852.xml,train
India_002384.xml,train
India_000244.xml,train
India_004115.xml,train
India_008363.xml,train
India_007138.xml,train
India_007683.xml,train
India_004003.xml,train
India_005833.xml,train
India_007701.xml,train
India_004047.xml,train
India_008347.xml,train
India_003800.xml,train
India_000238.xml,train
India_006316.xml,train
India_001633.xml,train
India_007554.xml,train
India_001903.xml,train
India_006522.xml,train
India_004772.xml,train
India_008712.xml,train
India_009794.xml,train
India_003112.xml,train
India_004929.xml,train
India_003232.xml,train
India_007623.xml,train
India_008896.xml,train
India_006498.xml,train
India_004443.xml,train
India_006332.xml,train
India_008919.xml,train
India_003917.xml,train
India_005411.xml,train
India_004075.xml,train
India_004387.xml,train
India_009706.xml,train
India_002723.xml,train
India_007903.xml,train
India_003153.xml,train
India_000203.xml,train
India_009097.xml,train
India_003340.xml,train
India_005002.xml,train
India_001229.xml,train
India_009443.xml,train
India_000938.xml,train
India_004101.xml,train
India_006182.xml,train
India_008425.xml,train
India_005737.xml,train
India_003455.xml,train
India_003286.xml,train
India_006224.xml,train
India_002704.xml,train
India_007681.xml,train
India_004704.xml,train
India_009720.xml,train
India_002915.xml,train
India_004481.xml,train
India_002351.xml,train
India_000525.xml,train
India_003704.xml,train
India_001670.xml,train
India_009304.xml,train
India_009130.xml,train
India_003337.xml,train
India_003388.xml,train
India_003034.xml,train
India_003663.xml,train
India_001830.xml,train
India_006228.xml,train
India_008462.xml,train
India_008070.xml,train
India_009478.xml,train
India_001908.xml,train
India_007620.xml,train
India_005932.xml,train
India_001856.xml,train
India_004880.xml,train
India_009662.xml,train
India_006327.xml,train
India_005430.xml,train
India_005870.xml,train
India_009750.xml,train
India_005668.xml,train
India_001627.xml,train
India_006713.xml,train
India_001228.xml,train
India_002620.xml,train
India_008640.xml,train
India_000796.xml,train
India_006213.xml,train
India_001620.xml,train
India_000470.xml,train
India_007351.xml,train
India_009333.xml,train
India_009260.xml,train
India_001219.xml,train
India_006880.xml,train
India_004295.xml,train
India_002087.xml,train
India_005785.xml,train
India_009597.xml,train
India_004987.xml,train
India_007455.xml,train
India_008775.xml,train
India_008950.xml,train
India_009295.xml,train
India_008773.xml,train
India_003998.xml,train
India_002592.xml,train
India_004700.xml,train
India_009009.xml,train
India_002643.xml,train
India_002978.xml,train
India_009268.xml,train
India_008227.xml,train
India_007576.xml,train
India_009310.xml,train
India_006719.xml,train
India_000047.xml,train
India_001740.xml,train
India_009785.xml,train
India_006539.xml,train
India_001450.xml,train
India_000761.xml,train
India_007011.xml,train
India_009151.xml,train
India_005001.xml,train
India_009654.xml,train
India_007459.xml,train
India_002835.xml,train
India_004817.xml,train
India_007536.xml,train
India_003135.xml,train
India_006715.xml,train
India_008436.xml,train
India_007723.xml,train
India_008087.xml,train
India_001451.xml,train
India_000862.xml,train
India_009869.xml,train
India_004343.xml,train
India_007570.xml,train
India_008597.xml,train
India_001990.xml,train
India_001251.xml,train
India_001629.xml,train
India_005295.xml,train
India_007693.xml,train
India_006877.xml,train
India_004212.xml,train
India_002752.xml,train
India_000188.xml,train
India_005043.xml,train
India_007999.xml,train
India_005233.xml,train
India_008898.xml,train
India_008198.xml,train
India_008094.xml,train
India_003368.xml,train
India_004706.xml,train
India_007247.xml,train
India_000694.xml,train
India_004509.xml,train
India_008841.xml,train
India_007496.xml,train
India_004342.xml,train
India_005762.xml,train
India_002049.xml,train
India_004441.xml,train
India_002003.xml,train
India_002273.xml,train
India_000758.xml,train
India_003249.xml,train
India_009738.xml,train
India_006737.xml,train
India_002890.xml,train
India_005330.xml,train
India_001798.xml,train
India_001849.xml,train
India_005537.xml,train
India_009136.xml,train
India_003361.xml,train
India_005927.xml,train
India_000663.xml,train
India_009524.xml,train
India_005979.xml,train
India_007123.xml,train
India_002979.xml,train
India_005492.xml,train
India_009457.xml,train
India_003885.xml,train
India_003815.xml,train
India_007634.xml,train
India_008672.xml,train
India_003567.xml,train
India_003370.xml,train
India_001587.xml,train
India_001491.xml,train
India_007056.xml,train
India_003536.xml,train
India_004592.xml,train
India_000665.xml,train
India_008385.xml,train
India_002292.xml,train
India_002280.xml,train
India_006464.xml,train
India_005141.xml,train
India_007610.xml,train
India_008042.xml,train
India_005419.xml,train
India_001750.xml,train
India_005303.xml,train
India_002379.xml,train
India_006927.xml,train
India_007024.xml,train
India_008495.xml,train
India_009509.xml,train
India_000282.xml,train
India_002624.xml,train
India_008774.xml,train
India_001113.xml,train
India_006037.xml,train
India_008850.xml,train
India_000272.xml,train
India_008789.xml,train
India_002750.xml,train
India_007686.xml,train
India_000223.xml,train
India_006229.xml,train
India_007733.xml,train
India_003825.xml,train
India_007383.xml,train
India_001958.xml,train
India_005702.xml,train
India_000769.xml,train
India_001588.xml,train
India_000257.xml,train
India_000982.xml,train
India_002528.xml,train
India_000073.xml,train
India_006677.xml,train
India_000907.xml,train
India_007742.xml,train
India_006657.xml,train
India_000290.xml,train
India_006055.xml,train
India_007587.xml,train
India_001058.xml,test
India_001948.xml,test
India_000535.xml,test
India_006451.xml,test
India_006186.xml,test
India_004905.xml,test
India_009567.xml,test
India_000225.xml,test
India_006808.xml,test
India_002811.xml,test
India_007511.xml,test
India_009601.xml,test
India_008627.xml,test
India_005404.xml,test
India_003021.xml,test
India_003963.xml,test
India_000291.xml,test
India_003029.xml,test
India_007439.xml,test
India_004181.xml,test
India_004093.xml,test
India_009733.xml,test
India_008261.xml,test
India_001018.xml,test
India_005991.xml,test
India_008988.xml,test
India_001210.xml,test
India_009415.xml,test
India_001085.xml,test
India_005941.xml,test
India_006459.xml,test
India_002600.xml,test
India_002481.xml,test
India_007730.xml,test
India_004039.xml,test
India_006368.xml,test
India_006793.xml,test
India_000339.xml,test
India_007175.xml,test
India_009246.xml,test
India_006430.xml,test
India_001956.xml,test
India_004463.xml,test
India_004682.xml,test
India_000921.xml,test
India_004522.xml,test
India_000746.xml,test
India_009226.xml,test
India_008207.xml,test
India_003262.xml,test
India_002486.xml,test
India_008915.xml,test
India_009626.xml,test
India_005078.xml,test
India_005442.xml,test
India_008423.xml,test
India_008306.xml,test
India_005243.xml,test
India_000320.xml,test
India_004912.xml,test
India_000027.xml,test
India_006730.xml,test
India_003526.xml,test
India_008116.xml,test
India_001604.xml,test
India_005106.xml,test
India_009798.xml,test
India_003829.xml,test
India_004593.xml,test
India_007822.xml,test
India_009210.xml,test
India_003897.xml,test
India_008054.xml,test
India_001139.xml,test
India_007032.xml,test
India_002148.xml,test
India_005920.xml,test
India_009448.xml,test
India_007218.xml,test
India_007160.xml,test
India_003523.xml,test
India_001936.xml,test
India_001436.xml,test
India_002449.xml,test
India_009255.xml,test
India_001866.xml,test
India_005822.xml,test
India_006491.xml,test
India_000933.xml,test
India_002261.xml,test
India_004550.xml,test
India_004747.xml,test
India_003060.xml,test
India_001843.xml,test
India_008393.xml,test
India_001305.xml,test
India_002050.xml,test
India_000987.xml,test
India_003410.xml,test
India_007211.xml,test
India_001160.xml,test
India_003784.xml,test
India_003983.xml,test
India_004010.xml,test
India_004603.xml,test
India_008396.xml,test
India_001860.xml,test
India_003239.xml,test
India_002614.xml,test
India_006525.xml,test
India_001508.xml,test
India_008886.xml,test
India_004626.xml,test
India_001362.xml,test
India_001252.xml,test
India_000721.xml,test
India_007020.xml,test
India_006357.xml,test
India_007613.xml,test
India_009638.xml,test
India_009782.xml,test
India_006056.xml,test
India_008286.xml,test
India_009406.xml,test
India_004890.xml,test
India_006192.xml,test
India_009358.xml,test
India_004781.xml,test
India_004756.xml,test
India_004763.xml,test
India_000837.xml,test
India_006906.xml,test
India_009438.xml,test
India_008805.xml,test
India_002815.xml,test
India_006179.xml,test
India_000951.xml,test
India_005173.xml,test
India_005427.xml,test
India_009501.xml,test
India_005433.xml,test
India_003914.xml,test
India_009882.xml,test
India_005845.xml,test
India_005479.xml,test
India_000083.xml,test
India_005724.xml,test
India_005552.xml,test
India_001061.xml,test
India_005007.xml,test
India_009410.xml,test
India_002713.xml,test
India_000124.xml,test
India_004977.xml,test
India_004070.xml,test
India_005444.xml,test
India_004427.xml,test
India_006300.xml,test
India_008903.xml,test
India_007088.xml,test
India_003465.xml,test
India_008217.xml,test
India_009659.xml,test
India_005987.xml,test
India_007180.xml,test
India_001567.xml,test
India_003051.xml,test
India_002056.xml,test
India_006069.xml,test
India_004288.xml,test
India_005354.xml,test
India_006634.xml,test
India_003513.xml,test
India_003399.xml,test
India_003864.xml,test
India_003747.xml,test
India_000804.xml,test
India_005862.xml,test
India_001171.xml,test
India_008263.xml,test
India_008792.xml,test
India_008558.xml,test
India_007486.xml,test
India_007537.xml,test
India_009605.xml,test
India_000738.xml,test
India_001779.xml,test
India_000910.xml,test
India_006929.xml,test
India_004532.xml,test
India_003975.xml,test
India_000445.xml,test
India_009142.xml,test
India_001502.xml,test
India_007841.xml,test
India_005961.xml,test
India_007465.xml,test
India_000630.xml,test
India_006958.xml,test
India_006478.xml,test
India_005041.xml,test
India_001302.xml,test
India_001387.xml,test
India_004619.xml,test
India_008706.xml,test
India_006917.xml,test
India_001401.xml,test
India_004464.xml,test
India_005318.xml,test
India_008733.xml,test
India_000517.xml,test
India_008297.xml,test
India_005514.xml,test
India_009090.xml,test
India_001558.xml,test
India_001494.xml,test
India_004688.xml,test
India_006026.xml,test
India_007838.xml,test
India_007312.xml,test
India_008230.xml,test
India_003319.xml,test
India_003530.xml,test
India_008480.xml,test
India_005879.xml,test
India_005024.xml,test
India_002133.xml,test
India_007276.xml,test
India_002301.xml,test
India_008815.xml,test
India_000466.xml,test
India_004872.xml,test
India_009717.xml,test
India_007646.xml,test
India_009436.xml,test
India_000870.xml,test
India_008056.xml,test
India_007784.xml,test
India_001411.xml,test
India_006813.xml,test
India_006204.xml,test
India_003471.xml,test
India_003724.xml,test
India_002296.xml,test
India_001232.xml,test
India_005226.xml,test
India_000538.xml,test
India_008842.xml,test
India_009542.xml,test
India_005598.xml,test
India_009348.xml,test
India_006822.xml,test
India_005394.xml,test
India_000361.xml,test
India_003374.xml,test
India_001482.xml,test
India_002793.xml,test
India_000751.xml,test
India_009525.xml,test
India_008846.xml,test
India_001673.xml,test
India_002284.xml,test
India_000888.xml,test
India_002433.xml,test
India_001281.xml,test
India_005032.xml,test
India_008604.xml,test
India_007025.xml,test
India_008963.xml,test
India_001193.xml,test
India_003314.xml,test
India_009181.xml,test
India_005843.xml,test
India_003732.xml,test
India_005267.xml,test
India_007590.xml,test
India_002136.xml,test
India_001861.xml,test
India_009116.xml,test
India_001327.xml,test
India_002364.xml,test
India_000140.xml,test
India_008105.xml,test
India_006205.xml,test
India_005923.xml,test
India_002621.xml,test
India_002311.xml,test
India_004403.xml,test
India_007533.xml,test
India_007770.xml,test
India_001952.xml,test
India_008999.xml,test
India_007153.xml,test
India_000554.xml,test
India_002239.xml,test
India_007882.xml,test
India_001318.xml,test
India_004172.xml,test
India_005768.xml,test
India_004581.xml,test
India_002378.xml,test
India_002765.xml,test
India_009454.xml,test
India_004365.xml,test
India_007520.xml,test
India_009086.xml,test
India_007135.xml,test
India_006644.xml,test
India_009704.xml,test
India_002640.xml,test
India_004044.xml,test
India_007073.xml,test
India_009342.xml,test
India_006361.xml,test
India_001888.xml,test
India_008314.xml,test
India_009513.xml,test
India_002695.xml,test
India_001757.xml,test
India_005859.xml,test
India_000591.xml,test
India_005210.xml,test
India_005881.xml,test
India_003464.xml,test
India_005171.xml,test
India_005515.xml,test
India_009394.xml,test
India_001851.xml,test
India_002456.xml,test
India_002569.xml,test
India_004425.xml,test
India_002470.xml,test
India_004840.xml,test
India_009222.xml,test
India_006650.xml,test
India_000297.xml,test
India_008543.xml,test
India_004415.xml,test
India_009375.xml,test
India_007183.xml,test
India_008574.xml,test
India_001403.xml,test
India_005803.xml,test
India_003969.xml,test
India_005263.xml,test
India_003760.xml,test
India_007852.xml,test
India_006126.xml,test
India_000937.xml,test
India_006386.xml,test
India_009408.xml,test
India_004340.xml,test
India_006758.xml,test
India_009294.xml,test
India_005639.xml,test
India_008484.xml,test
India_004810.xml,test
India_001802.xml,test
India_003462.xml,test
India_000118.xml,test
India_001617.xml,test
India_007887.xml,test
India_006372.xml,test
India_007561.xml,test
India_009495.xml,test
India_000651.xml,test
India_009602.xml,test
India_008661.xml,test
India_004798.xml,test
India_009600.xml,test
India_003754.xml,test
India_003427.xml,test
India_001307.xml,test
India_006094.xml,test
India_003684.xml,test
India_003926.xml,test
India_003192.xml,test
India_007478.xml,test
India_004575.xml,test
India_006905.xml,test
India_001753.xml,test
India_009341.xml,test
India_001164.xml,test
India_003647.xml,test
India_006666.xml,test
India_005772.xml,test
India_005793.xml,test
India_004450.xml,test
India_005542.xml,test
India_005469.xml,test
India_005622.xml,test
India_005376.xml,test
India_008785.xml,test
India_009875.xml,test
India_008458.xml,test
India_002113.xml,test
India_004485.xml,test
India_006502.xml,test
India_001711.xml,test
India_001713.xml,test
India_005903.xml,test
India_009017.xml,test
India_001599.xml,test
India_002022.xml,test
India_009589.xml,test
India_008293.xml,test
India_008064.xml,test
India_001200.xml,test
India_007979.xml,test
India_002361.xml,test
India_004053.xml,test
India_008940.xml,test
India_000081.xml,test
India_008528.xml,test
India_002757.xml,test
India_000379.xml,test
India_006490.xml,test
India_003136.xml,test
India_007666.xml,test
India_005593.xml,test
India_002772.xml,test
India_001988.xml,test
India_002326.xml,test
India_002428.xml,test
India_007484.xml,test
India_006629.xml,test
India_006969.xml,test
India_007278.xml,test
India_004355.xml,test
India_005700.xml,test
India_009867.xml,test
India_004608.xml,test
India_001809.xml,test
India_008912.xml,test
India_005279.xml,test
India_009224.xml,test
India_005519.xml,test
India_003302.xml,test
India_004332.xml,test
India_009625.xml,test
India_000043.xml,test
India_004924.xml,test
India_002949.xml,test
India_001458.xml,test
India_000562.xml,test
India_009412.xml,test
India_003831.xml,test
India_008146.xml,test
India_003542.xml,test
India_000847.xml,test
India_005877.xml,test
India_005765.xml,test
India_000325.xml,test
India_007555.xml,test
India_001351.xml,test
India_007862.xml,test
India_000151.xml,test
India_007197.xml,test
India_003605.xml,test
India_009683.xml,test
India_000978.xml,test
India_001086.xml,test
India_001259.xml,test
India_006992.xml,test
India_000358.xml,test
India_006778.xml,test
India_006455.xml,test
India_006660.xml,test
India_005794.xml,test
India_003862.xml,test
India_009758.xml,test
India_004038.xml,test
India_006961.xml,test
India_008704.xml,test
India_004777.xml,test
India_007207.xml,test
India_005686.xml,test
India_001913.xml,test
India_004702.xml,test
India_006979.xml,test
India_000577.xml,test
India_002565.xml,test
India_002508.xml,test
India_003622.xml,test
India_008370.xml,test
India_008267.xml,test
India_003207.xml,test
India_000119.xml,test
India_004856.xml,test
India_003726.xml,test
India_004642.xml,test
India_006685.xml,test
India_003519.xml,test
India_006244.xml,test
India_001481.xml,test
India_008049.xml,test
India_009606.xml,test
India_004460.xml,test
India_004229.xml,test
India_000659.xml,test
India_007557.xml,test
India_002900.xml,test
India_008175.xml,test
India_006409.xml,test
India_006531.xml,test
India_009040.xml,test
India_004751.xml,test
India_000382.xml,test
India_004459.xml,test
India_007104.xml,test
India_008802.xml,test
India_006942.xml,test
India_000406.xml,test
India_002623.xml,test
India_003671.xml,test
India_001854.xml,test
India_005864.xml,test
India_004764.xml,test
India_005605.xml,test
India_009533.xml,test
India_008616.xml,test
India_008351.xml,test
India_003190.xml,test
India_007932.xml,test
India_009715.xml,test
India_000229.xml,test
India_000842.xml,test
India_009141.xml,test
India_001749.xml,test
India_002128.xml,test
India_009722.xml,test
India_007263.xml,test
India_008278.xml,test
India_001894.xml,test
India_007761.xml,test
India_007155.xml,test
India_008979.xml,test
India_002357.xml,test
India_001786.xml,test
India_002143.xml,test
India_006462.xml,test
India_000383.xml,test
India_005521.xml,test
India_007224.xml,test
India_005191.xml,test
India_008838.xml,test
India_009459.xml,test
India_000449.xml,test
India_006199.xml,test
India_004191.xml,test
India_008101.xml,test
India_001260.xml,test
India_007689.xml,test
India_008503.xml,test
India_009046.xml,test
India_004001.xml,test
India_005546.xml,test
India_005540.xml,test
India_005747.xml,test
India_007039.xml,test
India_006945.xml,test
India_002525.xml,test
India_000582.xml,test
India_007086.xml,test
India_003359.xml,test
India_009650.xml,test
India_002027.xml,test
India_004942.xml,test
India_008489.xml,test
India_000319.xml,test
India_003260.xml,test
India_009696.xml,test
India_008794.xml,test
India_000598.xml,test
India_008739.xml,test
India_007430.xml,test
India_002459.xml,test
India_005026.xml,test
India_003088.xml,test
India_005944.xml,test
India_003300.xml,test
India_003598.xml,test
India_004205.xml,test
India_009790.xml,test
India_008197.xml,test
India_005746.xml,test
India_006115.xml,test
India_003964.xml,test
India_006931.xml,test
India_005526.xml,test
India_005441.xml,test
India_008309.xml,test
India_006876.xml,test
India_007508.xml,test
India_000957.xml,test
India_007604.xml,test
India_004830.xml,test
India_009370.xml,test
India_006043.xml,test
India_006746.xml,test
India_000373.xml,test
India_006167.xml,test
India_006146.xml,test
India_009320.xml,test
India_003502.xml,test
India_003656.xml,test
India_009843.xml,test
India_005988.xml,test
India_003106.xml,test
India_009391.xml,test
India_001910.xml,test
India_002541.xml,test
India_004726.xml,test
India_000279.xml,test
India_002803.xml,test
India_008731.xml,test
India_003923.xml,test
India_002341.xml,test
India_001179.xml,test
India_001059.xml,test
India_000791.xml,test
India_008103.xml,test
India_002745.xml,test
India_007108.xml,test
India_009417.xml,test
India_004639.xml,test
India_005307.xml,test
India_004904.xml,test
India_005333.xml,test
India_003347.xml,test
India_003947.xml,test
India_002530.xml,test
India_003677.xml,test
India_004150.xml,test
India_004718.xml,test
India_007664.xml,test
India_001556.xml,test
India_007489.xml,test
India_006676.xml,test
India_005021.xml,test
India_006428.xml,test
India_003520.xml,test
India_006181.xml,test
India_007703.xml,test
India_002970.xml,test
India_005726.xml,test
India_005107.xml,test
India_009209.xml,test
India_006909.xml,test
India_007907.xml,test
India_006319.xml,test
India_006991.xml,test
India_008523.xml,test
India_007879.xml,test
India_001664.xml,test
India_006407.xml,test
India_008266.xml,test
India_003554.xml,test
India_009220.xml,test
India_007992.xml,test
India_008221.xml,test
India_004891.xml,test
India_009225.xml,test
India_004686.xml,test
India_001110.xml,test
India_006916.xml,test
India_007370.xml,test
India_008461.xml,test
India_008017.xml,test
India_003959.xml,test
India_004978.xml,test
India_003627.xml,test
India_007585.xml,test
India_000199.xml,test
India_003344.xml,test
India_000040.xml,test
India_002782.xml,test
India_000497.xml,test
India_002885.xml,test
India_008045.xml,test
India_002735.xml,test
India_005886.xml,test
India_008268.xml,test
India_009677.xml,test
India_009674.xml,test
India_009585.xml,test
India_000326.xml,test
India_001541.xml,test
India_004124.xml,test
India_000414.xml,test
India_009168.xml,test
India_000558.xml,test
India_003070.xml,test
India_002066.xml,test
India_004171.xml,test
India_009451.xml,test
India_009176.xml,test
India_004255.xml,test
India_002046.xml,test
India_002818.xml,test
India_002034.xml,test
India_008429.xml,test
India_001778.xml,test
India_007012.xml,test
India_000384.xml,test
India_002947.xml,test
India_002435.xml,test
India_008683.xml,test
India_003253.xml,test
India_002278.xml,test
India_001834.xml,test
India_006865.xml,test
India_008969.xml,test
India_008225.xml,test
India_000661.xml,test
India_007171.xml,test
India_003552.xml,test
India_006295.xml,test
India_005935.xml,test
India_008933.xml,test
India_003023.xml,test
India_003985.xml,test
India_002480.xml,test
India_005474.xml,test
India_003056.xml,test
India_005788.xml,test
India_007376.xml,test
India_005159.xml,test
India_005709.xml,test
India_004451.xml,test
India_007735.xml,test
India_009517.xml,test
India_007692.xml,test
India_008407.xml,test
India_006216.xml,test
India_009007.xml,test
India_000067.xml,test
India_003631.xml,test
India_008570.xml,test
India_006516.xml,test
India_000309.xml,test
India_006250.xml,test
India_007492.xml,test
India_009020.xml,test
India_007206.xml,test
India_008204.xml,test
India_007768.xml,test
India_003579.xml,test
India_001254.xml,test
India_007572.xml,test
India_009183.xml,test
India_005940.xml,test
India_005565.xml,test
India_000963.xml,test
India_000599.xml,test
India_005520.xml,test
India_008113.xml,test
India_004045.xml,test
India_007311.xml,test
India_007627.xml,test
India_003953.xml,test
India_007284.xml,test
India_004147.xml,test
India_006314.xml,test
India_003944.xml,test
India_000410.xml,test
India_007282.xml,test
India_004521.xml,test
India_003939.xml,test
India_004855.xml,test
India_001714.xml,test
India_000108.xml,test
India_005618.xml,test
India_002275.xml,test
India_005200.xml,test
India_000496.xml,test
India_000485.xml,test
India_009693.xml,test
India_003074.xml,test
India_002274.xml,test
India_003577.xml,test
India_002437.xml,test
India_003903.xml,test
India_007911.xml,test
India_006703.xml,test
India_007309.xml,test
India_005757.xml,test
India_007059.xml,test
India_005875.xml,test
India_004176.xml,test
India_008395.xml,test
India_000718.xml,test
India_001868.xml,test
India_001405.xml,test
India_002249.xml,test
India_005973.xml,test
India_003483.xml,test
India_003899.xml,test
India_000209.xml,test
India_001027.xml,test
India_002387.xml,test
India_005912.xml,test
India_002717.xml,test
India_001702.xml,test
India_004599.xml,test
India_001788.xml,test
India_005647.xml,test
India_003569.xml,test
India_009425.xml,test
India_009765.xml,test
India_009185.xml,test
India_000722.xml,test
India_001764.xml,test
India_009376.xml,test
India_005118.xml,test
India_002596.xml,test
India_000455.xml,test
India_004934.xml,test
India_007330.xml,test
India_009619.xml,test
India_009270.xml,test
India_009251.xml,test
India_000691.xml,test
India_008618.xml,test
India_000697.xml,test
India_004109.xml,test
India_000126.xml,test
India_008137.xml,test
India_003884.xml,test
India_000618.xml,test
India_000055.xml,test
India_009801.xml,test
India_004066.xml,test
India_005438.xml,test
India_006326.xml,test
India_006681.xml,test
India_001129.xml,test
India_003594.xml,test
India_009789.xml,test
India_001053.xml,test
India_004306.xml,test
India_002932.xml,test
India_007748.xml,test
India_001539.xml,test
India_002956.xml,test
India_000748.xml,test
India_006790.xml,test
India_001090.xml,test
India_007981.xml,test
India_004388.xml,test
India_003533.xml,test
India_003065.xml,test
India_008813.xml,test
India_007221.xml,test
India_003224.xml,test
India_006046.xml,test
India_001681.xml,test
India_003297.xml,test
India_000826.xml,test
India_008189.xml,test
India_001079.xml,test
India_007127.xml,test
India_008459.xml,test
India_000999.xml,test
India_004750.xml,test
India_002112.xml,test
India_003365.xml,test
India_002187.xml,test
India_000405.xml,test
India_009060.xml,test
India_005930.xml,test
India_005368.xml,test
India_000059.xml,test
India_006278.xml,test
India_005225.xml,test
India_002859.xml,test
India_000819.xml,test
India_003793.xml,test
India_004836.xml,test
India_006673.xml,test
India_002808.xml,test
India_001526.xml,test
India_004865.xml,test
India_005698.xml,test
India_004986.xml,test
India_008916.xml,test
India_003146.xml,test
India_002539.xml,test
India_005423.xml,test
India_002792.xml,test
India_007965.xml,test
India_002248.xml,test
India_008044.xml,test
India_009684.xml,test
India_005293.xml,test
India_009603.xml,test
India_009232.xml,test
India_004292.xml,test
India_008327.xml,test
India_008766.xml,test
India_006288.xml,test
India_006420.xml,test
India_000865.xml,test
India_002913.xml,test
India_002173.xml,test
India_008675.xml,test
India_001072.xml,test
India_006222.xml,test
India_009680.xml,test
India_002868.xml,test
India_001455.xml,test
India_001962.xml,test
India_000498.xml,test
India_002631.xml,test
India_001872.xml,test
India_003602.xml,test
India_009150.xml,test
India_006175.xml,test
India_000585.xml,test
India_005331.xml,test
India_001377.xml,test
India_002192.xml,test
India_001353.xml,test
India_000997.xml,test
India_005034.xml,test
India_004376.xml,test
India_002867.xml,test
India_007301.xml,test
India_001287.xml,test
India_000692.xml,test
India_009719.xml,test
India_003054.xml,test
India_001571.xml,test
India_000614.xml,test
India_003027.xml,test
India_004716.xml,test
India_009148.xml,test
India_003342.xml,test
India_000652.xml,test
India_009162.xml,test
India_005129.xml,test
India_005507.xml,test
India_009273.xml,test
India_001313.xml,test
India_003339.xml,test
India_006331.xml,test
India_006221.xml,test
India_002585.xml,test
India_001698.xml,test
India_001161.xml,test
India_003182.xml,test
India_006166.xml,test
India_004213.xml,test
India_001733.xml,test
India_008464.xml,test
India_000511.xml,test
India_004399.xml,test
India_007022.xml,test
India_003185.xml,test
India_000881.xml,test
India_008726.xml,test
India_000115.xml,test
India_001057.xml,test
India_005120.xml,test
India_000893.xml,test
India_009618.xml,test
India_001422.xml,test
India_000648.xml,test
India_003512.xml,test
India_002342.xml,test
India_002242.xml,test
India_001147.xml,test
India_004163.xml,test
India_006576.xml,test
India_009131.xml,test
India_006893.xml,test
India_005165.xml,test
India_007418.xml,test
India_005533.xml,test
India_002271.xml,test
India_004302.xml,test
India_005748.xml,test
India_004744.xml,test
India_006740.xml,test
India_007849.xml,test
India_007801.xml,test
India_005693.xml,test
India_007232.xml,test
India_006403.xml,test
India_009544.xml,test
India_009039.xml,test
India_000473.xml,test
India_001003.xml,test
India_006036.xml,test
India_004665.xml,test
India_006246.xml,test
India_009221.xml,test
India_003179.xml,test
India_001879.xml,test
India_001783.xml,test
India_007365.xml,test
India_002667.xml,test
India_006241.xml,test
India_001000.xml,test
India_006588.xml,test
India_000467.xml,test
India_008284.xml,test
India_009872.xml,test
India_004507.xml,test
India_005949.xml,test
India_005389.xml,test
India_009198.xml,test
India_009237.xml,test
India_009177.xml,test
India_003015.xml,test
India_004806.xml,test
India_009840.xml,test
India_004570.xml,test
India_006596.xml,test
India_008888.xml,test
India_008654.xml,test
India_000423.xml,test
India_005047.xml,test
India_005994.xml,test
India_002047.xml,test
India_005813.xml,test
India_006171.xml,test
India_005798.xml,test
India_005956.xml,test
India_006592.xml,test
India_000295.xml,test
India_006796.xml,test
India_000123.xml,test
India_009035.xml,test
India_001459.xml,test
India_000168.xml,test
India_004518.xml,test
India_006579.xml,test
India_006381.xml,test
India_000799.xml,test
India_001844.xml,test
India_004604.xml,test
India_003667.xml,test
India_004877.xml,test
India_007589.xml,test
India_005502.xml,test
India_008272.xml,test
India_009095.xml,test
India_005121.xml,test
India_009219.xml,test
India_002075.xml,test
India_003129.xml,test
India_005382.xml,test
India_005883.xml,test
India_006728.xml,test
India_002078.xml,test
India_005276.xml,test
India_002237.xml,test
India_005807.xml,test
India_008343.xml,test
India_006125.xml,test
India_008660.xml,test
India_005525.xml,test
India_000542.xml,test
India_002101.xml,test
India_009030.xml,test
India_008244.xml,test
India_008474.xml,test
India_006392.xml,test
India_008400.xml,test
India_006944.xml,test
India_003039.xml,test
India_006160.xml,test
India_001357.xml,test
India_002742.xml,test
India_009579.xml,test
India_003865.xml,test
India_003565.xml,test
India_001755.xml,test
India_001420.xml,test
India_004907.xml,test
India_003968.xml,test
India_002995.xml,test
India_007698.xml,test
India_001996.xml,test
India_006120.xml,test
India_004627.xml,test
India_001020.xml,test
India_000569.xml,test
India_001720.xml,test
India_005980.xml,test
India_001579.xml,test
India_001506.xml,test
India_009163.xml,test
India_008052.xml,test
India_000867.xml,test
India_008388.xml,test
India_004161.xml,test
India_001677.xml,test
India_006648.xml,test
India_005977.xml,test
India_005242.xml,test
India_004898.xml,test
India_008145.xml,test
India_003573.xml,test
India_002896.xml,test
India_002013.xml,test
India_005278.xml,test
India_007322.xml,test
India_005964.xml,test
India_002504.xml,test
India_006960.xml,test
India_004392.xml,test
India_002917.xml,test
India_003486.xml,test
India_009182.xml,test
India_006769.xml,test
India_006885.xml,test
India_000736.xml,test
India_001792.xml,test
India_003532.xml,test
India_006061.xml,test
India_007987.xml,test
India_002926.xml,test
India_005732.xml,test
India_008294.xml,test
India_003878.xml,test
India_003904.xml,test
India_003816.xml,test
India_002681.xml,test
India_001372.xml,test
India_000276.xml,test
India_002060.xml,test
India_009824.xml,test
India_001278.xml,test
India_001340.xml,test
India_003714.xml,test
India_008068.xml,test
India_003389.xml,test
India_008576.xml,test
India_003745.xml,test
India_000453.xml,test
India_005360.xml,test
India_005919.xml,test
India_003962.xml,test
India_000177.xml,test
India_006434.xml,test
India_006817.xml,test
India_005900.xml,test
India_001560.xml,test
India_008238.xml,test
India_006682.xml,test
India_004359.xml,test
India_007578.xml,test
India_006862.xml,test
India_004011.xml,test
India_007919.xml,test
India_002180.xml,test
India_005626.xml,test
India_003839.xml,test
India_000018.xml,test
India_004937.xml,test
India_007807.xml,test
India_002962.xml,test
India_005093.xml,test
India_006686.xml,test
India_003806.xml,test
India_005079.xml,test
India_002299.xml,test
India_009005.xml,test
India_004456.xml,test
India_001474.xml,test
India_003741.xml,test
India_000085.xml,test
India_008403.xml,test
India_007658.xml,test
India_001503.xml,test
India_004524.xml,test
India_007075.xml,test
India_007479.xml,test
India_006029.xml,test
India_009829.xml,test
India_006735.xml,test
India_008332.xml,test
India_007130.xml,test
India_003091.xml,test
India_002991.xml,test
India_004510.xml,test
India_008810.xml,test
India_004947.xml,test
India_001182.xml,test
India_009144.xml,test
India_004144.xml,test
India_007654.xml,test
India_009036.xml,test
India_005494.xml,test
India_008750.xml,test
India_004028.xml,test
India_008322.xml,test
India_002546.xml,test
India_004767.xml,test
India_004533.xml,test
India_005721.xml,test
India_003618.xml,test
India_007117.xml,test
India_002706.xml,test
India_000848.xml,test
India_008359.xml,test
India_007230.xml,test
India_001265.xml,test
India_007853.xml,test
India_000259.xml,test
India_000197.xml,test
India_000941.xml,test
India_002095.xml,test
India_001368.xml,test
India_007655.xml,test
India_003498.xml,test
India_003171.xml,test
India_002417.xml,test
India_007949.xml,test
India_007174.xml,test
India_003921.xml,test
India_002025.xml,test
India_008100.xml,test
India_003183.xml,test
India_003055.xml,test
India_002307.xml,test
India_006408.xml,test
India_005882.xml,test
India_005326.xml,test
India_001845.xml,test
India_002901.xml,test
India_000366.xml,test
India_007212.xml,test
India_009667.xml,test
India_005015.xml,test
India_008537.xml,test
India_007182.xml,test
India_000269.xml,test
India_003721.xml,test
India_004827.xml,test
India_007922.xml,test
India_001141.xml,test
India_006183.xml,test
India_002983.xml,test
India_001007.xml,test
India_005148.xml,test
India_003274.xml,test
India_007778.xml,test
India_000088.xml,test
India_000863.xml,test
India_000160.xml,test
India_003929.xml,test
India_008702.xml,test
India_003406.xml,test
India_009218.xml,test
India_008720.xml,test
India_003716.xml,test
India_006599.xml,test
India_004419.xml,test
India_005019.xml,test
India_008254.xml,test
India_005033.xml,test
India_004745.xml,test
India_006127.xml,test
India_002201.xml,test
India_007909.xml,test
India_009315.xml,test
India_001309.xml,test
India_006499.xml,test
India_005998.xml,test
India_007231.xml,test
India_000740.xml,test
India_000533.xml,test
India_009282.xml,test
India_006806.xml,test
India_001270.xml,test
India_007462.xml,test
India_007796.xml,test
India_004826.xml,test
India_001610.xml,test
India_005978.xml,test
India_001625.xml,test
India_008374.xml,test
India_000116.xml,test
India_000962.xml,test
India_007933.xml,test
India_007671.xml,test
India_006466.xml,test
India_006663.xml,test
India_001765.xml,test
India_002505.xml,test
India_002515.xml,test
India_003334.xml,test
India_003850.xml,test
India_004641.xml,test
India_001636.xml,test
India_004983.xml,test
India_008887.xml,test
India_000646.xml,test
India_007219.xml,test
India_002127.xml,test
India_005350.xml,test
India_006826.xml,test
India_002726.xml,test
India_004064.xml,test
India_005348.xml,test
India_003096.xml,test
India_000727.xml,test
India_002998.xml,test
India_000866.xml,test
India_004640.xml,test
India_004234.xml,test
India_006315.xml,test
India_008010.xml,test
India_005706.xml,test
India_000127.xml,test
India_002863.xml,test
India_006223.xml,test
India_004676.xml,test
India_000503.xml,test
India_001064.xml,test
India_004169.xml,test
India_003403.xml,test
India_005437.xml,test
India_005518.xml,test
India_005029.xml,test
India_003837.xml,test
India_004831.xml,test
India_005817.xml,test
India_007363.xml,test
India_002850.xml,test
India_000447.xml,test
India_005116.xml,test
India_000362.xml,test
India_007441.xml,test
India_006501.xml,test
India_000057.xml,test
India_003257.xml,test
India_000806.xml,test
India_005228.xml,test
India_003753.xml,test
India_007886.xml,test
India_001052.xml,test
India_000993.xml,test
India_004555.xml,test
India_001581.xml,test
India_009467.xml,test
India_002616.xml,test
India_001521.xml,test
India_006586.xml,test
India_006561.xml,test
India_009161.xml,test
India_009612.xml,test
India_009471.xml,test
India_008921.xml,test
India_000775.xml,test
India_002787.xml,test
India_007614.xml,test
India_007451.xml,test
India_003568.xml,test
India_006646.xml,test
India_009749.xml,test
India_008982.xml,test
India_005337.xml,test
India_002628.xml,test
India_006996.xml,test
India_005972.xml,test
India_001661.xml,test
India_004792.xml,test
India_009207.xml,test
India_003811.xml,test
India_007725.xml,test
India_006333.xml,test
India_005865.xml,test
India_002076.xml,test
India_006829.xml,test
India_009577.xml,test
India_008784.xml,test
India_002011.xml,test
India_000681.xml,test
India_006816.xml,test
India_006589.xml,test
India_003303.xml,test
India_004693.xml,test
India_003928.xml,test
India_004556.xml,test
India_009057.xml,test
India_001201.xml,test
India_003572.xml,test
India_009474.xml,test
India_003458.xml,test
India_000495.xml,test
India_001780.xml,test
India_009841.xml,test
India_006875.xml,test
India_001827.xml,test
India_004918.xml,test
India_008853.xml,test
India_008307.xml,test
India_006712.xml,test
India_008990.xml,test
India_005512.xml,test
India_004408.xml,test
India_009573.xml,test
India_004437.xml,test
India_005198.xml,test
India_008980.xml,test
India_005003.xml,test
India_008608.xml,test
India_005898.xml,test
India_001811.xml,test
India_004264.xml,test
India_004438.xml,test
India_006954.xml,test
India_000857.xml,test
India_002188.xml,test
India_001880.xml,test
India_004249.xml,test
India_007769.xml,test
India_007662.xml,test
India_007187.xml,test
India_007937.xml,test
India_002244.xml,test
India_001292.xml,test
India_007113.xml,test
India_005097.xml,test
India_005108.xml,test
India_001676.xml,test
India_007787.xml,test
India_004572.xml,test
India_006414.xml,test
India_000224.xml,test
India_008413.xml,test
India_005933.xml,test
India_003215.xml,test
India_006519.xml,test
India_007899.xml,test
India_006702.xml,test
India_008265.xml,test
India_006912.xml,test
India_001299.xml,test
India_002004.xml,test
India_007009.xml,test
India_003358.xml,test
India_007534.xml,test
India_002618.xml,test
India_001914.xml,test
India_002675.xml,test
India_004231.xml,test
India_006668.xml,test
India_008928.xml,test
India_006882.xml,test
India_005169.xml,test
India_008825.xml,test
India_008220.xml,test
India_002028.xml,test
India_002659.xml,test
India_004444.xml,test
India_008028.xml,test
India_007679.xml,test
India_006601.xml,test
India_001717.xml,test
India_007313.xml,test
India_009553.xml,test
India_003949.xml,test
India_001748.xml,test
India_005853.xml,test
India_006260.xml,test
India_000418.xml,test
India_006564.xml,test
India_000522.xml,test
India_009657.xml,test
India_005640.xml,test
India_000593.xml,test
India_007765.xml,test
India_001132.xml,test
India_007956.xml,test
India_000589.xml,test
India_008910.xml,test
India_000620.xml,test
India_008971.xml,test
India_009422.xml,test
India_009280.xml,test
India_009157.xml,test
India_008629.xml,test
India_009271.xml,test
India_002906.xml,test
India_004132.xml,test
India_000611.xml,test
India_000130.xml,test
India_005767.xml,test
India_003490.xml,test
India_006446.xml,test
India_008650.xml,test
India_004434.xml,test
India_003635.xml,test
India_007304.xml,test
India_003958.xml,test
India_003266.xml,test
India_004146.xml,test
India_005775.xml,test
India_003810.xml,test
India_004965.xml,test
India_009405.xml,test
India_003823.xml,test
India_001393.xml,test
India_004812.xml,test
India_008925.xml,test
India_007781.xml,test
India_005218.xml,test
India_002327.xml,test
India_003617.xml,test
India_001002.xml,test
India_001649.xml,test
India_006943.xml,test
India_006137.xml,test
India_004015.xml,test
India_004765.xml,test
India_004130.xml,test
India_005821.xml,test
India_004835.xml,test
India_007871.xml,test
India_005734.xml,test
India_009521.xml,test
India_000351.xml,test
India_008494.xml,test
India_003013.xml,test
India_004698.xml,test
India_003538.xml,test
India_003473.xml,test
India_003717.xml,test
India_002839.xml,test
India_005063.xml,test
India_008814.xml,test
India_006706.xml,test
India_002820.xml,test
India_002230.xml,test
India_000501.xml,test
India_001565.xml,test
India_004413.xml,test
